#pragma once
#include <Arduino.h>

const uint16_t iconW = 25;
const uint16_t iconH = 25;
const uint16_t bigIconW = 54;
const uint16_t bigIconH = 54;

const uint16_t eliminarD[] PROGMEM = {
    0x0000, 0x0000, 0x0000, 0x0000, 0x0000, 0x0000, 0x0000, 0x0000, 0x0000, 0x0000, 0x0000, 0x0000, 0x0000, 0x0000, 0x0000, 0x0000,
    0x0000, 0x0000, 0x0000, 0x0000, 0x0000, 0x0000, 0x0000, 0x0000, 0x0000, 0x0000, 0xd000, 0xd000, 0x0000, 0x0000, 0x0000, 0x0000,
    0x0000, 0x0000, 0x0000, 0x0000, 0x0000, 0x0000, 0x0000, 0x0000, 0x0000, 0x0000, 0x0000, 0x0000, 0x0000, 0x0000, 0x0000, 0xd000,
    0xd000, 0x0000, 0x0000, 0xd000, 0xd000, 0xd000, 0x0000, 0x0000, 0x0000, 0x0000, 0x0000, 0x0000, 0x0000, 0x0000, 0x0000, 0x0000,
    0x0000, 0x0000, 0x0000, 0x0000, 0x0000, 0x0000, 0x0000, 0xd000, 0xd000, 0xd000, 0x0000, 0x0000, 0x0000, 0xd000, 0xd000, 0xd000,
    0x0000, 0x0000, 0x0000, 0x0000, 0x0000, 0x0000, 0x0000, 0x0000, 0x0000, 0x0000, 0x0000, 0x0000, 0x0000, 0x0000, 0x0000, 0xd000,
    0xd000, 0xd000, 0x0000, 0x0000, 0x0000, 0x0000, 0x0000, 0xd000, 0xd000, 0xd000, 0x0000, 0x0000, 0x0000, 0x0000, 0x0000, 0x0000,
    0x0000, 0x0000, 0x0000, 0x0000, 0x0000, 0x0000, 0x0000, 0xd000, 0xd000, 0xd000, 0x0000, 0x0000, 0x0000, 0x0000, 0x0000, 0x0000,
    0x0000, 0xd000, 0xd000, 0xd000, 0x0000, 0x0000, 0x0000, 0x0000, 0x0000, 0x0000, 0x0000, 0x0000, 0x0000, 0x0000, 0x0000, 0xd000,
    0xd000, 0xd000, 0x0000, 0x0000, 0x0000, 0x0000, 0x0000, 0x0000, 0x0000, 0x0000, 0x0000, 0xd000, 0xd000, 0xd000, 0x0000, 0x0000,
    0x0000, 0x0000, 0x0000, 0x0000, 0x0000, 0x0000, 0x0000, 0xd000, 0xd000, 0xd000, 0x0000, 0x0000, 0x0000, 0x0000, 0x0000, 0x0000,
    0x0000, 0x0000, 0x0000, 0x0000, 0x0000, 0xd000, 0xd000, 0xd000, 0x0000, 0x0000, 0x0000, 0x0000, 0x0000, 0x0000, 0x0000, 0xd000,
    0xd000, 0xd000, 0x0000, 0x0000, 0x0000, 0x0000, 0x0000, 0x0000, 0x0000, 0x0000, 0x0000, 0x0000, 0x0000, 0x0000, 0x0000, 0xd000,
    0xd000, 0xd000, 0x0000, 0x0000, 0x0000, 0x0000, 0x0000, 0xd000, 0xd000, 0xd000, 0x0000, 0x0000, 0x0000, 0x0000, 0x0000, 0x0000,
    0x0000, 0x0000, 0x0000, 0x0000, 0x0000, 0x0000, 0x0000, 0x0000, 0x0000, 0xd000, 0xd000, 0xd000, 0x0000, 0x0000, 0x0000, 0xd000,
    0xd000, 0xd000, 0x0000, 0x0000, 0x0000, 0x0000, 0x0000, 0x0000, 0x0000, 0x0000, 0x0000, 0x0000, 0x0000, 0x0000, 0x0000, 0x0000,
    0x0000, 0x0000, 0x0000, 0xd000, 0xd000, 0xd000, 0x0000, 0xd000, 0xd000, 0xd000, 0x0000, 0x0000, 0x0000, 0x0000, 0x0000, 0x0000,
    0x0000, 0x0000, 0x0000, 0x0000, 0x0000, 0x0000, 0x0000, 0x0000, 0x0000, 0x0000, 0x0000, 0x0000, 0x0000, 0xd000, 0xd000, 0xd000,
    0xd000, 0xd000, 0x0000, 0x0000, 0x0000, 0x0000, 0x0000, 0x0000, 0x0000, 0x0000, 0x0000, 0x0000, 0x0000, 0x0000, 0x0000, 0x0000,
    0x0000, 0x0000, 0x0000, 0x0000, 0x0000, 0x0000, 0x0000, 0xd000, 0xd000, 0xd000, 0x0000, 0x0000, 0x0000, 0x0000, 0x0000, 0x0000,
    0x0000, 0x0000, 0x0000, 0x0000, 0x0000, 0x0000, 0x0000, 0x0000, 0x0000, 0x0000, 0x0000, 0x0000, 0x0000, 0x0000, 0x0000, 0xd000,
    0xd000, 0xd000, 0xd000, 0xd000, 0x0000, 0x0000, 0x0000, 0x0000, 0x0000, 0x0000, 0x0000, 0x0000, 0x0000, 0x0000, 0x0000, 0x0000,
    0x0000, 0x0000, 0x0000, 0x0000, 0x0000, 0x0000, 0x0000, 0xd000, 0xd000, 0xd000, 0x0000, 0xd000, 0xd000, 0xd000, 0x0000, 0x0000,
    0x0000, 0x0000, 0x0000, 0x0000, 0x0000, 0x0000, 0x0000, 0x0000, 0x0000, 0x0000, 0x0000, 0x0000, 0x0000, 0x0000, 0x0000, 0xd000,
    0xd000, 0xd000, 0x0000, 0x0000, 0x0000, 0xd000, 0xd000, 0xd000, 0x0000, 0x0000, 0x0000, 0x0000, 0x0000, 0x0000, 0x0000, 0x0000,
    0x0000, 0x0000, 0x0000, 0x0000, 0x0000, 0x0000, 0x0000, 0xd000, 0xd000, 0xd000, 0x0000, 0x0000, 0x0000, 0x0000, 0x0000, 0xd000,
    0xd000, 0xd000, 0x0000, 0x0000, 0x0000, 0x0000, 0x0000, 0x0000, 0x0000, 0x0000, 0x0000, 0x0000, 0x0000, 0x0000, 0x0000, 0xd000,
    0xd000, 0xd000, 0x0000, 0x0000, 0x0000, 0x0000, 0x0000, 0x0000, 0x0000, 0xd000, 0xd000, 0xd000, 0x0000, 0x0000, 0x0000, 0x0000,
    0x0000, 0x0000, 0x0000, 0x0000, 0x0000, 0x0000, 0x0000, 0xd000, 0xd000, 0xd000, 0x0000, 0x0000, 0x0000, 0x0000, 0x0000, 0x0000,
    0x0000, 0x0000, 0x0000, 0xd000, 0xd000, 0xd000, 0x0000, 0x0000, 0x0000, 0x0000, 0x0000, 0x0000, 0x0000, 0x0000, 0x0000, 0xd000,
    0xd000, 0xd000, 0x0000, 0x0000, 0x0000, 0x0000, 0x0000, 0x0000, 0x0000, 0x0000, 0x0000, 0x0000, 0x0000, 0xd000, 0xd000, 0xd000,
    0x0000, 0x0000, 0x0000, 0x0000, 0x0000, 0x0000, 0x0000, 0xd000, 0xd000, 0xd000, 0x0000, 0x0000, 0x0000, 0x0000, 0x0000, 0x0000,
    0x0000, 0x0000, 0x0000, 0x0000, 0x0000, 0x0000, 0x0000, 0xd000, 0xd000, 0xd000, 0x0000, 0x0000, 0x0000, 0x0000, 0x0000, 0xd000,
    0xd000, 0xd000, 0x0000, 0x0000, 0x0000, 0x0000, 0x0000, 0x0000, 0x0000, 0x0000, 0x0000, 0x0000, 0x0000, 0x0000, 0x0000, 0x0000,
    0x0000, 0xd000, 0xd000, 0xd000, 0x0000, 0x0000, 0x0000, 0xd000, 0xd000, 0xd000, 0x0000, 0x0000, 0x0000, 0x0000, 0x0000, 0x0000,
    0x0000, 0x0000, 0x0000, 0x0000, 0x0000, 0x0000, 0x0000, 0x0000, 0x0000, 0x0000, 0x0000, 0xd000, 0xd000, 0xd000, 0x0000, 0x0000,
    0xd000, 0xd000, 0x0000, 0x0000, 0x0000, 0x0000, 0x0000, 0x0000, 0x0000, 0x0000, 0x0000, 0x0000, 0x0000, 0x0000, 0x0000, 0x0000,
    0x0000, 0x0000, 0x0000, 0x0000, 0x0000, 0xd000, 0xd000, 0x0000, 0x0000, 0x0000, 0x0000, 0x0000, 0x0000, 0x0000, 0x0000, 0x0000,
    0x0000, 0x0000, 0x0000, 0x0000, 0x0000, 0x0000, 0x0000, 0x0000, 0x0000, 0x0000, 0x0000, 0x0000, 0x0000, 0x0000, 0x0000, 0x0000,
    0x0000
};

const uint16_t dnfD[] PROGMEM = {
	0x0000, 0x0000, 0x0000, 0x0000, 0x0000, 0x0000, 0x0000, 0x0000, 0x0000, 0x0000, 0x0000, 0x0000, 0x0000, 0x0000, 0x0000, 0x0000, 
	0x0000, 0x0000, 0x0000, 0x0000, 0x0000, 0x0000, 0x0000, 0x0000, 0x0000, 0x0000, 0x0000, 0x0000, 0x0000, 0x0000, 0x0000, 0x0000, 
	0x0000, 0xd000, 0xd000, 0xd000, 0xd000, 0xd000, 0xd000, 0xd000, 0xd000, 0xd000, 0x0000, 0x0000, 0x0000, 0x0000, 0x0000, 0x0000, 
	0x0000, 0x0000, 0x0000, 0x0000, 0x0000, 0x0000, 0x0000, 0x0000, 0xd000, 0xd000, 0xd000, 0xd000, 0xd000, 0xd000, 0xd000, 0xd000, 
	0xd000, 0xd000, 0xd000, 0xd000, 0xd000, 0x0000, 0x0000, 0x0000, 0x0000, 0x0000, 0x0000, 0x0000, 0x0000, 0x0000, 0x0000, 0x0000, 
	0xd000, 0xd000, 0xd000, 0xd000, 0x0000, 0x0000, 0x0000, 0x0000, 0x0000, 0x0000, 0x0000, 0xd000, 0xd000, 0xd000, 0xd000, 0x0000, 
	0x0000, 0x0000, 0x0000, 0x0000, 0x0000, 0x0000, 0x0000, 0x0000, 0xd000, 0xd000, 0xd000, 0x0000, 0x0000, 0x0000, 0x0000, 0x0000, 
	0x0000, 0x0000, 0x0000, 0x0000, 0x0000, 0x0000, 0xd000, 0xd000, 0xd000, 0x0000, 0x0000, 0x0000, 0x0000, 0x0000, 0x0000, 0x0000, 
	0xd000, 0xd000, 0xd000, 0x0000, 0x0000, 0x0000, 0x0000, 0x0000, 0x0000, 0x0000, 0x0000, 0x0000, 0x0000, 0x0000, 0x0000, 0xd000, 
	0xd000, 0xd000, 0xd000, 0x0000, 0x0000, 0x0000, 0x0000, 0x0000, 0xd000, 0xd000, 0xd000, 0x0000, 0x0000, 0x0000, 0x0000, 0x0000, 
	0x0000, 0x0000, 0x0000, 0x0000, 0x0000, 0x0000, 0x0000, 0xd000, 0xd000, 0xd000, 0xd000, 0xd000, 0xd000, 0x0000, 0x0000, 0x0000, 
	0x0000, 0xd000, 0xd000, 0x0000, 0x0000, 0x0000, 0x0000, 0x0000, 0x0000, 0x0000, 0x0000, 0x0000, 0x0000, 0x0000, 0x0000, 0xd000, 
	0xd000, 0xd000, 0x0000, 0x0000, 0xd000, 0xd000, 0x0000, 0x0000, 0x0000, 0xd000, 0xd000, 0xd000, 0x0000, 0x0000, 0x0000, 0x0000, 
	0x0000, 0x0000, 0x0000, 0x0000, 0x0000, 0x0000, 0x0000, 0xd000, 0xd000, 0xd000, 0x0000, 0x0000, 0x0000, 0xd000, 0xd000, 0xd000, 
	0x0000, 0x0000, 0xd000, 0xd000, 0x0000, 0x0000, 0x0000, 0x0000, 0x0000, 0x0000, 0x0000, 0x0000, 0x0000, 0x0000, 0x0000, 0xd000, 
	0xd000, 0xd000, 0x0000, 0x0000, 0x0000, 0x0000, 0x0000, 0xd000, 0xd000, 0x0000, 0x0000, 0xd000, 0xd000, 0x0000, 0x0000, 0x0000, 
	0x0000, 0x0000, 0x0000, 0x0000, 0x0000, 0x0000, 0x0000, 0xd000, 0xd000, 0xd000, 0x0000, 0x0000, 0x0000, 0x0000, 0x0000, 0x0000, 
	0xd000, 0xd000, 0x0000, 0x0000, 0xd000, 0xd000, 0x0000, 0x0000, 0x0000, 0x0000, 0x0000, 0x0000, 0x0000, 0x0000, 0x0000, 0xd000, 
	0xd000, 0xd000, 0x0000, 0x0000, 0x0000, 0x0000, 0x0000, 0x0000, 0x0000, 0xd000, 0xd000, 0x0000, 0x0000, 0xd000, 0xd000, 0x0000, 
	0x0000, 0x0000, 0x0000, 0x0000, 0x0000, 0x0000, 0x0000, 0xd000, 0xd000, 0xd000, 0x0000, 0x0000, 0x0000, 0x0000, 0x0000, 0x0000, 
	0x0000, 0x0000, 0xd000, 0xd000, 0x0000, 0x0000, 0xd000, 0xd000, 0x0000, 0x0000, 0x0000, 0x0000, 0x0000, 0x0000, 0x0000, 0xd000, 
	0xd000, 0xd000, 0x0000, 0x0000, 0x0000, 0x0000, 0x0000, 0x0000, 0x0000, 0x0000, 0x0000, 0xd000, 0xd000, 0x0000, 0x0000, 0xd000, 
	0xd000, 0x0000, 0x0000, 0x0000, 0x0000, 0x0000, 0x0000, 0xd000, 0xd000, 0xd000, 0x0000, 0x0000, 0x0000, 0x0000, 0x0000, 0x0000, 
	0x0000, 0x0000, 0x0000, 0x0000, 0xd000, 0xd000, 0x0000, 0x0000, 0xd000, 0xd000, 0x0000, 0x0000, 0x0000, 0x0000, 0x0000, 0xd000, 
	0xd000, 0xd000, 0x0000, 0x0000, 0x0000, 0x0000, 0x0000, 0x0000, 0x0000, 0x0000, 0x0000, 0x0000, 0x0000, 0xd000, 0xd000, 0x0000, 
	0x0000, 0xd000, 0xd000, 0xd000, 0x0000, 0x0000, 0x0000, 0xd000, 0xd000, 0xd000, 0x0000, 0x0000, 0x0000, 0x0000, 0x0000, 0x0000, 
	0x0000, 0x0000, 0x0000, 0x0000, 0x0000, 0xd000, 0xd000, 0xd000, 0x0000, 0x0000, 0x0000, 0xd000, 0xd000, 0x0000, 0x0000, 0xd000, 
	0xd000, 0xd000, 0x0000, 0x0000, 0x0000, 0x0000, 0x0000, 0x0000, 0x0000, 0x0000, 0x0000, 0x0000, 0x0000, 0x0000, 0xd000, 0xd000, 
	0x0000, 0x0000, 0x0000, 0x0000, 0xd000, 0xd000, 0xd000, 0xd000, 0xd000, 0xd000, 0x0000, 0x0000, 0x0000, 0x0000, 0x0000, 0x0000, 
	0x0000, 0x0000, 0x0000, 0x0000, 0x0000, 0x0000, 0xd000, 0xd000, 0xd000, 0x0000, 0x0000, 0x0000, 0x0000, 0x0000, 0xd000, 0xd000, 
	0xd000, 0xd000, 0x0000, 0x0000, 0x0000, 0x0000, 0x0000, 0x0000, 0x0000, 0x0000, 0x0000, 0x0000, 0x0000, 0x0000, 0xd000, 0xd000, 
	0xd000, 0x0000, 0x0000, 0x0000, 0x0000, 0x0000, 0x0000, 0x0000, 0xd000, 0xd000, 0xd000, 0x0000, 0x0000, 0x0000, 0x0000, 0x0000, 
	0x0000, 0x0000, 0x0000, 0x0000, 0x0000, 0x0000, 0xd000, 0xd000, 0xd000, 0x0000, 0x0000, 0x0000, 0x0000, 0x0000, 0x0000, 0x0000, 
	0x0000, 0x0000, 0xd000, 0xd000, 0xd000, 0xd000, 0x0000, 0x0000, 0x0000, 0x0000, 0x0000, 0x0000, 0x0000, 0xd000, 0xd000, 0xd000, 
	0xd000, 0x0000, 0x0000, 0x0000, 0x0000, 0x0000, 0x0000, 0x0000, 0x0000, 0x0000, 0x0000, 0x0000, 0xd000, 0xd000, 0xd000, 0xd000, 
	0xd000, 0xd000, 0xd000, 0xd000, 0xd000, 0xd000, 0xd000, 0xd000, 0xd000, 0x0000, 0x0000, 0x0000, 0x0000, 0x0000, 0x0000, 0x0000, 
	0x0000, 0x0000, 0x0000, 0x0000, 0x0000, 0x0000, 0x0000, 0xd000, 0xd000, 0xd000, 0xd000, 0xd000, 0xd000, 0xd000, 0xd000, 0xd000, 
	0x0000, 0x0000, 0x0000, 0x0000, 0x0000, 0x0000, 0x0000, 0x0000, 0x0000, 0x0000, 0x0000, 0x0000, 0x0000, 0x0000, 0x0000, 0x0000, 
	0x0000, 0x0000, 0x0000, 0x0000, 0x0000, 0x0000, 0x0000, 0x0000, 0x0000, 0x0000, 0x0000, 0x0000, 0x0000, 0x0000, 0x0000, 0x0000, 
	0x0000
};

const uint16_t cronoD[] PROGMEM = {
	0x0000, 0x0000, 0x0000, 0x0000, 0x0000, 0x0000, 0x0000, 0x0000, 0x0000, 0x0000, 0x0000, 0x0000, 0x0000, 0x0000, 0x0000, 0x0000, 
	0x0000, 0x0000, 0x0000, 0x0000, 0x0000, 0x0000, 0x0000, 0x0000, 0x0000, 0x0000, 0x0000, 0x0000, 0x0000, 0x0000, 0x0000, 0x0000, 
	0x0000, 0xffff, 0xffff, 0xffff, 0xffff, 0xffff, 0xffff, 0xffff, 0xffff, 0xffff, 0x0000, 0x0000, 0x0000, 0x0000, 0x0000, 0x0000, 
	0x0000, 0x0000, 0x0000, 0x0000, 0x0000, 0x0000, 0x0000, 0x0000, 0x0000, 0x0000, 0xffff, 0xffff, 0xffff, 0xffff, 0xffff, 0xffff, 
	0xffff, 0xffff, 0xffff, 0x0000, 0x0000, 0x0000, 0x0000, 0x0000, 0x0000, 0x0000, 0x0000, 0x0000, 0x0000, 0x0000, 0x0000, 0x0000, 
	0x0000, 0x0000, 0x0000, 0x0000, 0x0000, 0x0000, 0x0000, 0xffff, 0x0000, 0x0000, 0x0000, 0x0000, 0x0000, 0x0000, 0x0000, 0x0000, 
	0x0000, 0x0000, 0x0000, 0x0000, 0x0000, 0x0000, 0x0000, 0x0000, 0x0000, 0x0000, 0x0000, 0x0000, 0x0000, 0xffff, 0xffff, 0xffff, 
	0xffff, 0xffff, 0xffff, 0xffff, 0x0000, 0x0000, 0x0000, 0x0000, 0x0000, 0x0000, 0x0000, 0x0000, 0x0000, 0x0000, 0x0000, 0x0000, 
	0x0000, 0x0000, 0x0000, 0x0000, 0xffff, 0xffff, 0xffff, 0xffff, 0xffff, 0xffff, 0xffff, 0xffff, 0xffff, 0xffff, 0xffff, 0x0000, 
	0x0000, 0x0000, 0x0000, 0x0000, 0x0000, 0x0000, 0x0000, 0x0000, 0x0000, 0x0000, 0x0000, 0x0000, 0xffff, 0xffff, 0xffff, 0xffff, 
	0x0000, 0x0000, 0x0000, 0x0000, 0x0000, 0xffff, 0xffff, 0xffff, 0xffff, 0x0000, 0x0000, 0x0000, 0x0000, 0x0000, 0x0000, 0x0000, 
	0x0000, 0x0000, 0x0000, 0x0000, 0xffff, 0xffff, 0x0000, 0x0000, 0x0000, 0x0000, 0x0000, 0xffff, 0x0000, 0x0000, 0x0000, 0x0000, 
	0x0000, 0xffff, 0xffff, 0x0000, 0x0000, 0x0000, 0x0000, 0x0000, 0x0000, 0x0000, 0x0000, 0x0000, 0xffff, 0xffff, 0x0000, 0x0000, 
	0x0000, 0x0000, 0x0000, 0x0000, 0xffff, 0x0000, 0x0000, 0x0000, 0x0000, 0x0000, 0x0000, 0xffff, 0xffff, 0x0000, 0x0000, 0x0000, 
	0x0000, 0x0000, 0x0000, 0x0000, 0xffff, 0xffff, 0x0000, 0x0000, 0x0000, 0x0000, 0x0000, 0x0000, 0x0000, 0xffff, 0x0000, 0x0000, 
	0x0000, 0x0000, 0x0000, 0x0000, 0x0000, 0xffff, 0xffff, 0x0000, 0x0000, 0x0000, 0x0000, 0x0000, 0x0000, 0xffff, 0xffff, 0x0000, 
	0x0000, 0x0000, 0x0000, 0x0000, 0x0000, 0x0000, 0xffff, 0x0000, 0x0000, 0x0000, 0x0000, 0x0000, 0x0000, 0x0000, 0xffff, 0xffff, 
	0x0000, 0x0000, 0x0000, 0x0000, 0x0000, 0xffff, 0xffff, 0xffff, 0x0000, 0x0000, 0x0000, 0x0000, 0x0000, 0x0000, 0x0000, 0xffff, 
	0x0000, 0x0000, 0x0000, 0x0000, 0x0000, 0x0000, 0x0000, 0xffff, 0xffff, 0xffff, 0x0000, 0x0000, 0x0000, 0x0000, 0xffff, 0xffff, 
	0x0000, 0x0000, 0x0000, 0x0000, 0x0000, 0x0000, 0x0000, 0x0000, 0xffff, 0x0000, 0x0000, 0x0000, 0x0000, 0x0000, 0x0000, 0x0000, 
	0x0000, 0xffff, 0xffff, 0x0000, 0x0000, 0x0000, 0x0000, 0xffff, 0xffff, 0x0000, 0x0000, 0x0000, 0x0000, 0x0000, 0x0000, 0x0000, 
	0x0000, 0xffff, 0xffff, 0xffff, 0xffff, 0xffff, 0x0000, 0x0000, 0x0000, 0x0000, 0xffff, 0xffff, 0x0000, 0x0000, 0x0000, 0x0000, 
	0xffff, 0xffff, 0x0000, 0x0000, 0x0000, 0x0000, 0x0000, 0x0000, 0x0000, 0x0000, 0xffff, 0xffff, 0xffff, 0xffff, 0xffff, 0x0000, 
	0x0000, 0x0000, 0x0000, 0xffff, 0xffff, 0x0000, 0x0000, 0x0000, 0x0000, 0xffff, 0xffff, 0x0000, 0x0000, 0x0000, 0x0000, 0x0000, 
	0x0000, 0x0000, 0x0000, 0x0000, 0x0000, 0x0000, 0x0000, 0x0000, 0x0000, 0x0000, 0x0000, 0x0000, 0xffff, 0xffff, 0x0000, 0x0000, 
	0x0000, 0x0000, 0xffff, 0xffff, 0xffff, 0x0000, 0x0000, 0x0000, 0x0000, 0x0000, 0x0000, 0x0000, 0x0000, 0x0000, 0x0000, 0x0000, 
	0x0000, 0x0000, 0x0000, 0x0000, 0xffff, 0xffff, 0xffff, 0x0000, 0x0000, 0x0000, 0x0000, 0x0000, 0xffff, 0xffff, 0x0000, 0x0000, 
	0x0000, 0x0000, 0x0000, 0x0000, 0x0000, 0x0000, 0x0000, 0x0000, 0x0000, 0x0000, 0x0000, 0x0000, 0x0000, 0xffff, 0xffff, 0x0000, 
	0x0000, 0x0000, 0x0000, 0x0000, 0x0000, 0xffff, 0xffff, 0x0000, 0x0000, 0x0000, 0x0000, 0x0000, 0x0000, 0x0000, 0x0000, 0x0000, 
	0x0000, 0x0000, 0x0000, 0x0000, 0x0000, 0x0000, 0xffff, 0xffff, 0x0000, 0x0000, 0x0000, 0x0000, 0x0000, 0x0000, 0x0000, 0xffff, 
	0xffff, 0x0000, 0x0000, 0x0000, 0x0000, 0x0000, 0x0000, 0x0000, 0x0000, 0x0000, 0x0000, 0x0000, 0x0000, 0x0000, 0xffff, 0xffff, 
	0x0000, 0x0000, 0x0000, 0x0000, 0x0000, 0x0000, 0x0000, 0x0000, 0x0000, 0xffff, 0xffff, 0x0000, 0x0000, 0x0000, 0x0000, 0x0000, 
	0x0000, 0x0000, 0x0000, 0x0000, 0x0000, 0x0000, 0xffff, 0xffff, 0x0000, 0x0000, 0x0000, 0x0000, 0x0000, 0x0000, 0x0000, 0x0000, 
	0x0000, 0x0000, 0x0000, 0xffff, 0xffff, 0xffff, 0xffff, 0x0000, 0x0000, 0x0000, 0x0000, 0x0000, 0xffff, 0xffff, 0xffff, 0xffff, 
	0x0000, 0x0000, 0x0000, 0x0000, 0x0000, 0x0000, 0x0000, 0x0000, 0x0000, 0x0000, 0x0000, 0x0000, 0x0000, 0xffff, 0xffff, 0xffff, 
	0xffff, 0xffff, 0xffff, 0xffff, 0xffff, 0xffff, 0xffff, 0xffff, 0x0000, 0x0000, 0x0000, 0x0000, 0x0000, 0x0000, 0x0000, 0x0000, 
	0x0000, 0x0000, 0x0000, 0x0000, 0x0000, 0x0000, 0x0000, 0x0000, 0xffff, 0xffff, 0xffff, 0xffff, 0xffff, 0xffff, 0xffff, 0x0000, 
	0x0000, 0x0000, 0x0000, 0x0000, 0x0000, 0x0000, 0x0000, 0x0000, 0x0000, 0x0000, 0x0000, 0x0000, 0x0000, 0x0000, 0x0000, 0x0000, 
	0x0000, 0x0000, 0x0000, 0x0000, 0x0000, 0x0000, 0x0000, 0x0000, 0x0000, 0x0000, 0x0000, 0x0000, 0x0000, 0x0000, 0x0000, 0x0000, 
	0x0000
};

const uint16_t againD[] PROGMEM = {
	0x0000, 0x0000, 0x0000, 0x0000, 0x0000, 0x0000, 0x0000, 0x0000, 0x0000, 0x0000, 0x0000, 0x0000, 0x0000, 0x0000, 0x0000, 0x0000, 
	0x0000, 0x0000, 0x0000, 0x0000, 0x0000, 0x0000, 0x0000, 0x0000, 0x0000, 0x0000, 0x0000, 0x0000, 0x0000, 0x0000, 0x0000, 0x0000, 
	0x0000, 0xffff, 0xffff, 0xffff, 0xffff, 0xffff, 0xffff, 0xffff, 0xffff, 0xffff, 0x0000, 0x0000, 0x0000, 0x0000, 0x0000, 0x0000, 
	0x0000, 0x0000, 0x0000, 0x0000, 0x0000, 0x0000, 0x0000, 0x0000, 0xffff, 0xffff, 0xffff, 0xffff, 0xffff, 0xffff, 0xffff, 0xffff, 
	0xffff, 0xffff, 0xffff, 0xffff, 0xffff, 0x0000, 0x0000, 0x0000, 0x0000, 0x0000, 0x0000, 0x0000, 0x0000, 0x0000, 0x0000, 0x0000, 
	0xffff, 0xffff, 0xffff, 0xffff, 0x0000, 0x0000, 0x0000, 0x0000, 0x0000, 0x0000, 0x0000, 0xffff, 0xffff, 0xffff, 0xffff, 0x0000, 
	0x0000, 0x0000, 0x0000, 0x0000, 0x0000, 0x0000, 0x0000, 0x0000, 0xffff, 0xffff, 0xffff, 0x0000, 0x0000, 0x0000, 0x0000, 0x0000, 
	0x0000, 0x0000, 0x0000, 0x0000, 0x0000, 0x0000, 0xffff, 0xffff, 0xffff, 0x0000, 0x0000, 0x0000, 0x0000, 0x0000, 0x0000, 0x0000, 
	0xffff, 0xffff, 0xffff, 0x0000, 0x0000, 0x0000, 0x0000, 0x0000, 0x0000, 0x0000, 0x0000, 0x0000, 0x0000, 0x0000, 0x0000, 0x0000, 
	0xffff, 0xffff, 0xffff, 0x0000, 0x0000, 0x0000, 0x0000, 0x0000, 0xffff, 0xffff, 0xffff, 0x0000, 0x0000, 0x0000, 0x0000, 0x0000, 
	0x0000, 0x0000, 0x0000, 0x0000, 0x0000, 0x0000, 0x0000, 0x0000, 0x0000, 0x0000, 0xffff, 0xffff, 0xffff, 0x0000, 0x0000, 0x0000, 
	0x0000, 0xffff, 0xffff, 0x0000, 0x0000, 0x0000, 0x0000, 0x0000, 0x0000, 0x0000, 0x0000, 0x0000, 0x0000, 0x0000, 0x0000, 0x0000, 
	0x0000, 0x0000, 0x0000, 0x0000, 0xffff, 0xffff, 0x0000, 0x0000, 0x0000, 0xffff, 0xffff, 0xffff, 0x0000, 0x0000, 0x0000, 0x0000, 
	0x0000, 0x0000, 0x0000, 0x0000, 0x0000, 0x0000, 0x0000, 0x0000, 0x0000, 0x0000, 0x0000, 0x0000, 0x0000, 0xffff, 0xffff, 0xffff, 
	0x0000, 0x0000, 0xffff, 0xffff, 0x0000, 0x0000, 0x0000, 0x0000, 0x0000, 0xffff, 0xffff, 0x0000, 0x0000, 0x0000, 0x0000, 0x0000, 
	0x0000, 0x0000, 0x0000, 0x0000, 0x0000, 0x0000, 0x0000, 0xffff, 0xffff, 0x0000, 0x0000, 0xffff, 0xffff, 0x0000, 0x0000, 0x0000, 
	0x0000, 0x0000, 0xffff, 0xffff, 0x0000, 0x0000, 0x0000, 0x0000, 0x0000, 0x0000, 0x0000, 0x0000, 0x0000, 0x0000, 0x0000, 0x0000, 
	0xffff, 0xffff, 0x0000, 0x0000, 0xffff, 0xffff, 0xffff, 0x0000, 0x0000, 0x0000, 0x0000, 0xffff, 0xffff, 0x0000, 0x0000, 0x0000, 
	0x0000, 0x0000, 0x0000, 0x0000, 0x0000, 0x0000, 0x0000, 0x0000, 0x0000, 0xffff, 0xffff, 0x0000, 0x0000, 0xffff, 0xffff, 0xffff, 
	0xffff, 0x0000, 0x0000, 0x0000, 0xffff, 0xffff, 0x0000, 0x0000, 0x0000, 0x0000, 0x0000, 0x0000, 0x0000, 0x0000, 0x0000, 0x0000, 
	0x0000, 0x0000, 0xffff, 0xffff, 0x0000, 0x0000, 0x0000, 0xffff, 0xffff, 0xffff, 0xffff, 0x0000, 0x0000, 0xffff, 0xffff, 0x0000, 
	0x0000, 0x0000, 0x0000, 0x0000, 0x0000, 0x0000, 0x0000, 0x0000, 0x0000, 0x0000, 0x0000, 0xffff, 0xffff, 0x0000, 0x0000, 0x0000, 
	0x0000, 0xffff, 0xffff, 0xffff, 0xffff, 0x0000, 0xffff, 0xffff, 0x0000, 0x0000, 0x0000, 0x0000, 0x0000, 0x0000, 0x0000, 0x0000, 
	0x0000, 0x0000, 0x0000, 0x0000, 0xffff, 0xffff, 0x0000, 0x0000, 0x0000, 0x0000, 0x0000, 0xffff, 0xffff, 0xffff, 0xffff, 0xffff, 
	0xffff, 0x0000, 0x0000, 0x0000, 0x0000, 0x0000, 0x0000, 0x0000, 0x0000, 0x0000, 0x0000, 0x0000, 0x0000, 0xffff, 0xffff, 0x0000, 
	0x0000, 0x0000, 0x0000, 0x0000, 0x0000, 0xffff, 0xffff, 0xffff, 0xffff, 0xffff, 0x0000, 0x0000, 0x0000, 0x0000, 0x0000, 0x0000, 
	0x0000, 0x0000, 0x0000, 0x0000, 0x0000, 0xffff, 0xffff, 0xffff, 0x0000, 0x0000, 0x0000, 0x0000, 0x0000, 0x0000, 0x0000, 0x0000, 
	0xffff, 0xffff, 0xffff, 0x0000, 0x0000, 0x0000, 0x0000, 0x0000, 0x0000, 0x0000, 0x0000, 0x0000, 0x0000, 0x0000, 0xffff, 0xffff, 
	0x0000, 0x0000, 0x0000, 0x0000, 0x0000, 0x0000, 0x0000, 0xffff, 0xffff, 0xffff, 0xffff, 0x0000, 0x0000, 0x0000, 0x0000, 0x0000, 
	0x0000, 0x0000, 0x0000, 0x0000, 0x0000, 0x0000, 0xffff, 0xffff, 0xffff, 0x0000, 0x0000, 0x0000, 0x0000, 0x0000, 0xffff, 0xffff, 
	0xffff, 0xffff, 0xffff, 0x0000, 0x0000, 0x0000, 0x0000, 0x0000, 0x0000, 0x0000, 0x0000, 0x0000, 0x0000, 0x0000, 0xffff, 0xffff, 
	0xffff, 0x0000, 0x0000, 0x0000, 0x0000, 0x0000, 0xffff, 0xffff, 0xffff, 0xffff, 0x0000, 0x0000, 0x0000, 0x0000, 0x0000, 0x0000, 
	0x0000, 0x0000, 0x0000, 0x0000, 0x0000, 0x0000, 0xffff, 0xffff, 0xffff, 0x0000, 0x0000, 0x0000, 0x0000, 0x0000, 0x0000, 0xffff, 
	0xffff, 0x0000, 0x0000, 0x0000, 0x0000, 0x0000, 0x0000, 0x0000, 0x0000, 0x0000, 0x0000, 0x0000, 0x0000, 0xffff, 0xffff, 0xffff, 
	0xffff, 0x0000, 0x0000, 0x0000, 0x0000, 0x0000, 0x0000, 0x0000, 0x0000, 0x0000, 0x0000, 0x0000, 0x0000, 0x0000, 0xffff, 0xffff, 
	0xffff, 0xffff, 0xffff, 0xffff, 0xffff, 0xffff, 0xffff, 0xffff, 0xffff, 0x0000, 0x0000, 0x0000, 0x0000, 0x0000, 0x0000, 0x0000, 
	0x0000, 0x0000, 0x0000, 0x0000, 0x0000, 0x0000, 0x0000, 0xffff, 0xffff, 0xffff, 0xffff, 0xffff, 0xffff, 0xffff, 0xffff, 0xffff, 
	0x0000, 0x0000, 0x0000, 0x0000, 0x0000, 0x0000, 0x0000, 0x0000, 0x0000, 0x0000, 0x0000, 0x0000, 0x0000, 0x0000, 0x0000, 0x0000, 
	0x0000, 0x0000, 0x0000, 0x0000, 0x0000, 0x0000, 0x0000, 0x0000, 0x0000, 0x0000, 0x0000, 0x0000, 0x0000, 0x0000, 0x0000, 0x0000, 
	0x0000
};

const uint16_t estatsD[] PROGMEM = {
	0x0000, 0x0000, 0x0000, 0x0000, 0x0000, 0x0000, 0x0000, 0x0000, 0x0000, 0x0000, 0x0000, 0x0000, 0x0000, 0x0000, 0x0000, 0x0000, 
	0x0000, 0x0000, 0x0000, 0x0000, 0x0000, 0x0000, 0x0000, 0x0000, 0x0000, 0x0000, 0x0000, 0x0000, 0x0000, 0x0000, 0x0000, 0x0000, 
	0x0000, 0x0000, 0x0000, 0x0000, 0x0000, 0x0000, 0x0000, 0x0000, 0x0000, 0x0000, 0x0000, 0x0000, 0x0000, 0x0000, 0x0000, 0x0000, 
	0x0000, 0x0000, 0x0000, 0x0000, 0x0000, 0x0000, 0x0000, 0x0000, 0x0000, 0x0000, 0x0000, 0x0000, 0x0000, 0x0000, 0x0000, 0x0000, 
	0x0000, 0x0000, 0x0000, 0x0000, 0xffff, 0xffff, 0xffff, 0xffff, 0xffff, 0x0000, 0x0000, 0x0000, 0x0000, 0x0000, 0x0000, 0x0000, 
	0x0000, 0x0000, 0x0000, 0x0000, 0x0000, 0x0000, 0x0000, 0x0000, 0x0000, 0x0000, 0x0000, 0x0000, 0x0000, 0xffff, 0xffff, 0xffff, 
	0xffff, 0xffff, 0x0000, 0x0000, 0x0000, 0x0000, 0x0000, 0x0000, 0x0000, 0x0000, 0x0000, 0x0000, 0x0000, 0x0000, 0x0000, 0x0000, 
	0x0000, 0x0000, 0x0000, 0x0000, 0x0000, 0x0000, 0xffff, 0xffff, 0xffff, 0xffff, 0xffff, 0x0000, 0x0000, 0x0000, 0x0000, 0x0000, 
	0x0000, 0x0000, 0x0000, 0x0000, 0x0000, 0x0000, 0x0000, 0x0000, 0x0000, 0x0000, 0x0000, 0x0000, 0x0000, 0x0000, 0x0000, 0xffff, 
	0xffff, 0xffff, 0xffff, 0xffff, 0x0000, 0x0000, 0x0000, 0x0000, 0x0000, 0x0000, 0x0000, 0x0000, 0x0000, 0x0000, 0x0000, 0x0000, 
	0x0000, 0x0000, 0x0000, 0x0000, 0x0000, 0x0000, 0x0000, 0xffff, 0xffff, 0xffff, 0xffff, 0xffff, 0xffff, 0x0000, 0x0000, 0x0000, 
	0x0000, 0x0000, 0x0000, 0x0000, 0x0000, 0x0000, 0x0000, 0x0000, 0x0000, 0x0000, 0x0000, 0x0000, 0x0000, 0x0000, 0x0000, 0xffff, 
	0xffff, 0xffff, 0x0000, 0x0000, 0x0000, 0x0000, 0x0000, 0x0000, 0x0000, 0x0000, 0x0000, 0x0000, 0x0000, 0x0000, 0x0000, 0x0000, 
	0x0000, 0x0000, 0x0000, 0x0000, 0x0000, 0x0000, 0x0000, 0xffff, 0xffff, 0xffff, 0x0000, 0x0000, 0x0000, 0x0000, 0x0000, 0x0000, 
	0x0000, 0x0000, 0x0000, 0x0000, 0x0000, 0x0000, 0x0000, 0x0000, 0x0000, 0x0000, 0x0000, 0x0000, 0x0000, 0x0000, 0x0000, 0xffff, 
	0xffff, 0xffff, 0x0000, 0x0000, 0x0000, 0x0000, 0x0000, 0x0000, 0x0000, 0x0000, 0x0000, 0x0000, 0x0000, 0x0000, 0x0000, 0x0000, 
	0x0000, 0x0000, 0x0000, 0x0000, 0x0000, 0x0000, 0x0000, 0xffff, 0xffff, 0xffff, 0x0000, 0x0000, 0x0000, 0x0000, 0x0000, 0x0000, 
	0x0000, 0x0000, 0x0000, 0x0000, 0x0000, 0x0000, 0x0000, 0x0000, 0x0000, 0x0000, 0x0000, 0x0000, 0x0000, 0x0000, 0x0000, 0xffff, 
	0xffff, 0xffff, 0x0000, 0x0000, 0x0000, 0x0000, 0x0000, 0x0000, 0x0000, 0x0000, 0x0000, 0x0000, 0x0000, 0x0000, 0x0000, 0x0000, 
	0x0000, 0x0000, 0x0000, 0x0000, 0x0000, 0x0000, 0x0000, 0xffff, 0xffff, 0xffff, 0x0000, 0x0000, 0x0000, 0x0000, 0x0000, 0x0000, 
	0x0000, 0x0000, 0x0000, 0x0000, 0x0000, 0x0000, 0x0000, 0x0000, 0x0000, 0x0000, 0x0000, 0x0000, 0x0000, 0x0000, 0x0000, 0xffff, 
	0xffff, 0xffff, 0x0000, 0x0000, 0x0000, 0x0000, 0x0000, 0x0000, 0x0000, 0x0000, 0x0000, 0x0000, 0x0000, 0x0000, 0x0000, 0x0000, 
	0x0000, 0x0000, 0x0000, 0x0000, 0x0000, 0x0000, 0x0000, 0xffff, 0xffff, 0xffff, 0x0000, 0x0000, 0x0000, 0x0000, 0x0000, 0x0000, 
	0x0000, 0x0000, 0x0000, 0x0000, 0x0000, 0x0000, 0x0000, 0x0000, 0x0000, 0x0000, 0x0000, 0x0000, 0x0000, 0x0000, 0x0000, 0xffff, 
	0xffff, 0xffff, 0x0000, 0x0000, 0x0000, 0x0000, 0x0000, 0x0000, 0x0000, 0x0000, 0x0000, 0x0000, 0x0000, 0x0000, 0x0000, 0x0000, 
	0x0000, 0x0000, 0x0000, 0x0000, 0x0000, 0x0000, 0x0000, 0xffff, 0xffff, 0xffff, 0x0000, 0x0000, 0x0000, 0x0000, 0x0000, 0x0000, 
	0x0000, 0x0000, 0x0000, 0x0000, 0x0000, 0x0000, 0x0000, 0x0000, 0x0000, 0x0000, 0x0000, 0x0000, 0x0000, 0x0000, 0x0000, 0xffff, 
	0xffff, 0xffff, 0x0000, 0x0000, 0x0000, 0x0000, 0x0000, 0x0000, 0x0000, 0x0000, 0x0000, 0x0000, 0x0000, 0x0000, 0x0000, 0x0000, 
	0x0000, 0x0000, 0x0000, 0x0000, 0xffff, 0xffff, 0xffff, 0xffff, 0xffff, 0xffff, 0x0000, 0x0000, 0x0000, 0x0000, 0x0000, 0x0000, 
	0x0000, 0x0000, 0x0000, 0x0000, 0x0000, 0x0000, 0x0000, 0x0000, 0x0000, 0x0000, 0x0000, 0x0000, 0x0000, 0xffff, 0xffff, 0xffff, 
	0xffff, 0xffff, 0x0000, 0x0000, 0x0000, 0x0000, 0x0000, 0x0000, 0x0000, 0x0000, 0x0000, 0x0000, 0x0000, 0x0000, 0x0000, 0x0000, 
	0x0000, 0x0000, 0x0000, 0x0000, 0x0000, 0x0000, 0xffff, 0xffff, 0xffff, 0xffff, 0xffff, 0x0000, 0x0000, 0x0000, 0x0000, 0x0000, 
	0x0000, 0x0000, 0x0000, 0x0000, 0x0000, 0x0000, 0x0000, 0x0000, 0x0000, 0x0000, 0x0000, 0x0000, 0x0000, 0x0000, 0x0000, 0xffff, 
	0xffff, 0xffff, 0xffff, 0xffff, 0x0000, 0x0000, 0x0000, 0x0000, 0x0000, 0x0000, 0x0000, 0x0000, 0x0000, 0x0000, 0x0000, 0x0000, 
	0x0000, 0x0000, 0x0000, 0x0000, 0x0000, 0x0000, 0x0000, 0x0000, 0xffff, 0xffff, 0xffff, 0xffff, 0xffff, 0x0000, 0x0000, 0x0000, 
	0x0000, 0x0000, 0x0000, 0x0000, 0x0000, 0x0000, 0x0000, 0x0000, 0x0000, 0x0000, 0x0000, 0x0000, 0x0000, 0x0000, 0x0000, 0x0000, 
	0x0000, 0x0000, 0x0000, 0x0000, 0x0000, 0x0000, 0x0000, 0x0000, 0x0000, 0x0000, 0x0000, 0x0000, 0x0000, 0x0000, 0x0000, 0x0000, 
	0x0000, 0x0000, 0x0000, 0x0000, 0x0000, 0x0000, 0x0000, 0x0000, 0x0000, 0x0000, 0x0000, 0x0000, 0x0000, 0x0000, 0x0000, 0x0000, 
	0x0000, 0x0000, 0x0000, 0x0000, 0x0000, 0x0000, 0x0000, 0x0000, 0x0000, 0x0000, 0x0000, 0x0000, 0x0000, 0x0000, 0x0000, 0x0000, 
	0x0000
};

const uint16_t nuevamezclaD[] PROGMEM = {
	0x0000, 0x0000, 0x0000, 0x0000, 0x0000, 0x0000, 0x0000, 0x0000, 0x0000, 0x0000, 0x0000, 0x0000, 0x0000, 0x0000, 0x0000, 0x0000, 
	0x0000, 0x0000, 0x0000, 0x0000, 0x0000, 0x0000, 0x0000, 0x0000, 0x0000, 0x0000, 0x0000, 0x0000, 0x0000, 0x0000, 0x0000, 0x0000, 
	0x0000, 0x0000, 0x0000, 0x0000, 0x0000, 0x0000, 0x0000, 0x0000, 0x0000, 0x0000, 0x0000, 0x0000, 0x0000, 0x0000, 0x0000, 0x0000, 
	0x0000, 0x0000, 0x0000, 0x0000, 0x0000, 0x0000, 0x0000, 0x0000, 0x0000, 0x0000, 0x0000, 0x0000, 0xffff, 0xffff, 0xffff, 0xffff, 
	0xffff, 0xffff, 0xffff, 0x0000, 0x0000, 0x0000, 0x0000, 0x0000, 0x0000, 0x0000, 0x0000, 0x0000, 0x0000, 0x0000, 0x0000, 0x0000, 
	0x0000, 0x0000, 0x0000, 0xffff, 0xffff, 0xffff, 0xffff, 0xffff, 0xffff, 0xffff, 0xffff, 0xffff, 0xffff, 0xffff, 0x0000, 0x0000, 
	0x0000, 0x0000, 0x0000, 0x0000, 0x0000, 0x0000, 0x0000, 0x0000, 0x0000, 0x0000, 0xffff, 0xffff, 0xffff, 0xffff, 0xffff, 0x0000, 
	0x0000, 0x0000, 0x0000, 0x0000, 0xffff, 0xffff, 0xffff, 0xffff, 0x0000, 0x0000, 0x0000, 0x0000, 0x0000, 0x0000, 0x0000, 0x0000, 
	0x0000, 0x0000, 0xffff, 0xffff, 0xffff, 0xffff, 0x0000, 0x0000, 0x0000, 0x0000, 0x0000, 0x0000, 0x0000, 0x0000, 0x0000, 0xffff, 
	0xffff, 0xffff, 0x0000, 0x0000, 0x0000, 0x0000, 0x0000, 0x0000, 0x0000, 0x0000, 0x0000, 0xffff, 0xffff, 0x0000, 0x0000, 0x0000, 
	0x0000, 0x0000, 0x0000, 0x0000, 0x0000, 0x0000, 0x0000, 0x0000, 0x0000, 0xffff, 0xffff, 0x0000, 0x0000, 0x0000, 0x0000, 0x0000, 
	0x0000, 0x0000, 0x0000, 0xffff, 0xffff, 0xffff, 0x0000, 0x0000, 0x0000, 0x0000, 0x0000, 0x0000, 0x0000, 0x0000, 0x0000, 0x0000, 
	0x0000, 0x0000, 0xffff, 0xffff, 0x0000, 0x0000, 0x0000, 0x0000, 0x0000, 0x0000, 0x0000, 0x0000, 0xffff, 0xffff, 0x0000, 0x0000, 
	0x0000, 0x0000, 0x0000, 0x0000, 0x0000, 0x0000, 0x0000, 0x0000, 0x0000, 0x0000, 0x0000, 0x0000, 0x0000, 0x0000, 0x0000, 0x0000, 
	0x0000, 0x0000, 0x0000, 0x0000, 0xffff, 0xffff, 0xffff, 0x0000, 0x0000, 0x0000, 0x0000, 0x0000, 0x0000, 0x0000, 0x0000, 0x0000, 
	0x0000, 0x0000, 0x0000, 0x0000, 0x0000, 0x0000, 0x0000, 0x0000, 0x0000, 0x0000, 0x0000, 0x0000, 0x0000, 0xffff, 0xffff, 0x0000, 
	0x0000, 0x0000, 0x0000, 0x0000, 0x0000, 0x0000, 0x0000, 0x0000, 0x0000, 0x0000, 0x0000, 0x0000, 0x0000, 0x0000, 0x0000, 0x0000, 
	0x0000, 0x0000, 0x0000, 0x0000, 0x0000, 0x0000, 0xffff, 0xffff, 0x0000, 0x0000, 0x0000, 0x0000, 0x0000, 0x0000, 0x0000, 0x0000, 
	0x0000, 0x0000, 0x0000, 0x0000, 0x0000, 0x0000, 0x0000, 0xffff, 0xffff, 0x0000, 0x0000, 0x0000, 0x0000, 0xffff, 0xffff, 0xffff, 
	0xffff, 0xffff, 0xffff, 0x0000, 0x0000, 0x0000, 0x0000, 0x0000, 0x0000, 0x0000, 0x0000, 0x0000, 0x0000, 0x0000, 0x0000, 0xffff, 
	0xffff, 0xffff, 0xffff, 0x0000, 0x0000, 0x0000, 0x0000, 0xffff, 0xffff, 0xffff, 0xffff, 0x0000, 0x0000, 0x0000, 0x0000, 0x0000, 
	0x0000, 0x0000, 0x0000, 0x0000, 0x0000, 0x0000, 0x0000, 0xffff, 0xffff, 0xffff, 0xffff, 0xffff, 0xffff, 0x0000, 0x0000, 0x0000, 
	0x0000, 0xffff, 0xffff, 0x0000, 0x0000, 0x0000, 0x0000, 0x0000, 0x0000, 0x0000, 0x0000, 0x0000, 0x0000, 0x0000, 0x0000, 0x0000, 
	0x0000, 0x0000, 0xffff, 0xffff, 0x0000, 0x0000, 0x0000, 0x0000, 0x0000, 0x0000, 0x0000, 0x0000, 0x0000, 0x0000, 0x0000, 0x0000, 
	0x0000, 0x0000, 0x0000, 0x0000, 0x0000, 0x0000, 0x0000, 0x0000, 0x0000, 0x0000, 0xffff, 0xffff, 0xffff, 0x0000, 0x0000, 0x0000, 
	0x0000, 0x0000, 0x0000, 0x0000, 0x0000, 0x0000, 0x0000, 0x0000, 0x0000, 0x0000, 0x0000, 0x0000, 0x0000, 0x0000, 0x0000, 0x0000, 
	0x0000, 0x0000, 0x0000, 0xffff, 0xffff, 0x0000, 0x0000, 0x0000, 0x0000, 0x0000, 0x0000, 0x0000, 0x0000, 0xffff, 0xffff, 0x0000, 
	0x0000, 0x0000, 0x0000, 0x0000, 0x0000, 0x0000, 0x0000, 0x0000, 0x0000, 0x0000, 0x0000, 0xffff, 0xffff, 0xffff, 0x0000, 0x0000, 
	0x0000, 0x0000, 0x0000, 0x0000, 0x0000, 0x0000, 0xffff, 0xffff, 0x0000, 0x0000, 0x0000, 0x0000, 0x0000, 0x0000, 0x0000, 0x0000, 
	0x0000, 0x0000, 0x0000, 0x0000, 0xffff, 0xffff, 0x0000, 0x0000, 0x0000, 0x0000, 0x0000, 0x0000, 0x0000, 0x0000, 0x0000, 0xffff, 
	0xffff, 0xffff, 0xffff, 0x0000, 0x0000, 0x0000, 0x0000, 0x0000, 0x0000, 0x0000, 0x0000, 0xffff, 0xffff, 0xffff, 0xffff, 0x0000, 
	0x0000, 0x0000, 0x0000, 0x0000, 0x0000, 0x0000, 0x0000, 0x0000, 0x0000, 0xffff, 0xffff, 0xffff, 0xffff, 0x0000, 0x0000, 0x0000, 
	0x0000, 0x0000, 0xffff, 0xffff, 0xffff, 0xffff, 0xffff, 0x0000, 0x0000, 0x0000, 0x0000, 0x0000, 0x0000, 0x0000, 0x0000, 0x0000, 
	0x0000, 0x0000, 0x0000, 0x0000, 0xffff, 0xffff, 0xffff, 0xffff, 0xffff, 0xffff, 0xffff, 0xffff, 0xffff, 0xffff, 0x0000, 0x0000, 
	0x0000, 0x0000, 0x0000, 0x0000, 0x0000, 0x0000, 0x0000, 0x0000, 0x0000, 0x0000, 0x0000, 0x0000, 0x0000, 0x0000, 0xffff, 0xffff, 
	0xffff, 0xffff, 0xffff, 0xffff, 0xffff, 0x0000, 0x0000, 0x0000, 0x0000, 0x0000, 0x0000, 0x0000, 0x0000, 0x0000, 0x0000, 0x0000, 
	0x0000, 0x0000, 0x0000, 0x0000, 0x0000, 0x0000, 0x0000, 0x0000, 0x0000, 0x0000, 0x0000, 0x0000, 0x0000, 0x0000, 0x0000, 0x0000, 
	0x0000, 0x0000, 0x0000, 0x0000, 0x0000, 0x0000, 0x0000, 0x0000, 0x0000, 0x0000, 0x0000, 0x0000, 0x0000, 0x0000, 0x0000, 0x0000, 
	0x0000, 0x0000, 0x0000, 0x0000, 0x0000, 0x0000, 0x0000, 0x0000, 0x0000, 0x0000, 0x0000, 0x0000, 0x0000, 0x0000, 0x0000, 0x0000, 
	0x0000
};

const uint16_t plustwoD[] PROGMEM = {
	0x0000, 0x0000, 0x0000, 0x0000, 0x0000, 0x0000, 0x0000, 0x0000, 0x0000, 0x0000, 0x0000, 0x0000, 0x0000, 0x0000, 0x0000, 0x0000, 
	0x0000, 0x0000, 0x0000, 0x0000, 0x0000, 0x0000, 0x0000, 0x0000, 0x0000, 0x0000, 0x0000, 0x0000, 0x0000, 0x0000, 0x0000, 0x0000, 
	0x0000, 0x0000, 0x0000, 0x0000, 0x0000, 0x0000, 0x0000, 0x0000, 0x0000, 0x0000, 0x0000, 0x0000, 0x0000, 0xffff, 0xffff, 0x0000, 
	0x0000, 0x0000, 0x0000, 0x0000, 0x0000, 0x0000, 0x0000, 0x0000, 0x0000, 0x0000, 0x0000, 0x0000, 0x0000, 0x0000, 0x0000, 0x0000, 
	0x0000, 0x0000, 0x0000, 0xd000, 0xd000, 0xd000, 0xffff, 0xffff, 0x0000, 0x0000, 0x0000, 0x0000, 0x0000, 0x0000, 0x0000, 0x0000, 
	0x0000, 0x0000, 0x0000, 0x0000, 0x0000, 0x0000, 0x0000, 0x0000, 0xd000, 0xd000, 0xd000, 0xd000, 0xd000, 0xd000, 0xd000, 0xffff, 
	0xffff, 0x0000, 0x0000, 0x0000, 0x0000, 0x0000, 0x0000, 0x0000, 0x0000, 0x0000, 0x0000, 0x0000, 0x0000, 0xd000, 0xd000, 0xd000, 
	0xd000, 0xd000, 0xd000, 0xd000, 0xd000, 0xd000, 0xd000, 0xd000, 0xffff, 0xffff, 0x0000, 0x0000, 0x0000, 0x0000, 0x0000, 0x0000, 
	0x0000, 0x0000, 0xd000, 0xd000, 0xd000, 0xd000, 0xd000, 0xd000, 0xd000, 0xd000, 0xd000, 0xd000, 0xd000, 0xd000, 0xd000, 0xd000, 
	0xd000, 0xffff, 0xffff, 0x0000, 0x0000, 0x0000, 0x0000, 0x0000, 0x0000, 0xd000, 0xd000, 0xd000, 0xd000, 0xd000, 0xd000, 0xd000, 
	0xd000, 0xd000, 0xd000, 0xd000, 0xd000, 0xd000, 0xd000, 0xd000, 0xd000, 0xd000, 0xffff, 0xffff, 0x0000, 0x0000, 0x0000, 0x0000, 
	0x0000, 0x0000, 0xd000, 0xd000, 0xd000, 0xd000, 0xd000, 0xd000, 0xd000, 0xd000, 0xd000, 0xd000, 0xd000, 0xd000, 0xd000, 0xd000, 
	0xd000, 0xd000, 0xd000, 0xffff, 0xffff, 0x0000, 0x0000, 0x0000, 0x0000, 0x0000, 0x0000, 0xd000, 0xd000, 0xd000, 0xd000, 0xd000, 
	0xd000, 0xd000, 0xd000, 0xd000, 0xd000, 0xd000, 0xd000, 0xd000, 0xd000, 0xd000, 0xd000, 0xd000, 0xffff, 0xffff, 0x0000, 0x0000, 
	0x0000, 0x0000, 0x0000, 0x0000, 0xd000, 0xd000, 0xd000, 0xd000, 0xd000, 0xd000, 0xd000, 0xd000, 0xd000, 0xd000, 0xd000, 0xd000, 
	0xd000, 0xd000, 0xd000, 0xd000, 0xd000, 0xffff, 0xffff, 0x0000, 0x0000, 0x0000, 0x0000, 0x0000, 0x0000, 0xd000, 0xd000, 0xd000, 
	0xd000, 0xd000, 0xd000, 0xd000, 0xd000, 0xd000, 0xd000, 0xd000, 0xd000, 0xd000, 0xd000, 0xd000, 0xd000, 0xd000, 0xffff, 0xffff, 
	0x0000, 0x0000, 0x0000, 0x0000, 0x0000, 0x0000, 0xd000, 0xd000, 0xd000, 0xd000, 0xd000, 0xd000, 0xd000, 0xd000, 0xd000, 0xd000, 
	0xd000, 0xd000, 0xd000, 0xd000, 0xd000, 0xd000, 0xd000, 0xffff, 0xffff, 0x0000, 0x0000, 0x0000, 0x0000, 0x0000, 0x0000, 0xd000, 
	0xd000, 0xd000, 0xd000, 0xd000, 0xd000, 0xd000, 0xd000, 0xd000, 0xd000, 0xd000, 0xd000, 0xd000, 0xd000, 0xd000, 0xd000, 0xd000, 
	0xffff, 0xffff, 0x0000, 0x0000, 0x0000, 0x0000, 0x0000, 0x0000, 0xd000, 0xd000, 0xd000, 0xd000, 0xd000, 0xd000, 0xd000, 0xd000, 
	0xd000, 0xd000, 0xd000, 0xd000, 0xd000, 0xd000, 0x0000, 0x0000, 0x0000, 0xffff, 0xffff, 0x0000, 0x0000, 0x0000, 0x0000, 0x0000, 
	0x0000, 0xd000, 0xd000, 0xd000, 0xd000, 0xd000, 0xd000, 0xd000, 0xd000, 0xd000, 0x0000, 0x0000, 0x0000, 0x0000, 0x0000, 0x0000, 
	0x0000, 0x0000, 0xffff, 0xffff, 0x0000, 0x0000, 0x0000, 0x0000, 0x0000, 0x0000, 0xd000, 0xd000, 0xd000, 0xd000, 0x0000, 0x0000, 
	0x0000, 0x0000, 0x0000, 0x0000, 0x0000, 0x0000, 0x0000, 0x0000, 0x0000, 0x0000, 0x0000, 0xffff, 0xffff, 0x0000, 0x0000, 0x0000, 
	0x0000, 0x0000, 0x0000, 0x0000, 0x0000, 0x0000, 0x0000, 0x0000, 0x0000, 0x0000, 0x0000, 0x0000, 0x0000, 0x0000, 0x0000, 0x0000, 
	0x0000, 0x0000, 0x0000, 0x0000, 0xffff, 0xffff, 0x0000, 0x0000, 0x0000, 0x0000, 0x0000, 0x0000, 0x0000, 0x0000, 0x0000, 0x0000, 
	0x0000, 0x0000, 0x0000, 0x0000, 0x0000, 0x0000, 0x0000, 0x0000, 0x0000, 0x0000, 0x0000, 0x0000, 0x0000, 0xffff, 0xffff, 0x0000, 
	0x0000, 0x0000, 0x0000, 0x0000, 0x0000, 0x0000, 0x0000, 0x0000, 0x0000, 0x0000, 0x0000, 0x0000, 0x0000, 0x0000, 0x0000, 0x0000, 
	0x0000, 0x0000, 0x0000, 0x0000, 0x0000, 0x0000, 0xffff, 0xffff, 0x0000, 0x0000, 0x0000, 0x0000, 0x0000, 0x0000, 0x0000, 0x0000, 
	0x0000, 0x0000, 0x0000, 0x0000, 0x0000, 0x0000, 0x0000, 0x0000, 0x0000, 0x0000, 0x0000, 0x0000, 0x0000, 0x0000, 0x0000, 0xffff, 
	0xffff, 0x0000, 0x0000, 0x0000, 0x0000, 0x0000, 0x0000, 0x0000, 0x0000, 0x0000, 0x0000, 0x0000, 0x0000, 0x0000, 0x0000, 0x0000, 
	0x0000, 0x0000, 0x0000, 0x0000, 0x0000, 0x0000, 0x0000, 0x0000, 0xffff, 0xffff, 0x0000, 0x0000, 0x0000, 0x0000, 0x0000, 0x0000, 
	0x0000, 0x0000, 0x0000, 0x0000, 0x0000, 0x0000, 0x0000, 0x0000, 0x0000, 0x0000, 0x0000, 0x0000, 0x0000, 0x0000, 0x0000, 0x0000, 
	0x0000, 0xffff, 0xffff, 0x0000, 0x0000, 0x0000, 0x0000, 0x0000, 0x0000, 0x0000, 0x0000, 0x0000, 0x0000, 0x0000, 0x0000, 0x0000, 
	0x0000, 0x0000, 0x0000, 0x0000, 0x0000, 0x0000, 0x0000, 0x0000, 0x0000, 0x0000, 0xffff, 0xffff, 0x0000, 0x0000, 0x0000, 0x0000, 
	0x0000, 0x0000, 0x0000, 0x0000, 0x0000, 0x0000, 0x0000, 0x0000, 0x0000, 0x0000, 0x0000, 0x0000, 0x0000, 0x0000, 0x0000, 0x0000, 
	0x0000, 0x0000, 0x0000, 0xffff, 0xffff, 0x0000, 0x0000, 0x0000, 0x0000, 0x0000, 0x0000, 0x0000, 0x0000, 0x0000, 0x0000, 0x0000, 
	0x0000, 0x0000, 0x0000, 0x0000, 0x0000, 0x0000, 0x0000, 0x0000, 0x0000, 0x0000, 0x0000, 0x0000, 0x0000, 0x0000, 0x0000, 0x0000, 
	0x0000
};

const uint16_t solvesD[] PROGMEM = {
	0x0000, 0x0000, 0x0000, 0x0000, 0x0000, 0x0000, 0x0000, 0x0000, 0x0000, 0x0000, 0x0000, 0x0000, 0x0000, 0x0000, 0x0000, 0x0000, 
	0x0000, 0x0000, 0x0000, 0x0000, 0x0000, 0x0000, 0x0000, 0x0000, 0x0000, 0x0000, 0x0000, 0x0000, 0x0000, 0x0000, 0x0000, 0x0000, 
	0x0000, 0x0000, 0x0000, 0x0000, 0x0000, 0x0000, 0x0000, 0x0000, 0x0000, 0x0000, 0x0000, 0x0000, 0x0000, 0x0000, 0x0000, 0x0000, 
	0x0000, 0x0000, 0x0000, 0x0000, 0x0000, 0xffff, 0xffff, 0xffff, 0xffff, 0xffff, 0xffff, 0xffff, 0xffff, 0xffff, 0xffff, 0xffff, 
	0xffff, 0xffff, 0xffff, 0xffff, 0xffff, 0xffff, 0xffff, 0xffff, 0x0000, 0x0000, 0x0000, 0x0000, 0x0000, 0x0000, 0xffff, 0xffff, 
	0xffff, 0xffff, 0xffff, 0xffff, 0xffff, 0xffff, 0xffff, 0xffff, 0xffff, 0xffff, 0xffff, 0xffff, 0xffff, 0xffff, 0xffff, 0xffff, 
	0xffff, 0x0000, 0x0000, 0x0000, 0x0000, 0x0000, 0x0000, 0xffff, 0xffff, 0x0000, 0x0000, 0x0000, 0x0000, 0x0000, 0x0000, 0x0000, 
	0x0000, 0x0000, 0x0000, 0x0000, 0x0000, 0x0000, 0x0000, 0x0000, 0xffff, 0xffff, 0x0000, 0x0000, 0x0000, 0x0000, 0x0000, 0x0000, 
	0xffff, 0xffff, 0x0000, 0x0000, 0x0000, 0x0000, 0x0000, 0x0000, 0x0000, 0x0000, 0x0000, 0x0000, 0x0000, 0x0000, 0x0000, 0x0000, 
	0x0000, 0xffff, 0xffff, 0x0000, 0x0000, 0x0000, 0x0000, 0x0000, 0x0000, 0xffff, 0xffff, 0x0000, 0x0000, 0xffff, 0x0000, 0x0000, 
	0xffff, 0xffff, 0xffff, 0xffff, 0xffff, 0xffff, 0xffff, 0xffff, 0x0000, 0x0000, 0xffff, 0xffff, 0x0000, 0x0000, 0x0000, 0x0000, 
	0x0000, 0x0000, 0xffff, 0xffff, 0x0000, 0x0000, 0x0000, 0x0000, 0x0000, 0x0000, 0x0000, 0x0000, 0x0000, 0x0000, 0x0000, 0x0000, 
	0x0000, 0x0000, 0x0000, 0xffff, 0xffff, 0x0000, 0x0000, 0x0000, 0x0000, 0x0000, 0x0000, 0xffff, 0xffff, 0x0000, 0x0000, 0x0000, 
	0x0000, 0x0000, 0x0000, 0x0000, 0x0000, 0x0000, 0x0000, 0x0000, 0x0000, 0x0000, 0x0000, 0x0000, 0xffff, 0xffff, 0x0000, 0x0000, 
	0x0000, 0x0000, 0x0000, 0x0000, 0xffff, 0xffff, 0x0000, 0x0000, 0xffff, 0x0000, 0x0000, 0xffff, 0xffff, 0xffff, 0xffff, 0xffff, 
	0xffff, 0xffff, 0xffff, 0x0000, 0x0000, 0xffff, 0xffff, 0x0000, 0x0000, 0x0000, 0x0000, 0x0000, 0x0000, 0xffff, 0xffff, 0x0000, 
	0x0000, 0x0000, 0x0000, 0x0000, 0x0000, 0x0000, 0x0000, 0x0000, 0x0000, 0x0000, 0x0000, 0x0000, 0x0000, 0x0000, 0xffff, 0xffff, 
	0x0000, 0x0000, 0x0000, 0x0000, 0x0000, 0x0000, 0xffff, 0xffff, 0x0000, 0x0000, 0x0000, 0x0000, 0x0000, 0x0000, 0x0000, 0x0000, 
	0x0000, 0x0000, 0x0000, 0x0000, 0x0000, 0x0000, 0x0000, 0xffff, 0xffff, 0x0000, 0x0000, 0x0000, 0x0000, 0x0000, 0x0000, 0xffff, 
	0xffff, 0x0000, 0x0000, 0xffff, 0x0000, 0x0000, 0xffff, 0xffff, 0xffff, 0xffff, 0xffff, 0xffff, 0xffff, 0xffff, 0x0000, 0x0000, 
	0xffff, 0xffff, 0x0000, 0x0000, 0x0000, 0x0000, 0x0000, 0x0000, 0xffff, 0xffff, 0x0000, 0x0000, 0x0000, 0x0000, 0x0000, 0x0000, 
	0x0000, 0x0000, 0x0000, 0x0000, 0x0000, 0x0000, 0x0000, 0x0000, 0x0000, 0xffff, 0xffff, 0x0000, 0x0000, 0x0000, 0x0000, 0x0000, 
	0x0000, 0xffff, 0xffff, 0x0000, 0x0000, 0x0000, 0x0000, 0x0000, 0x0000, 0x0000, 0x0000, 0x0000, 0x0000, 0x0000, 0x0000, 0x0000, 
	0x0000, 0x0000, 0xffff, 0xffff, 0x0000, 0x0000, 0x0000, 0x0000, 0x0000, 0x0000, 0xffff, 0xffff, 0x0000, 0x0000, 0xffff, 0x0000, 
	0x0000, 0xffff, 0xffff, 0xffff, 0xffff, 0xffff, 0xffff, 0xffff, 0xffff, 0x0000, 0x0000, 0xffff, 0xffff, 0x0000, 0x0000, 0x0000, 
	0x0000, 0x0000, 0x0000, 0xffff, 0xffff, 0x0000, 0x0000, 0x0000, 0x0000, 0x0000, 0x0000, 0x0000, 0x0000, 0x0000, 0x0000, 0x0000, 
	0x0000, 0x0000, 0x0000, 0x0000, 0xffff, 0xffff, 0x0000, 0x0000, 0x0000, 0x0000, 0x0000, 0x0000, 0xffff, 0xffff, 0x0000, 0x0000, 
	0x0000, 0x0000, 0x0000, 0x0000, 0x0000, 0x0000, 0x0000, 0x0000, 0x0000, 0x0000, 0x0000, 0x0000, 0x0000, 0xffff, 0xffff, 0x0000, 
	0x0000, 0x0000, 0x0000, 0x0000, 0x0000, 0xffff, 0xffff, 0x0000, 0x0000, 0xffff, 0x0000, 0x0000, 0xffff, 0xffff, 0xffff, 0xffff, 
	0xffff, 0xffff, 0xffff, 0xffff, 0x0000, 0x0000, 0xffff, 0xffff, 0x0000, 0x0000, 0x0000, 0x0000, 0x0000, 0x0000, 0xffff, 0xffff, 
	0x0000, 0x0000, 0x0000, 0x0000, 0x0000, 0x0000, 0x0000, 0x0000, 0x0000, 0x0000, 0x0000, 0x0000, 0x0000, 0x0000, 0x0000, 0xffff, 
	0xffff, 0x0000, 0x0000, 0x0000, 0x0000, 0x0000, 0x0000, 0xffff, 0xffff, 0x0000, 0x0000, 0x0000, 0x0000, 0x0000, 0x0000, 0x0000, 
	0x0000, 0x0000, 0x0000, 0x0000, 0x0000, 0x0000, 0x0000, 0x0000, 0xffff, 0xffff, 0x0000, 0x0000, 0x0000, 0x0000, 0x0000, 0x0000, 
	0xffff, 0xffff, 0xffff, 0xffff, 0xffff, 0xffff, 0xffff, 0xffff, 0xffff, 0xffff, 0xffff, 0xffff, 0xffff, 0xffff, 0xffff, 0xffff, 
	0xffff, 0xffff, 0xffff, 0x0000, 0x0000, 0x0000, 0x0000, 0x0000, 0x0000, 0xffff, 0xffff, 0xffff, 0xffff, 0xffff, 0xffff, 0xffff, 
	0xffff, 0xffff, 0xffff, 0xffff, 0xffff, 0xffff, 0xffff, 0xffff, 0xffff, 0xffff, 0xffff, 0xffff, 0x0000, 0x0000, 0x0000, 0x0000, 
	0x0000, 0x0000, 0x0000, 0x0000, 0x0000, 0x0000, 0x0000, 0x0000, 0x0000, 0x0000, 0x0000, 0x0000, 0x0000, 0x0000, 0x0000, 0x0000, 
	0x0000, 0x0000, 0x0000, 0x0000, 0x0000, 0x0000, 0x0000, 0x0000, 0x0000, 0x0000, 0x0000, 0x0000, 0x0000, 0x0000, 0x0000, 0x0000, 
	0x0000, 0x0000, 0x0000, 0x0000, 0x0000, 0x0000, 0x0000, 0x0000, 0x0000, 0x0000, 0x0000, 0x0000, 0x0000, 0x0000, 0x0000, 0x0000, 
	0x0000
};

const uint16_t vermezclaD[] PROGMEM = {
	0xffff, 0xffff, 0xffff, 0xffff, 0xffff, 0xffff, 0xffff, 0xffff, 0xffff, 0xffff, 0xffff, 0xffff, 0xffff, 0xffff, 0xffff, 0xffff, 
	0xffff, 0xffff, 0xffff, 0xffff, 0xffff, 0xffff, 0xffff, 0xffff, 0xffff, 0xffff, 0xffff, 0xffff, 0xffff, 0xffff, 0xffff, 0xffff, 
	0xffff, 0xffff, 0xffff, 0xffff, 0xffff, 0xffff, 0xffff, 0xffff, 0xffff, 0xffff, 0xffff, 0xffff, 0xffff, 0xffff, 0xffff, 0xffff, 
	0xffff, 0xffff, 0xffff, 0xffff, 0xffff, 0xffff, 0xffff, 0xffff, 0xffff, 0xffff, 0xffff, 0xffff, 0xffff, 0xffff, 0xffff, 0xffff, 
	0xffff, 0xffff, 0xffff, 0xffff, 0xffff, 0xffff, 0xffff, 0xffff, 0xffff, 0xffff, 0xffff, 0xffff, 0xffff, 0xffff, 0xffff, 0xffff, 
	0xffff, 0xffff, 0xffff, 0xffff, 0xffff, 0xffff, 0xffff, 0xffff, 0xffff, 0xffff, 0xffff, 0xffff, 0xffff, 0xffff, 0xffff, 0xffff, 
	0xffff, 0xffff, 0xffff, 0xffff, 0xffff, 0xffff, 0xffff, 0xffff, 0xffff, 0xffff, 0xffff, 0xffff, 0xffff, 0xffff, 0xd000, 0xd000, 
	0xd000, 0xd000, 0xd000, 0xd000, 0xd000, 0xd000, 0xd000, 0xd000, 0xd000, 0xd000, 0xd000, 0xd000, 0xd000, 0xd000, 0xffff, 0xfc04, 
	0xfc04, 0xfc04, 0xfc04, 0xfc04, 0xfc04, 0xfc04, 0xfc04, 0xfc04, 0xfc04, 0xfc04, 0xfc04, 0xfc04, 0xfc04, 0xfc04, 0xfc04, 0xffff, 
	0x21fb, 0x21fb, 0x21fb, 0x21fb, 0x21fb, 0x21fb, 0x21fb, 0x21fb, 0x21fb, 0x21fb, 0x21fb, 0x21fb, 0x21fb, 0x21fb, 0x21fb, 0x21fb, 
	0xffff, 0xffff, 0xffff, 0xffff, 0xd000, 0xd000, 0xd000, 0xd000, 0xd000, 0xd000, 0xd000, 0xd000, 0xd000, 0xd000, 0xd000, 0xd000, 
	0xd000, 0xd000, 0xd000, 0xd000, 0xffff, 0xfc04, 0xfc04, 0xfc04, 0xfc04, 0xfc04, 0xfc04, 0xfc04, 0xfc04, 0xfc04, 0xfc04, 0xfc04, 
	0xfc04, 0xfc04, 0xfc04, 0xfc04, 0xfc04, 0xffff, 0x21fb, 0x21fb, 0x21fb, 0x21fb, 0x21fb, 0x21fb, 0x21fb, 0x21fb, 0x21fb, 0x21fb, 
	0x21fb, 0x21fb, 0x21fb, 0x21fb, 0x21fb, 0x21fb, 0xffff, 0xffff, 0xffff, 0xffff, 0xd000, 0xd000, 0xd000, 0xd000, 0xd000, 0xd000, 
	0xd000, 0xd000, 0xd000, 0xd000, 0xd000, 0xd000, 0xd000, 0xd000, 0xd000, 0xd000, 0xffff, 0xfc04, 0xfc04, 0xfc04, 0xfc04, 0xfc04, 
	0xfc04, 0xfc04, 0xfc04, 0xfc04, 0xfc04, 0xfc04, 0xfc04, 0xfc04, 0xfc04, 0xfc04, 0xfc04, 0xffff, 0x21fb, 0x21fb, 0x21fb, 0x21fb, 
	0x21fb, 0x21fb, 0x21fb, 0x21fb, 0x21fb, 0x21fb, 0x21fb, 0x21fb, 0x21fb, 0x21fb, 0x21fb, 0x21fb, 0xffff, 0xffff, 0xffff, 0xffff, 
	0xd000, 0xd000, 0xd000, 0xd000, 0xd000, 0xd000, 0xd000, 0xd000, 0xd000, 0xd000, 0xd000, 0xd000, 0xd000, 0xd000, 0xd000, 0xd000, 
	0xffff, 0xfc04, 0xfc04, 0xfc04, 0xfc04, 0xfc04, 0xfc04, 0xfc04, 0xfc04, 0xfc04, 0xfc04, 0xfc04, 0xfc04, 0xfc04, 0xfc04, 0xfc04, 
	0xfc04, 0xffff, 0x21fb, 0x21fb, 0x21fb, 0x21fb, 0x21fb, 0x21fb, 0x21fb, 0x21fb, 0x21fb, 0x21fb, 0x21fb, 0x21fb, 0x21fb, 0x21fb, 
	0x21fb, 0x21fb, 0xffff, 0xffff, 0xffff, 0xffff, 0xd000, 0xd000, 0xd000, 0xd000, 0xd000, 0xd000, 0xd000, 0xd000, 0xd000, 0xd000, 
	0xd000, 0xd000, 0xd000, 0xd000, 0xd000, 0xd000, 0xffff, 0xfc04, 0xfc04, 0xfc04, 0xfc04, 0xfc04, 0xfc04, 0xfc04, 0xfc04, 0xfc04, 
	0xfc04, 0xfc04, 0xfc04, 0xfc04, 0xfc04, 0xfc04, 0xfc04, 0xffff, 0x21fb, 0x21fb, 0x21fb, 0x21fb, 0x21fb, 0x21fb, 0x21fb, 0x21fb, 
	0x21fb, 0x21fb, 0x21fb, 0x21fb, 0x21fb, 0x21fb, 0x21fb, 0x21fb, 0xffff, 0xffff, 0xffff, 0xffff, 0xd000, 0xd000, 0xd000, 0xd000, 
	0xd000, 0xd000, 0xd000, 0xd000, 0xd000, 0xd000, 0xd000, 0xd000, 0xd000, 0xd000, 0xd000, 0xd000, 0xffff, 0xfc04, 0xfc04, 0xfc04, 
	0xfc04, 0xfc04, 0xfc04, 0xfc04, 0xfc04, 0xfc04, 0xfc04, 0xfc04, 0xfc04, 0xfc04, 0xfc04, 0xfc04, 0xfc04, 0xffff, 0x21fb, 0x21fb, 
	0x21fb, 0x21fb, 0x21fb, 0x21fb, 0x21fb, 0x21fb, 0x21fb, 0x21fb, 0x21fb, 0x21fb, 0x21fb, 0x21fb, 0x21fb, 0x21fb, 0xffff, 0xffff, 
	0xffff, 0xffff, 0xd000, 0xd000, 0xd000, 0xd000, 0xd000, 0xd000, 0xd000, 0xd000, 0xd000, 0xd000, 0xd000, 0xd000, 0xd000, 0xd000, 
	0xd000, 0xd000, 0xffff, 0xfc04, 0xfc04, 0xfc04, 0xfc04, 0xfc04, 0xfc04, 0xfc04, 0xfc04, 0xfc04, 0xfc04, 0xfc04, 0xfc04, 0xfc04, 
	0xfc04, 0xfc04, 0xfc04, 0xffff, 0x21fb, 0x21fb, 0x21fb, 0x21fb, 0x21fb, 0x21fb, 0x21fb, 0x21fb, 0x21fb, 0x21fb, 0x21fb, 0x21fb, 
	0x21fb, 0x21fb, 0x21fb, 0x21fb, 0xffff, 0xffff, 0xffff, 0xffff, 0xd000, 0xd000, 0xd000, 0xd000, 0xd000, 0xd000, 0xd000, 0xd000, 
	0xd000, 0xd000, 0xd000, 0xd000, 0xd000, 0xd000, 0xd000, 0xd000, 0xffff, 0xfc04, 0xfc04, 0xfc04, 0xfc04, 0xfc04, 0xfc04, 0xfc04, 
	0xfc04, 0xfc04, 0xfc04, 0xfc04, 0xfc04, 0xfc04, 0xfc04, 0xfc04, 0xfc04, 0xffff, 0x21fb, 0x21fb, 0x21fb, 0x21fb, 0x21fb, 0x21fb, 
	0x21fb, 0x21fb, 0x21fb, 0x21fb, 0x21fb, 0x21fb, 0x21fb, 0x21fb, 0x21fb, 0x21fb, 0xffff, 0xffff, 0xffff, 0xffff, 0xd000, 0xd000, 
	0xd000, 0xd000, 0xd000, 0xd000, 0xd000, 0xd000, 0xd000, 0xd000, 0xd000, 0xd000, 0xd000, 0xd000, 0xd000, 0xd000, 0xffff, 0xfc04, 
	0xfc04, 0xfc04, 0xfc04, 0xfc04, 0xfc04, 0xfc04, 0xfc04, 0xfc04, 0xfc04, 0xfc04, 0xfc04, 0xfc04, 0xfc04, 0xfc04, 0xfc04, 0xffff, 
	0x21fb, 0x21fb, 0x21fb, 0x21fb, 0x21fb, 0x21fb, 0x21fb, 0x21fb, 0x21fb, 0x21fb, 0x21fb, 0x21fb, 0x21fb, 0x21fb, 0x21fb, 0x21fb, 
	0xffff, 0xffff, 0xffff, 0xffff, 0xd000, 0xd000, 0xd000, 0xd000, 0xd000, 0xd000, 0xd000, 0xd000, 0xd000, 0xd000, 0xd000, 0xd000, 
	0xd000, 0xd000, 0xd000, 0xd000, 0xffff, 0xfc04, 0xfc04, 0xfc04, 0xfc04, 0xfc04, 0xfc04, 0xfc04, 0xfc04, 0xfc04, 0xfc04, 0xfc04, 
	0xfc04, 0xfc04, 0xfc04, 0xfc04, 0xfc04, 0xffff, 0x21fb, 0x21fb, 0x21fb, 0x21fb, 0x21fb, 0x21fb, 0x21fb, 0x21fb, 0x21fb, 0x21fb, 
	0x21fb, 0x21fb, 0x21fb, 0x21fb, 0x21fb, 0x21fb, 0xffff, 0xffff, 0xffff, 0xffff, 0xd000, 0xd000, 0xd000, 0xd000, 0xd000, 0xd000, 
	0xd000, 0xd000, 0xd000, 0xd000, 0xd000, 0xd000, 0xd000, 0xd000, 0xd000, 0xd000, 0xffff, 0xfc04, 0xfc04, 0xfc04, 0xfc04, 0xfc04, 
	0xfc04, 0xfc04, 0xfc04, 0xfc04, 0xfc04, 0xfc04, 0xfc04, 0xfc04, 0xfc04, 0xfc04, 0xfc04, 0xffff, 0x21fb, 0x21fb, 0x21fb, 0x21fb, 
	0x21fb, 0x21fb, 0x21fb, 0x21fb, 0x21fb, 0x21fb, 0x21fb, 0x21fb, 0x21fb, 0x21fb, 0x21fb, 0x21fb, 0xffff, 0xffff, 0xffff, 0xffff, 
	0xd000, 0xd000, 0xd000, 0xd000, 0xd000, 0xd000, 0xd000, 0xd000, 0xd000, 0xd000, 0xd000, 0xd000, 0xd000, 0xd000, 0xd000, 0xd000, 
	0xffff, 0xfc04, 0xfc04, 0xfc04, 0xfc04, 0xfc04, 0xfc04, 0xfc04, 0xfc04, 0xfc04, 0xfc04, 0xfc04, 0xfc04, 0xfc04, 0xfc04, 0xfc04, 
	0xfc04, 0xffff, 0x21fb, 0x21fb, 0x21fb, 0x21fb, 0x21fb, 0x21fb, 0x21fb, 0x21fb, 0x21fb, 0x21fb, 0x21fb, 0x21fb, 0x21fb, 0x21fb, 
	0x21fb, 0x21fb, 0xffff, 0xffff, 0xffff, 0xffff, 0xd000, 0xd000, 0xd000, 0xd000, 0xd000, 0xd000, 0xd000, 0xd000, 0xd000, 0xd000, 
	0xd000, 0xd000, 0xd000, 0xd000, 0xd000, 0xd000, 0xffff, 0xfc04, 0xfc04, 0xfc04, 0xfc04, 0xfc04, 0xfc04, 0xfc04, 0xfc04, 0xfc04, 
	0xfc04, 0xfc04, 0xfc04, 0xfc04, 0xfc04, 0xfc04, 0xfc04, 0xffff, 0x21fb, 0x21fb, 0x21fb, 0x21fb, 0x21fb, 0x21fb, 0x21fb, 0x21fb, 
	0x21fb, 0x21fb, 0x21fb, 0x21fb, 0x21fb, 0x21fb, 0x21fb, 0x21fb, 0xffff, 0xffff, 0xffff, 0xffff, 0xd000, 0xd000, 0xd000, 0xd000, 
	0xd000, 0xd000, 0xd000, 0xd000, 0xd000, 0xd000, 0xd000, 0xd000, 0xd000, 0xd000, 0xd000, 0xd000, 0xffff, 0xfc04, 0xfc04, 0xfc04, 
	0xfc04, 0xfc04, 0xfc04, 0xfc04, 0xfc04, 0xfc04, 0xfc04, 0xfc04, 0xfc04, 0xfc04, 0xfc04, 0xfc04, 0xfc04, 0xffff, 0x21fb, 0x21fb, 
	0x21fb, 0x21fb, 0x21fb, 0x21fb, 0x21fb, 0x21fb, 0x21fb, 0x21fb, 0x21fb, 0x21fb, 0x21fb, 0x21fb, 0x21fb, 0x21fb, 0xffff, 0xffff, 
	0xffff, 0xffff, 0xd000, 0xd000, 0xd000, 0xd000, 0xd000, 0xd000, 0xd000, 0xd000, 0xd000, 0xd000, 0xd000, 0xd000, 0xd000, 0xd000, 
	0xd000, 0xd000, 0xffff, 0xfc04, 0xfc04, 0xfc04, 0xfc04, 0xfc04, 0xfc04, 0xfc04, 0xfc04, 0xfc04, 0xfc04, 0xfc04, 0xfc04, 0xfc04, 
	0xfc04, 0xfc04, 0xfc04, 0xffff, 0x21fb, 0x21fb, 0x21fb, 0x21fb, 0x21fb, 0x21fb, 0x21fb, 0x21fb, 0x21fb, 0x21fb, 0x21fb, 0x21fb, 
	0x21fb, 0x21fb, 0x21fb, 0x21fb, 0xffff, 0xffff, 0xffff, 0xffff, 0xd000, 0xd000, 0xd000, 0xd000, 0xd000, 0xd000, 0xd000, 0xd000, 
	0xd000, 0xd000, 0xd000, 0xd000, 0xd000, 0xd000, 0xd000, 0xd000, 0xffff, 0xfc04, 0xfc04, 0xfc04, 0xfc04, 0xfc04, 0xfc04, 0xfc04, 
	0xfc04, 0xfc04, 0xfc04, 0xfc04, 0xfc04, 0xfc04, 0xfc04, 0xfc04, 0xfc04, 0xffff, 0x21fb, 0x21fb, 0x21fb, 0x21fb, 0x21fb, 0x21fb, 
	0x21fb, 0x21fb, 0x21fb, 0x21fb, 0x21fb, 0x21fb, 0x21fb, 0x21fb, 0x21fb, 0x21fb, 0xffff, 0xffff, 0xffff, 0xffff, 0xffff, 0xffff, 
	0xffff, 0xffff, 0xffff, 0xffff, 0xffff, 0xffff, 0xffff, 0xffff, 0xffff, 0xffff, 0xffff, 0xffff, 0xffff, 0xffff, 0xffff, 0xffff, 
	0xffff, 0xffff, 0xffff, 0xffff, 0xffff, 0xffff, 0xffff, 0xffff, 0xffff, 0xffff, 0xffff, 0xffff, 0xffff, 0xffff, 0xffff, 0xffff, 
	0xffff, 0xffff, 0xffff, 0xffff, 0xffff, 0xffff, 0xffff, 0xffff, 0xffff, 0xffff, 0xffff, 0xffff, 0xffff, 0xffff, 0xffff, 0xffff, 
	0xffff, 0xffff, 0xffff, 0xffff, 0xfc04, 0xfc04, 0xfc04, 0xfc04, 0xfc04, 0xfc04, 0xfc04, 0xfc04, 0xfc04, 0xfc04, 0xfc04, 0xfc04, 
	0xfc04, 0xfc04, 0xfc04, 0xfc04, 0xffff, 0xeee2, 0xeee2, 0xeee2, 0xeee2, 0xeee2, 0xeee2, 0xeee2, 0xeee2, 0xeee2, 0xeee2, 0xeee2, 
	0xeee2, 0xeee2, 0xeee2, 0xeee2, 0xeee2, 0xffff, 0x21fb, 0x21fb, 0x21fb, 0x21fb, 0x21fb, 0x21fb, 0x21fb, 0x21fb, 0x21fb, 0x21fb, 
	0x21fb, 0x21fb, 0x21fb, 0x21fb, 0x21fb, 0x21fb, 0xffff, 0xffff, 0xffff, 0xffff, 0xfc04, 0xfc04, 0xfc04, 0xfc04, 0xfc04, 0xfc04, 
	0xfc04, 0xfc04, 0xfc04, 0xfc04, 0xfc04, 0xfc04, 0xfc04, 0xfc04, 0xfc04, 0xfc04, 0xffff, 0xeee2, 0xeee2, 0xeee2, 0xeee2, 0xeee2, 
	0xeee2, 0xeee2, 0xeee2, 0xeee2, 0xeee2, 0xeee2, 0xeee2, 0xeee2, 0xeee2, 0xeee2, 0xeee2, 0xffff, 0x21fb, 0x21fb, 0x21fb, 0x21fb, 
	0x21fb, 0x21fb, 0x21fb, 0x21fb, 0x21fb, 0x21fb, 0x21fb, 0x21fb, 0x21fb, 0x21fb, 0x21fb, 0x21fb, 0xffff, 0xffff, 0xffff, 0xffff, 
	0xfc04, 0xfc04, 0xfc04, 0xfc04, 0xfc04, 0xfc04, 0xfc04, 0xfc04, 0xfc04, 0xfc04, 0xfc04, 0xfc04, 0xfc04, 0xfc04, 0xfc04, 0xfc04, 
	0xffff, 0xeee2, 0xeee2, 0xeee2, 0xeee2, 0xeee2, 0xeee2, 0xeee2, 0xeee2, 0xeee2, 0xeee2, 0xeee2, 0xeee2, 0xeee2, 0xeee2, 0xeee2, 
	0xeee2, 0xffff, 0x21fb, 0x21fb, 0x21fb, 0x21fb, 0x21fb, 0x21fb, 0x21fb, 0x21fb, 0x21fb, 0x21fb, 0x21fb, 0x21fb, 0x21fb, 0x21fb, 
	0x21fb, 0x21fb, 0xffff, 0xffff, 0xffff, 0xffff, 0xfc04, 0xfc04, 0xfc04, 0xfc04, 0xfc04, 0xfc04, 0xfc04, 0xfc04, 0xfc04, 0xfc04, 
	0xfc04, 0xfc04, 0xfc04, 0xfc04, 0xfc04, 0xfc04, 0xffff, 0xeee2, 0xeee2, 0xeee2, 0xeee2, 0xeee2, 0xeee2, 0xeee2, 0xeee2, 0xeee2, 
	0xeee2, 0xeee2, 0xeee2, 0xeee2, 0xeee2, 0xeee2, 0xeee2, 0xffff, 0x21fb, 0x21fb, 0x21fb, 0x21fb, 0x21fb, 0x21fb, 0x21fb, 0x21fb, 
	0x21fb, 0x21fb, 0x21fb, 0x21fb, 0x21fb, 0x21fb, 0x21fb, 0x21fb, 0xffff, 0xffff, 0xffff, 0xffff, 0xfc04, 0xfc04, 0xfc04, 0xfc04, 
	0xfc04, 0xfc04, 0xfc04, 0xfc04, 0xfc04, 0xfc04, 0xfc04, 0xfc04, 0xfc04, 0xfc04, 0xfc04, 0xfc04, 0xffff, 0xeee2, 0xeee2, 0xeee2, 
	0xeee2, 0xeee2, 0xeee2, 0xeee2, 0xeee2, 0xeee2, 0xeee2, 0xeee2, 0xeee2, 0xeee2, 0xeee2, 0xeee2, 0xeee2, 0xffff, 0x21fb, 0x21fb, 
	0x21fb, 0x21fb, 0x21fb, 0x21fb, 0x21fb, 0x21fb, 0x21fb, 0x21fb, 0x21fb, 0x21fb, 0x21fb, 0x21fb, 0x21fb, 0x21fb, 0xffff, 0xffff, 
	0xffff, 0xffff, 0xfc04, 0xfc04, 0xfc04, 0xfc04, 0xfc04, 0xfc04, 0xfc04, 0xfc04, 0xfc04, 0xfc04, 0xfc04, 0xfc04, 0xfc04, 0xfc04, 
	0xfc04, 0xfc04, 0xffff, 0xeee2, 0xeee2, 0xeee2, 0xeee2, 0xeee2, 0xeee2, 0xeee2, 0xeee2, 0xeee2, 0xeee2, 0xeee2, 0xeee2, 0xeee2, 
	0xeee2, 0xeee2, 0xeee2, 0xffff, 0x21fb, 0x21fb, 0x21fb, 0x21fb, 0x21fb, 0x21fb, 0x21fb, 0x21fb, 0x21fb, 0x21fb, 0x21fb, 0x21fb, 
	0x21fb, 0x21fb, 0x21fb, 0x21fb, 0xffff, 0xffff, 0xffff, 0xffff, 0xfc04, 0xfc04, 0xfc04, 0xfc04, 0xfc04, 0xfc04, 0xfc04, 0xfc04, 
	0xfc04, 0xfc04, 0xfc04, 0xfc04, 0xfc04, 0xfc04, 0xfc04, 0xfc04, 0xffff, 0xeee2, 0xeee2, 0xeee2, 0xeee2, 0xeee2, 0xeee2, 0xeee2, 
	0xeee2, 0xeee2, 0xeee2, 0xeee2, 0xeee2, 0xeee2, 0xeee2, 0xeee2, 0xeee2, 0xffff, 0x21fb, 0x21fb, 0x21fb, 0x21fb, 0x21fb, 0x21fb, 
	0x21fb, 0x21fb, 0x21fb, 0x21fb, 0x21fb, 0x21fb, 0x21fb, 0x21fb, 0x21fb, 0x21fb, 0xffff, 0xffff, 0xffff, 0xffff, 0xfc04, 0xfc04, 
	0xfc04, 0xfc04, 0xfc04, 0xfc04, 0xfc04, 0xfc04, 0xfc04, 0xfc04, 0xfc04, 0xfc04, 0xfc04, 0xfc04, 0xfc04, 0xfc04, 0xffff, 0xeee2, 
	0xeee2, 0xeee2, 0xeee2, 0xeee2, 0xeee2, 0xeee2, 0xeee2, 0xeee2, 0xeee2, 0xeee2, 0xeee2, 0xeee2, 0xeee2, 0xeee2, 0xeee2, 0xffff, 
	0x21fb, 0x21fb, 0x21fb, 0x21fb, 0x21fb, 0x21fb, 0x21fb, 0x21fb, 0x21fb, 0x21fb, 0x21fb, 0x21fb, 0x21fb, 0x21fb, 0x21fb, 0x21fb, 
	0xffff, 0xffff, 0xffff, 0xffff, 0xfc04, 0xfc04, 0xfc04, 0xfc04, 0xfc04, 0xfc04, 0xfc04, 0xfc04, 0xfc04, 0xfc04, 0xfc04, 0xfc04, 
	0xfc04, 0xfc04, 0xfc04, 0xfc04, 0xffff, 0xeee2, 0xeee2, 0xeee2, 0xeee2, 0xeee2, 0xeee2, 0xeee2, 0xeee2, 0xeee2, 0xeee2, 0xeee2, 
	0xeee2, 0xeee2, 0xeee2, 0xeee2, 0xeee2, 0xffff, 0x21fb, 0x21fb, 0x21fb, 0x21fb, 0x21fb, 0x21fb, 0x21fb, 0x21fb, 0x21fb, 0x21fb, 
	0x21fb, 0x21fb, 0x21fb, 0x21fb, 0x21fb, 0x21fb, 0xffff, 0xffff, 0xffff, 0xffff, 0xfc04, 0xfc04, 0xfc04, 0xfc04, 0xfc04, 0xfc04, 
	0xfc04, 0xfc04, 0xfc04, 0xfc04, 0xfc04, 0xfc04, 0xfc04, 0xfc04, 0xfc04, 0xfc04, 0xffff, 0xeee2, 0xeee2, 0xeee2, 0xeee2, 0xeee2, 
	0xeee2, 0xeee2, 0xeee2, 0xeee2, 0xeee2, 0xeee2, 0xeee2, 0xeee2, 0xeee2, 0xeee2, 0xeee2, 0xffff, 0x21fb, 0x21fb, 0x21fb, 0x21fb, 
	0x21fb, 0x21fb, 0x21fb, 0x21fb, 0x21fb, 0x21fb, 0x21fb, 0x21fb, 0x21fb, 0x21fb, 0x21fb, 0x21fb, 0xffff, 0xffff, 0xffff, 0xffff, 
	0xfc04, 0xfc04, 0xfc04, 0xfc04, 0xfc04, 0xfc04, 0xfc04, 0xfc04, 0xfc04, 0xfc04, 0xfc04, 0xfc04, 0xfc04, 0xfc04, 0xfc04, 0xfc04, 
	0xffff, 0xeee2, 0xeee2, 0xeee2, 0xeee2, 0xeee2, 0xeee2, 0xeee2, 0xeee2, 0xeee2, 0xeee2, 0xeee2, 0xeee2, 0xeee2, 0xeee2, 0xeee2, 
	0xeee2, 0xffff, 0x21fb, 0x21fb, 0x21fb, 0x21fb, 0x21fb, 0x21fb, 0x21fb, 0x21fb, 0x21fb, 0x21fb, 0x21fb, 0x21fb, 0x21fb, 0x21fb, 
	0x21fb, 0x21fb, 0xffff, 0xffff, 0xffff, 0xffff, 0xfc04, 0xfc04, 0xfc04, 0xfc04, 0xfc04, 0xfc04, 0xfc04, 0xfc04, 0xfc04, 0xfc04, 
	0xfc04, 0xfc04, 0xfc04, 0xfc04, 0xfc04, 0xfc04, 0xffff, 0xeee2, 0xeee2, 0xeee2, 0xeee2, 0xeee2, 0xeee2, 0xeee2, 0xeee2, 0xeee2, 
	0xeee2, 0xeee2, 0xeee2, 0xeee2, 0xeee2, 0xeee2, 0xeee2, 0xffff, 0x21fb, 0x21fb, 0x21fb, 0x21fb, 0x21fb, 0x21fb, 0x21fb, 0x21fb, 
	0x21fb, 0x21fb, 0x21fb, 0x21fb, 0x21fb, 0x21fb, 0x21fb, 0x21fb, 0xffff, 0xffff, 0xffff, 0xffff, 0xfc04, 0xfc04, 0xfc04, 0xfc04, 
	0xfc04, 0xfc04, 0xfc04, 0xfc04, 0xfc04, 0xfc04, 0xfc04, 0xfc04, 0xfc04, 0xfc04, 0xfc04, 0xfc04, 0xffff, 0xeee2, 0xeee2, 0xeee2, 
	0xeee2, 0xeee2, 0xeee2, 0xeee2, 0xeee2, 0xeee2, 0xeee2, 0xeee2, 0xeee2, 0xeee2, 0xeee2, 0xeee2, 0xeee2, 0xffff, 0x21fb, 0x21fb, 
	0x21fb, 0x21fb, 0x21fb, 0x21fb, 0x21fb, 0x21fb, 0x21fb, 0x21fb, 0x21fb, 0x21fb, 0x21fb, 0x21fb, 0x21fb, 0x21fb, 0xffff, 0xffff, 
	0xffff, 0xffff, 0xfc04, 0xfc04, 0xfc04, 0xfc04, 0xfc04, 0xfc04, 0xfc04, 0xfc04, 0xfc04, 0xfc04, 0xfc04, 0xfc04, 0xfc04, 0xfc04, 
	0xfc04, 0xfc04, 0xffff, 0xeee2, 0xeee2, 0xeee2, 0xeee2, 0xeee2, 0xeee2, 0xeee2, 0xeee2, 0xeee2, 0xeee2, 0xeee2, 0xeee2, 0xeee2, 
	0xeee2, 0xeee2, 0xeee2, 0xffff, 0x21fb, 0x21fb, 0x21fb, 0x21fb, 0x21fb, 0x21fb, 0x21fb, 0x21fb, 0x21fb, 0x21fb, 0x21fb, 0x21fb, 
	0x21fb, 0x21fb, 0x21fb, 0x21fb, 0xffff, 0xffff, 0xffff, 0xffff, 0xfc04, 0xfc04, 0xfc04, 0xfc04, 0xfc04, 0xfc04, 0xfc04, 0xfc04, 
	0xfc04, 0xfc04, 0xfc04, 0xfc04, 0xfc04, 0xfc04, 0xfc04, 0xfc04, 0xffff, 0xeee2, 0xeee2, 0xeee2, 0xeee2, 0xeee2, 0xeee2, 0xeee2, 
	0xeee2, 0xeee2, 0xeee2, 0xeee2, 0xeee2, 0xeee2, 0xeee2, 0xeee2, 0xeee2, 0xffff, 0x21fb, 0x21fb, 0x21fb, 0x21fb, 0x21fb, 0x21fb, 
	0x21fb, 0x21fb, 0x21fb, 0x21fb, 0x21fb, 0x21fb, 0x21fb, 0x21fb, 0x21fb, 0x21fb, 0xffff, 0xffff, 0xffff, 0xffff, 0xfc04, 0xfc04, 
	0xfc04, 0xfc04, 0xfc04, 0xfc04, 0xfc04, 0xfc04, 0xfc04, 0xfc04, 0xfc04, 0xfc04, 0xfc04, 0xfc04, 0xfc04, 0xfc04, 0xffff, 0xeee2, 
	0xeee2, 0xeee2, 0xeee2, 0xeee2, 0xeee2, 0xeee2, 0xeee2, 0xeee2, 0xeee2, 0xeee2, 0xeee2, 0xeee2, 0xeee2, 0xeee2, 0xeee2, 0xffff, 
	0x21fb, 0x21fb, 0x21fb, 0x21fb, 0x21fb, 0x21fb, 0x21fb, 0x21fb, 0x21fb, 0x21fb, 0x21fb, 0x21fb, 0x21fb, 0x21fb, 0x21fb, 0x21fb, 
	0xffff, 0xffff, 0xffff, 0xffff, 0xffff, 0xffff, 0xffff, 0xffff, 0xffff, 0xffff, 0xffff, 0xffff, 0xffff, 0xffff, 0xffff, 0xffff, 
	0xffff, 0xffff, 0xffff, 0xffff, 0xffff, 0xffff, 0xffff, 0xffff, 0xffff, 0xffff, 0xffff, 0xffff, 0xffff, 0xffff, 0xffff, 0xffff, 
	0xffff, 0xffff, 0xffff, 0xffff, 0xffff, 0xffff, 0xffff, 0xffff, 0xffff, 0xffff, 0xffff, 0xffff, 0xffff, 0xffff, 0xffff, 0xffff, 
	0xffff, 0xffff, 0xffff, 0xffff, 0xffff, 0xffff, 0xffff, 0xffff, 0xffff, 0xffff, 0x6de6, 0x6de6, 0x6de6, 0x6de6, 0x6de6, 0x6de6, 
	0x6de6, 0x6de6, 0x6de6, 0x6de6, 0x6de6, 0x6de6, 0x6de6, 0x6de6, 0x6de6, 0x6de6, 0xffff, 0x6de6, 0x6de6, 0x6de6, 0x6de6, 0x6de6, 
	0x6de6, 0x6de6, 0x6de6, 0x6de6, 0x6de6, 0x6de6, 0x6de6, 0x6de6, 0x6de6, 0x6de6, 0x6de6, 0xffff, 0xd000, 0xd000, 0xd000, 0xd000, 
	0xd000, 0xd000, 0xd000, 0xd000, 0xd000, 0xd000, 0xd000, 0xd000, 0xd000, 0xd000, 0xd000, 0xd000, 0xffff, 0xffff, 0xffff, 0xffff, 
	0x6de6, 0x6de6, 0x6de6, 0x6de6, 0x6de6, 0x6de6, 0x6de6, 0x6de6, 0x6de6, 0x6de6, 0x6de6, 0x6de6, 0x6de6, 0x6de6, 0x6de6, 0x6de6, 
	0xffff, 0x6de6, 0x6de6, 0x6de6, 0x6de6, 0x6de6, 0x6de6, 0x6de6, 0x6de6, 0x6de6, 0x6de6, 0x6de6, 0x6de6, 0x6de6, 0x6de6, 0x6de6, 
	0x6de6, 0xffff, 0xd000, 0xd000, 0xd000, 0xd000, 0xd000, 0xd000, 0xd000, 0xd000, 0xd000, 0xd000, 0xd000, 0xd000, 0xd000, 0xd000, 
	0xd000, 0xd000, 0xffff, 0xffff, 0xffff, 0xffff, 0x6de6, 0x6de6, 0x6de6, 0x6de6, 0x6de6, 0x6de6, 0x6de6, 0x6de6, 0x6de6, 0x6de6, 
	0x6de6, 0x6de6, 0x6de6, 0x6de6, 0x6de6, 0x6de6, 0xffff, 0x6de6, 0x6de6, 0x6de6, 0x6de6, 0x6de6, 0x6de6, 0x6de6, 0x6de6, 0x6de6, 
	0x6de6, 0x6de6, 0x6de6, 0x6de6, 0x6de6, 0x6de6, 0x6de6, 0xffff, 0xd000, 0xd000, 0xd000, 0xd000, 0xd000, 0xd000, 0xd000, 0xd000, 
	0xd000, 0xd000, 0xd000, 0xd000, 0xd000, 0xd000, 0xd000, 0xd000, 0xffff, 0xffff, 0xffff, 0xffff, 0x6de6, 0x6de6, 0x6de6, 0x6de6, 
	0x6de6, 0x6de6, 0x6de6, 0x6de6, 0x6de6, 0x6de6, 0x6de6, 0x6de6, 0x6de6, 0x6de6, 0x6de6, 0x6de6, 0xffff, 0x6de6, 0x6de6, 0x6de6, 
	0x6de6, 0x6de6, 0x6de6, 0x6de6, 0x6de6, 0x6de6, 0x6de6, 0x6de6, 0x6de6, 0x6de6, 0x6de6, 0x6de6, 0x6de6, 0xffff, 0xd000, 0xd000, 
	0xd000, 0xd000, 0xd000, 0xd000, 0xd000, 0xd000, 0xd000, 0xd000, 0xd000, 0xd000, 0xd000, 0xd000, 0xd000, 0xd000, 0xffff, 0xffff, 
	0xffff, 0xffff, 0x6de6, 0x6de6, 0x6de6, 0x6de6, 0x6de6, 0x6de6, 0x6de6, 0x6de6, 0x6de6, 0x6de6, 0x6de6, 0x6de6, 0x6de6, 0x6de6, 
	0x6de6, 0x6de6, 0xffff, 0x6de6, 0x6de6, 0x6de6, 0x6de6, 0x6de6, 0x6de6, 0x6de6, 0x6de6, 0x6de6, 0x6de6, 0x6de6, 0x6de6, 0x6de6, 
	0x6de6, 0x6de6, 0x6de6, 0xffff, 0xd000, 0xd000, 0xd000, 0xd000, 0xd000, 0xd000, 0xd000, 0xd000, 0xd000, 0xd000, 0xd000, 0xd000, 
	0xd000, 0xd000, 0xd000, 0xd000, 0xffff, 0xffff, 0xffff, 0xffff, 0x6de6, 0x6de6, 0x6de6, 0x6de6, 0x6de6, 0x6de6, 0x6de6, 0x6de6, 
	0x6de6, 0x6de6, 0x6de6, 0x6de6, 0x6de6, 0x6de6, 0x6de6, 0x6de6, 0xffff, 0x6de6, 0x6de6, 0x6de6, 0x6de6, 0x6de6, 0x6de6, 0x6de6, 
	0x6de6, 0x6de6, 0x6de6, 0x6de6, 0x6de6, 0x6de6, 0x6de6, 0x6de6, 0x6de6, 0xffff, 0xd000, 0xd000, 0xd000, 0xd000, 0xd000, 0xd000, 
	0xd000, 0xd000, 0xd000, 0xd000, 0xd000, 0xd000, 0xd000, 0xd000, 0xd000, 0xd000, 0xffff, 0xffff, 0xffff, 0xffff, 0x6de6, 0x6de6, 
	0x6de6, 0x6de6, 0x6de6, 0x6de6, 0x6de6, 0x6de6, 0x6de6, 0x6de6, 0x6de6, 0x6de6, 0x6de6, 0x6de6, 0x6de6, 0x6de6, 0xffff, 0x6de6, 
	0x6de6, 0x6de6, 0x6de6, 0x6de6, 0x6de6, 0x6de6, 0x6de6, 0x6de6, 0x6de6, 0x6de6, 0x6de6, 0x6de6, 0x6de6, 0x6de6, 0x6de6, 0xffff, 
	0xd000, 0xd000, 0xd000, 0xd000, 0xd000, 0xd000, 0xd000, 0xd000, 0xd000, 0xd000, 0xd000, 0xd000, 0xd000, 0xd000, 0xd000, 0xd000, 
	0xffff, 0xffff, 0xffff, 0xffff, 0x6de6, 0x6de6, 0x6de6, 0x6de6, 0x6de6, 0x6de6, 0x6de6, 0x6de6, 0x6de6, 0x6de6, 0x6de6, 0x6de6, 
	0x6de6, 0x6de6, 0x6de6, 0x6de6, 0xffff, 0x6de6, 0x6de6, 0x6de6, 0x6de6, 0x6de6, 0x6de6, 0x6de6, 0x6de6, 0x6de6, 0x6de6, 0x6de6, 
	0x6de6, 0x6de6, 0x6de6, 0x6de6, 0x6de6, 0xffff, 0xd000, 0xd000, 0xd000, 0xd000, 0xd000, 0xd000, 0xd000, 0xd000, 0xd000, 0xd000, 
	0xd000, 0xd000, 0xd000, 0xd000, 0xd000, 0xd000, 0xffff, 0xffff, 0xffff, 0xffff, 0x6de6, 0x6de6, 0x6de6, 0x6de6, 0x6de6, 0x6de6, 
	0x6de6, 0x6de6, 0x6de6, 0x6de6, 0x6de6, 0x6de6, 0x6de6, 0x6de6, 0x6de6, 0x6de6, 0xffff, 0x6de6, 0x6de6, 0x6de6, 0x6de6, 0x6de6, 
	0x6de6, 0x6de6, 0x6de6, 0x6de6, 0x6de6, 0x6de6, 0x6de6, 0x6de6, 0x6de6, 0x6de6, 0x6de6, 0xffff, 0xd000, 0xd000, 0xd000, 0xd000, 
	0xd000, 0xd000, 0xd000, 0xd000, 0xd000, 0xd000, 0xd000, 0xd000, 0xd000, 0xd000, 0xd000, 0xd000, 0xffff, 0xffff, 0xffff, 0xffff, 
	0x6de6, 0x6de6, 0x6de6, 0x6de6, 0x6de6, 0x6de6, 0x6de6, 0x6de6, 0x6de6, 0x6de6, 0x6de6, 0x6de6, 0x6de6, 0x6de6, 0x6de6, 0x6de6, 
	0xffff, 0x6de6, 0x6de6, 0x6de6, 0x6de6, 0x6de6, 0x6de6, 0x6de6, 0x6de6, 0x6de6, 0x6de6, 0x6de6, 0x6de6, 0x6de6, 0x6de6, 0x6de6, 
	0x6de6, 0xffff, 0xd000, 0xd000, 0xd000, 0xd000, 0xd000, 0xd000, 0xd000, 0xd000, 0xd000, 0xd000, 0xd000, 0xd000, 0xd000, 0xd000, 
	0xd000, 0xd000, 0xffff, 0xffff, 0xffff, 0xffff, 0x6de6, 0x6de6, 0x6de6, 0x6de6, 0x6de6, 0x6de6, 0x6de6, 0x6de6, 0x6de6, 0x6de6, 
	0x6de6, 0x6de6, 0x6de6, 0x6de6, 0x6de6, 0x6de6, 0xffff, 0x6de6, 0x6de6, 0x6de6, 0x6de6, 0x6de6, 0x6de6, 0x6de6, 0x6de6, 0x6de6, 
	0x6de6, 0x6de6, 0x6de6, 0x6de6, 0x6de6, 0x6de6, 0x6de6, 0xffff, 0xd000, 0xd000, 0xd000, 0xd000, 0xd000, 0xd000, 0xd000, 0xd000, 
	0xd000, 0xd000, 0xd000, 0xd000, 0xd000, 0xd000, 0xd000, 0xd000, 0xffff, 0xffff, 0xffff, 0xffff, 0x6de6, 0x6de6, 0x6de6, 0x6de6, 
	0x6de6, 0x6de6, 0x6de6, 0x6de6, 0x6de6, 0x6de6, 0x6de6, 0x6de6, 0x6de6, 0x6de6, 0x6de6, 0x6de6, 0xffff, 0x6de6, 0x6de6, 0x6de6, 
	0x6de6, 0x6de6, 0x6de6, 0x6de6, 0x6de6, 0x6de6, 0x6de6, 0x6de6, 0x6de6, 0x6de6, 0x6de6, 0x6de6, 0x6de6, 0xffff, 0xd000, 0xd000, 
	0xd000, 0xd000, 0xd000, 0xd000, 0xd000, 0xd000, 0xd000, 0xd000, 0xd000, 0xd000, 0xd000, 0xd000, 0xd000, 0xd000, 0xffff, 0xffff, 
	0xffff, 0xffff, 0x6de6, 0x6de6, 0x6de6, 0x6de6, 0x6de6, 0x6de6, 0x6de6, 0x6de6, 0x6de6, 0x6de6, 0x6de6, 0x6de6, 0x6de6, 0x6de6, 
	0x6de6, 0x6de6, 0xffff, 0x6de6, 0x6de6, 0x6de6, 0x6de6, 0x6de6, 0x6de6, 0x6de6, 0x6de6, 0x6de6, 0x6de6, 0x6de6, 0x6de6, 0x6de6, 
	0x6de6, 0x6de6, 0x6de6, 0xffff, 0xd000, 0xd000, 0xd000, 0xd000, 0xd000, 0xd000, 0xd000, 0xd000, 0xd000, 0xd000, 0xd000, 0xd000, 
	0xd000, 0xd000, 0xd000, 0xd000, 0xffff, 0xffff, 0xffff, 0xffff, 0x6de6, 0x6de6, 0x6de6, 0x6de6, 0x6de6, 0x6de6, 0x6de6, 0x6de6, 
	0x6de6, 0x6de6, 0x6de6, 0x6de6, 0x6de6, 0x6de6, 0x6de6, 0x6de6, 0xffff, 0x6de6, 0x6de6, 0x6de6, 0x6de6, 0x6de6, 0x6de6, 0x6de6, 
	0x6de6, 0x6de6, 0x6de6, 0x6de6, 0x6de6, 0x6de6, 0x6de6, 0x6de6, 0x6de6, 0xffff, 0xd000, 0xd000, 0xd000, 0xd000, 0xd000, 0xd000, 
	0xd000, 0xd000, 0xd000, 0xd000, 0xd000, 0xd000, 0xd000, 0xd000, 0xd000, 0xd000, 0xffff, 0xffff, 0xffff, 0xffff, 0x6de6, 0x6de6, 
	0x6de6, 0x6de6, 0x6de6, 0x6de6, 0x6de6, 0x6de6, 0x6de6, 0x6de6, 0x6de6, 0x6de6, 0x6de6, 0x6de6, 0x6de6, 0x6de6, 0xffff, 0x6de6, 
	0x6de6, 0x6de6, 0x6de6, 0x6de6, 0x6de6, 0x6de6, 0x6de6, 0x6de6, 0x6de6, 0x6de6, 0x6de6, 0x6de6, 0x6de6, 0x6de6, 0x6de6, 0xffff, 
	0xd000, 0xd000, 0xd000, 0xd000, 0xd000, 0xd000, 0xd000, 0xd000, 0xd000, 0xd000, 0xd000, 0xd000, 0xd000, 0xd000, 0xd000, 0xd000, 
	0xffff, 0xffff, 0xffff, 0xffff, 0x6de6, 0x6de6, 0x6de6, 0x6de6, 0x6de6, 0x6de6, 0x6de6, 0x6de6, 0x6de6, 0x6de6, 0x6de6, 0x6de6, 
	0x6de6, 0x6de6, 0x6de6, 0x6de6, 0xffff, 0x6de6, 0x6de6, 0x6de6, 0x6de6, 0x6de6, 0x6de6, 0x6de6, 0x6de6, 0x6de6, 0x6de6, 0x6de6, 
	0x6de6, 0x6de6, 0x6de6, 0x6de6, 0x6de6, 0xffff, 0xd000, 0xd000, 0xd000, 0xd000, 0xd000, 0xd000, 0xd000, 0xd000, 0xd000, 0xd000, 
	0xd000, 0xd000, 0xd000, 0xd000, 0xd000, 0xd000, 0xffff, 0xffff, 0xffff, 0xffff, 0xffff, 0xffff, 0xffff, 0xffff, 0xffff, 0xffff, 
	0xffff, 0xffff, 0xffff, 0xffff, 0xffff, 0xffff, 0xffff, 0xffff, 0xffff, 0xffff, 0xffff, 0xffff, 0xffff, 0xffff, 0xffff, 0xffff, 
	0xffff, 0xffff, 0xffff, 0xffff, 0xffff, 0xffff, 0xffff, 0xffff, 0xffff, 0xffff, 0xffff, 0xffff, 0xffff, 0xffff, 0xffff, 0xffff, 
	0xffff, 0xffff, 0xffff, 0xffff, 0xffff, 0xffff, 0xffff, 0xffff, 0xffff, 0xffff, 0xffff, 0xffff, 0xffff, 0xffff, 0xffff, 0xffff, 
	0xffff, 0xffff, 0xffff, 0xffff, 0xffff, 0xffff, 0xffff, 0xffff, 0xffff, 0xffff, 0xffff, 0xffff, 0xffff, 0xffff, 0xffff, 0xffff, 
	0xffff, 0xffff, 0xffff, 0xffff, 0xffff, 0xffff, 0xffff, 0xffff, 0xffff, 0xffff, 0xffff, 0xffff, 0xffff, 0xffff, 0xffff, 0xffff, 
	0xffff, 0xffff, 0xffff, 0xffff, 0xffff, 0xffff, 0xffff, 0xffff, 0xffff, 0xffff, 0xffff, 0xffff, 0xffff, 0xffff, 0xffff, 0xffff, 
	0xffff, 0xffff, 0xffff, 0xffff
};

const uint16_t bigsolvesD[] PROGMEM = {
	0x0000, 0x0000, 0x0000, 0x0000, 0x0000, 0x0000, 0x0000, 0x0000, 0x0000, 0x0000, 0x0000, 0x0000, 0x0000, 0x0000, 0x0000, 0x0000, 
	0x0000, 0x0000, 0x0000, 0x0000, 0x0000, 0x0000, 0x0000, 0x0000, 0x0000, 0x0000, 0x0000, 0x0000, 0x0000, 0x0000, 0x0000, 0x0000, 
	0x0000, 0x0000, 0x0000, 0x0000, 0x0000, 0x0000, 0x0000, 0x0000, 0x0000, 0x0000, 0x0000, 0x0000, 0x0000, 0x0000, 0x0000, 0x0000, 
	0x0000, 0x0000, 0x0000, 0x0000, 0x0000, 0x0000, 0x0000, 0x0000, 0x0000, 0x0000, 0x0000, 0x0000, 0x0000, 0x0000, 0x0000, 0x0000, 
	0x0000, 0x0000, 0x0000, 0x0000, 0x0000, 0x0000, 0x0000, 0x0000, 0x0000, 0x0000, 0x0000, 0x0000, 0x0000, 0x0000, 0x0000, 0x0000, 
	0x0000, 0x0000, 0x0000, 0x0000, 0x0000, 0x0000, 0x0000, 0x0000, 0x0000, 0x0000, 0x0000, 0x0000, 0x0000, 0x0000, 0x0000, 0x0000, 
	0x0000, 0x0000, 0x0000, 0x0000, 0x0000, 0x0000, 0x0000, 0x0000, 0x0000, 0x0000, 0x0000, 0x0000, 0x0000, 0x0000, 0x0000, 0x0000, 
	0x0000, 0x0000, 0x0000, 0x0000, 0x0000, 0x0000, 0x0000, 0x0000, 0x0000, 0x0000, 0x0000, 0x0000, 0x0000, 0x0000, 0x0000, 0x0000, 
	0x0000, 0x0000, 0x0000, 0x0000, 0x0000, 0x0000, 0x0000, 0x0000, 0x0000, 0x0000, 0x0000, 0x0000, 0x0000, 0x0000, 0x0000, 0x0000, 
	0x0000, 0x0000, 0x0000, 0x0000, 0x0000, 0x0000, 0x0000, 0x0000, 0x0000, 0x0000, 0x0000, 0x0000, 0x0000, 0x0000, 0x0000, 0x0000, 
	0x0000, 0x0000, 0x0000, 0x0000, 0x0000, 0x0000, 0xffff, 0xffff, 0xffff, 0xffff, 0xffff, 0xffff, 0xffff, 0xffff, 0xffff, 0x0000, 
	0x0000, 0xffff, 0xffff, 0xffff, 0xffff, 0xffff, 0xffff, 0x0000, 0x0000, 0xffff, 0xffff, 0xffff, 0xffff, 0xffff, 0xffff, 0xffff, 
	0xffff, 0x0000, 0x0000, 0xffff, 0xffff, 0xffff, 0xffff, 0xffff, 0xffff, 0x0000, 0x0000, 0xffff, 0xffff, 0xffff, 0xffff, 0xffff, 
	0xffff, 0xffff, 0xffff, 0xffff, 0x0000, 0x0000, 0x0000, 0x0000, 0x0000, 0x0000, 0x0000, 0x0000, 0xffff, 0xffff, 0xffff, 0xffff, 
	0xffff, 0xffff, 0xffff, 0xffff, 0xffff, 0x0000, 0x0000, 0xffff, 0xffff, 0xffff, 0xffff, 0xffff, 0xffff, 0x0000, 0x0000, 0xffff, 
	0xffff, 0xffff, 0xffff, 0xffff, 0xffff, 0xffff, 0xffff, 0x0000, 0x0000, 0xffff, 0xffff, 0xffff, 0xffff, 0xffff, 0xffff, 0x0000, 
	0x0000, 0xffff, 0xffff, 0xffff, 0xffff, 0xffff, 0xffff, 0xffff, 0xffff, 0xffff, 0x0000, 0x0000, 0x0000, 0x0000, 0x0000, 0x0000, 
	0x0000, 0x0000, 0xffff, 0xffff, 0x0000, 0x0000, 0x0000, 0x0000, 0x0000, 0x0000, 0x0000, 0x0000, 0x0000, 0x0000, 0x0000, 0x0000, 
	0x0000, 0x0000, 0x0000, 0x0000, 0x0000, 0x0000, 0x0000, 0x0000, 0x0000, 0x0000, 0x0000, 0x0000, 0x0000, 0x0000, 0x0000, 0x0000, 
	0x0000, 0x0000, 0x0000, 0x0000, 0x0000, 0x0000, 0x0000, 0x0000, 0x0000, 0x0000, 0x0000, 0x0000, 0x0000, 0x0000, 0xffff, 0xffff, 
	0x0000, 0x0000, 0x0000, 0x0000, 0x0000, 0x0000, 0x0000, 0x0000, 0xffff, 0xffff, 0x0000, 0x0000, 0x0000, 0x0000, 0x0000, 0x0000, 
	0x0000, 0x0000, 0x0000, 0x0000, 0x0000, 0x0000, 0x0000, 0x0000, 0x0000, 0x0000, 0x0000, 0x0000, 0x0000, 0x0000, 0x0000, 0x0000, 
	0x0000, 0x0000, 0x0000, 0x0000, 0x0000, 0x0000, 0x0000, 0x0000, 0x0000, 0x0000, 0x0000, 0x0000, 0x0000, 0x0000, 0x0000, 0x0000, 
	0x0000, 0x0000, 0x0000, 0x0000, 0xffff, 0xffff, 0x0000, 0x0000, 0x0000, 0x0000, 0x0000, 0x0000, 0x0000, 0x0000, 0xffff, 0xffff, 
	0x0000, 0x0000, 0x0000, 0x0000, 0x0000, 0x0000, 0x0000, 0x0000, 0x0000, 0x0000, 0x0000, 0x0000, 0x0000, 0x0000, 0x0000, 0x0000, 
	0x0000, 0x0000, 0x0000, 0x0000, 0x0000, 0x0000, 0x0000, 0x0000, 0x0000, 0x0000, 0x0000, 0x0000, 0x0000, 0x0000, 0x0000, 0x0000, 
	0x0000, 0x0000, 0x0000, 0x0000, 0x0000, 0x0000, 0x0000, 0x0000, 0x0000, 0x0000, 0xffff, 0xffff, 0x0000, 0x0000, 0x0000, 0x0000, 
	0x0000, 0x0000, 0x0000, 0x0000, 0xffff, 0xffff, 0x0000, 0x0000, 0x0000, 0x0000, 0x0000, 0x0000, 0xffff, 0xffff, 0x0000, 0x0000, 
	0x0000, 0x0000, 0x0000, 0x0000, 0x0000, 0x0000, 0xffff, 0xffff, 0xffff, 0xffff, 0x0000, 0x0000, 0x0000, 0x0000, 0x0000, 0x0000, 
	0x0000, 0x0000, 0x0000, 0x0000, 0x0000, 0x0000, 0x0000, 0x0000, 0x0000, 0x0000, 0x0000, 0x0000, 0x0000, 0x0000, 0x0000, 0x0000, 
	0xffff, 0xffff, 0x0000, 0x0000, 0x0000, 0x0000, 0x0000, 0x0000, 0x0000, 0x0000, 0xffff, 0xffff, 0x0000, 0x0000, 0x0000, 0x0000, 
	0x0000, 0x0000, 0xffff, 0xffff, 0x0000, 0x0000, 0x0000, 0x0000, 0x0000, 0x0000, 0x0000, 0x0000, 0xffff, 0x0000, 0x0000, 0x0000, 
	0x0000, 0x0000, 0x0000, 0x0000, 0x0000, 0x0000, 0x0000, 0x0000, 0x0000, 0x0000, 0x0000, 0x0000, 0x0000, 0x0000, 0x0000, 0x0000, 
	0x0000, 0x0000, 0x0000, 0x0000, 0x0000, 0x0000, 0xffff, 0xffff, 0x0000, 0x0000, 0x0000, 0x0000, 0x0000, 0x0000, 0x0000, 0x0000, 
	0xffff, 0xffff, 0x0000, 0x0000, 0x0000, 0x0000, 0x0000, 0x0000, 0xffff, 0xffff, 0x0000, 0x0000, 0xffff, 0xffff, 0xffff, 0xffff, 
	0x0000, 0x0000, 0xffff, 0xffff, 0xffff, 0x0000, 0x0000, 0x0000, 0x0000, 0x0000, 0x0000, 0x0000, 0x0000, 0x0000, 0x0000, 0x0000, 
	0x0000, 0x0000, 0x0000, 0x0000, 0x0000, 0x0000, 0x0000, 0x0000, 0x0000, 0x0000, 0x0000, 0x0000, 0xffff, 0xffff, 0x0000, 0x0000, 
	0x0000, 0x0000, 0x0000, 0x0000, 0x0000, 0x0000, 0xffff, 0xffff, 0x0000, 0x0000, 0x0000, 0x0000, 0x0000, 0x0000, 0xffff, 0xffff, 
	0x0000, 0x0000, 0xffff, 0x0000, 0x0000, 0xffff, 0x0000, 0x0000, 0xffff, 0x0000, 0x0000, 0xffff, 0x0000, 0x0000, 0x0000, 0x0000, 
	0x0000, 0x0000, 0x0000, 0x0000, 0x0000, 0x0000, 0x0000, 0x0000, 0x0000, 0x0000, 0x0000, 0x0000, 0x0000, 0x0000, 0x0000, 0x0000, 
	0x0000, 0x0000, 0xffff, 0xffff, 0x0000, 0x0000, 0x0000, 0x0000, 0x0000, 0x0000, 0x0000, 0x0000, 0xffff, 0xffff, 0x0000, 0x0000, 
	0x0000, 0x0000, 0x0000, 0xffff, 0x0000, 0x0000, 0xffff, 0x0000, 0xffff, 0x0000, 0x0000, 0xffff, 0x0000, 0x0000, 0x0000, 0x0000, 
	0x0000, 0xffff, 0x0000, 0x0000, 0x0000, 0x0000, 0x0000, 0x0000, 0x0000, 0x0000, 0x0000, 0x0000, 0x0000, 0x0000, 0x0000, 0x0000, 
	0x0000, 0x0000, 0x0000, 0x0000, 0x0000, 0x0000, 0x0000, 0x0000, 0xffff, 0xffff, 0x0000, 0x0000, 0x0000, 0x0000, 0x0000, 0x0000, 
	0x0000, 0x0000, 0xffff, 0xffff, 0x0000, 0x0000, 0x0000, 0x0000, 0x0000, 0xffff, 0xffff, 0xffff, 0xffff, 0x0000, 0xffff, 0x0000, 
	0x0000, 0xffff, 0x0000, 0x0000, 0x0000, 0x0000, 0x0000, 0xffff, 0x0000, 0x0000, 0x0000, 0x0000, 0x0000, 0x0000, 0x0000, 0x0000, 
	0x0000, 0x0000, 0x0000, 0x0000, 0x0000, 0x0000, 0x0000, 0x0000, 0x0000, 0x0000, 0x0000, 0x0000, 0x0000, 0x0000, 0xffff, 0xffff, 
	0x0000, 0x0000, 0x0000, 0x0000, 0x0000, 0x0000, 0x0000, 0x0000, 0xffff, 0xffff, 0x0000, 0x0000, 0x0000, 0x0000, 0x0000, 0xffff, 
	0x0000, 0x0000, 0xffff, 0x0000, 0xffff, 0x0000, 0x0000, 0xffff, 0x0000, 0x0000, 0xffff, 0x0000, 0x0000, 0xffff, 0x0000, 0x0000, 
	0x0000, 0x0000, 0x0000, 0x0000, 0x0000, 0x0000, 0x0000, 0x0000, 0x0000, 0x0000, 0x0000, 0x0000, 0x0000, 0x0000, 0x0000, 0x0000, 
	0x0000, 0x0000, 0x0000, 0x0000, 0xffff, 0xffff, 0x0000, 0x0000, 0x0000, 0x0000, 0x0000, 0x0000, 0x0000, 0x0000, 0xffff, 0xffff, 
	0x0000, 0x0000, 0x0000, 0x0000, 0xffff, 0xffff, 0x0000, 0x0000, 0xffff, 0xffff, 0xffff, 0xffff, 0xffff, 0xffff, 0x0000, 0x0000, 
	0x0000, 0xffff, 0xffff, 0x0000, 0x0000, 0x0000, 0x0000, 0x0000, 0x0000, 0x0000, 0x0000, 0x0000, 0x0000, 0x0000, 0x0000, 0x0000, 
	0x0000, 0x0000, 0x0000, 0x0000, 0x0000, 0x0000, 0x0000, 0x0000, 0x0000, 0x0000, 0xffff, 0xffff, 0x0000, 0x0000, 0x0000, 0x0000, 
	0x0000, 0x0000, 0x0000, 0x0000, 0xffff, 0xffff, 0x0000, 0x0000, 0x0000, 0x0000, 0x0000, 0x0000, 0x0000, 0x0000, 0x0000, 0x0000, 
	0x0000, 0x0000, 0x0000, 0x0000, 0x0000, 0x0000, 0x0000, 0x0000, 0x0000, 0x0000, 0x0000, 0x0000, 0x0000, 0x0000, 0x0000, 0x0000, 
	0x0000, 0x0000, 0x0000, 0x0000, 0x0000, 0x0000, 0x0000, 0x0000, 0x0000, 0x0000, 0x0000, 0x0000, 0x0000, 0x0000, 0x0000, 0x0000, 
	0xffff, 0xffff, 0x0000, 0x0000, 0x0000, 0x0000, 0x0000, 0x0000, 0x0000, 0x0000, 0xffff, 0xffff, 0x0000, 0x0000, 0x0000, 0x0000, 
	0x0000, 0x0000, 0x0000, 0x0000, 0x0000, 0x0000, 0x0000, 0x0000, 0x0000, 0x0000, 0x0000, 0x0000, 0x0000, 0x0000, 0x0000, 0x0000, 
	0x0000, 0x0000, 0x0000, 0x0000, 0x0000, 0x0000, 0x0000, 0x0000, 0x0000, 0x0000, 0x0000, 0x0000, 0x0000, 0x0000, 0x0000, 0x0000, 
	0x0000, 0x0000, 0x0000, 0x0000, 0x0000, 0x0000, 0xffff, 0xffff, 0x0000, 0x0000, 0x0000, 0x0000, 0x0000, 0x0000, 0x0000, 0x0000, 
	0xffff, 0xffff, 0x0000, 0x0000, 0x0000, 0x0000, 0x0000, 0x0000, 0xffff, 0xffff, 0x0000, 0x0000, 0x0000, 0x0000, 0x0000, 0x0000, 
	0x0000, 0x0000, 0x0000, 0x0000, 0xffff, 0xffff, 0x0000, 0x0000, 0xffff, 0xffff, 0xffff, 0xffff, 0x0000, 0x0000, 0x0000, 0x0000, 
	0x0000, 0x0000, 0x0000, 0x0000, 0x0000, 0x0000, 0x0000, 0x0000, 0x0000, 0x0000, 0x0000, 0x0000, 0xffff, 0xffff, 0x0000, 0x0000, 
	0x0000, 0x0000, 0x0000, 0x0000, 0x0000, 0x0000, 0xffff, 0xffff, 0x0000, 0x0000, 0x0000, 0x0000, 0x0000, 0x0000, 0xffff, 0xffff, 
	0x0000, 0x0000, 0x0000, 0x0000, 0x0000, 0x0000, 0x0000, 0x0000, 0x0000, 0xffff, 0xffff, 0xffff, 0x0000, 0x0000, 0xffff, 0x0000, 
	0x0000, 0xffff, 0x0000, 0x0000, 0x0000, 0x0000, 0x0000, 0x0000, 0x0000, 0x0000, 0x0000, 0x0000, 0x0000, 0x0000, 0x0000, 0x0000, 
	0x0000, 0x0000, 0xffff, 0xffff, 0x0000, 0x0000, 0x0000, 0x0000, 0x0000, 0x0000, 0x0000, 0x0000, 0xffff, 0xffff, 0x0000, 0x0000, 
	0x0000, 0x0000, 0x0000, 0x0000, 0xffff, 0xffff, 0x0000, 0x0000, 0xffff, 0xffff, 0xffff, 0xffff, 0x0000, 0x0000, 0x0000, 0x0000, 
	0x0000, 0xffff, 0x0000, 0x0000, 0x0000, 0x0000, 0x0000, 0xffff, 0x0000, 0x0000, 0x0000, 0x0000, 0x0000, 0x0000, 0x0000, 0x0000, 
	0x0000, 0x0000, 0x0000, 0x0000, 0x0000, 0x0000, 0x0000, 0x0000, 0xffff, 0xffff, 0x0000, 0x0000, 0x0000, 0x0000, 0x0000, 0x0000, 
	0x0000, 0x0000, 0xffff, 0xffff, 0x0000, 0x0000, 0x0000, 0x0000, 0x0000, 0x0000, 0xffff, 0xffff, 0x0000, 0x0000, 0xffff, 0x0000, 
	0x0000, 0xffff, 0x0000, 0x0000, 0x0000, 0x0000, 0x0000, 0xffff, 0x0000, 0x0000, 0x0000, 0x0000, 0x0000, 0xffff, 0x0000, 0x0000, 
	0x0000, 0x0000, 0x0000, 0x0000, 0x0000, 0x0000, 0x0000, 0x0000, 0x0000, 0x0000, 0x0000, 0x0000, 0x0000, 0x0000, 0xffff, 0xffff, 
	0x0000, 0x0000, 0x0000, 0x0000, 0x0000, 0x0000, 0x0000, 0x0000, 0xffff, 0xffff, 0x0000, 0x0000, 0x0000, 0x0000, 0x0000, 0xffff, 
	0x0000, 0x0000, 0xffff, 0x0000, 0xffff, 0x0000, 0x0000, 0xffff, 0x0000, 0x0000, 0x0000, 0x0000, 0x0000, 0xffff, 0x0000, 0x0000, 
	0x0000, 0x0000, 0xffff, 0x0000, 0x0000, 0x0000, 0x0000, 0x0000, 0x0000, 0x0000, 0x0000, 0x0000, 0x0000, 0x0000, 0x0000, 0x0000, 
	0x0000, 0x0000, 0x0000, 0x0000, 0xffff, 0xffff, 0x0000, 0x0000, 0x0000, 0x0000, 0x0000, 0x0000, 0x0000, 0x0000, 0xffff, 0xffff, 
	0x0000, 0x0000, 0x0000, 0x0000, 0x0000, 0xffff, 0xffff, 0xffff, 0xffff, 0x0000, 0xffff, 0x0000, 0x0000, 0xffff, 0x0000, 0x0000, 
	0x0000, 0x0000, 0x0000, 0xffff, 0x0000, 0x0000, 0x0000, 0xffff, 0x0000, 0x0000, 0x0000, 0x0000, 0x0000, 0x0000, 0x0000, 0x0000, 
	0x0000, 0x0000, 0x0000, 0x0000, 0x0000, 0x0000, 0x0000, 0x0000, 0x0000, 0x0000, 0xffff, 0xffff, 0x0000, 0x0000, 0x0000, 0x0000, 
	0x0000, 0x0000, 0x0000, 0x0000, 0xffff, 0xffff, 0x0000, 0x0000, 0x0000, 0x0000, 0x0000, 0xffff, 0x0000, 0x0000, 0xffff, 0x0000, 
	0xffff, 0x0000, 0x0000, 0xffff, 0x0000, 0x0000, 0x0000, 0x0000, 0x0000, 0xffff, 0x0000, 0x0000, 0xffff, 0xffff, 0x0000, 0x0000, 
	0x0000, 0x0000, 0x0000, 0x0000, 0x0000, 0x0000, 0x0000, 0x0000, 0x0000, 0x0000, 0x0000, 0x0000, 0x0000, 0x0000, 0x0000, 0x0000, 
	0xffff, 0xffff, 0x0000, 0x0000, 0x0000, 0x0000, 0x0000, 0x0000, 0x0000, 0x0000, 0xffff, 0xffff, 0x0000, 0x0000, 0x0000, 0x0000, 
	0xffff, 0xffff, 0x0000, 0x0000, 0xffff, 0xffff, 0xffff, 0xffff, 0xffff, 0xffff, 0x0000, 0x0000, 0x0000, 0x0000, 0x0000, 0xffff, 
	0x0000, 0x0000, 0xffff, 0xffff, 0xffff, 0xffff, 0x0000, 0x0000, 0x0000, 0x0000, 0x0000, 0x0000, 0x0000, 0x0000, 0x0000, 0x0000, 
	0x0000, 0x0000, 0x0000, 0x0000, 0x0000, 0x0000, 0xffff, 0xffff, 0x0000, 0x0000, 0x0000, 0x0000, 0x0000, 0x0000, 0x0000, 0x0000, 
	0xffff, 0xffff, 0x0000, 0x0000, 0x0000, 0x0000, 0x0000, 0x0000, 0x0000, 0x0000, 0x0000, 0x0000, 0x0000, 0x0000, 0x0000, 0x0000, 
	0x0000, 0x0000, 0x0000, 0x0000, 0x0000, 0x0000, 0x0000, 0x0000, 0x0000, 0x0000, 0x0000, 0x0000, 0x0000, 0x0000, 0x0000, 0x0000, 
	0x0000, 0x0000, 0x0000, 0x0000, 0x0000, 0x0000, 0x0000, 0x0000, 0x0000, 0x0000, 0x0000, 0x0000, 0xffff, 0xffff, 0x0000, 0x0000, 
	0x0000, 0x0000, 0x0000, 0x0000, 0x0000, 0x0000, 0xffff, 0xffff, 0x0000, 0x0000, 0x0000, 0x0000, 0x0000, 0x0000, 0x0000, 0x0000, 
	0x0000, 0x0000, 0x0000, 0x0000, 0x0000, 0x0000, 0x0000, 0x0000, 0x0000, 0x0000, 0x0000, 0x0000, 0x0000, 0x0000, 0x0000, 0x0000, 
	0x0000, 0x0000, 0x0000, 0x0000, 0x0000, 0x0000, 0x0000, 0x0000, 0x0000, 0x0000, 0x0000, 0x0000, 0x0000, 0x0000, 0x0000, 0x0000, 
	0x0000, 0x0000, 0xffff, 0xffff, 0x0000, 0x0000, 0x0000, 0x0000, 0x0000, 0x0000, 0x0000, 0x0000, 0xffff, 0xffff, 0x0000, 0x0000, 
	0x0000, 0x0000, 0x0000, 0x0000, 0xffff, 0xffff, 0x0000, 0x0000, 0x0000, 0x0000, 0x0000, 0x0000, 0x0000, 0x0000, 0x0000, 0x0000, 
	0xffff, 0xffff, 0x0000, 0x0000, 0xffff, 0xffff, 0xffff, 0xffff, 0x0000, 0x0000, 0xffff, 0xffff, 0xffff, 0xffff, 0x0000, 0x0000, 
	0x0000, 0x0000, 0x0000, 0x0000, 0x0000, 0x0000, 0x0000, 0x0000, 0xffff, 0xffff, 0x0000, 0x0000, 0x0000, 0x0000, 0x0000, 0x0000, 
	0x0000, 0x0000, 0xffff, 0xffff, 0x0000, 0x0000, 0x0000, 0x0000, 0x0000, 0x0000, 0xffff, 0xffff, 0x0000, 0x0000, 0x0000, 0x0000, 
	0x0000, 0x0000, 0x0000, 0x0000, 0x0000, 0xffff, 0xffff, 0xffff, 0x0000, 0x0000, 0xffff, 0x0000, 0x0000, 0xffff, 0x0000, 0x0000, 
	0xffff, 0x0000, 0x0000, 0xffff, 0x0000, 0x0000, 0x0000, 0x0000, 0x0000, 0x0000, 0x0000, 0x0000, 0x0000, 0x0000, 0xffff, 0xffff, 
	0x0000, 0x0000, 0x0000, 0x0000, 0x0000, 0x0000, 0x0000, 0x0000, 0xffff, 0xffff, 0x0000, 0x0000, 0x0000, 0x0000, 0x0000, 0x0000, 
	0xffff, 0xffff, 0x0000, 0x0000, 0xffff, 0xffff, 0xffff, 0xffff, 0x0000, 0x0000, 0x0000, 0x0000, 0x0000, 0xffff, 0x0000, 0x0000, 
	0xffff, 0x0000, 0x0000, 0xffff, 0x0000, 0x0000, 0xffff, 0x0000, 0x0000, 0xffff, 0x0000, 0x0000, 0x0000, 0x0000, 0x0000, 0x0000, 
	0x0000, 0x0000, 0x0000, 0x0000, 0xffff, 0xffff, 0x0000, 0x0000, 0x0000, 0x0000, 0x0000, 0x0000, 0x0000, 0x0000, 0xffff, 0xffff, 
	0x0000, 0x0000, 0x0000, 0x0000, 0x0000, 0x0000, 0xffff, 0xffff, 0x0000, 0x0000, 0xffff, 0x0000, 0x0000, 0xffff, 0x0000, 0x0000, 
	0x0000, 0x0000, 0x0000, 0xffff, 0x0000, 0x0000, 0xffff, 0xffff, 0xffff, 0xffff, 0x0000, 0x0000, 0xffff, 0xffff, 0xffff, 0xffff, 
	0x0000, 0x0000, 0x0000, 0x0000, 0x0000, 0x0000, 0x0000, 0x0000, 0x0000, 0x0000, 0xffff, 0xffff, 0x0000, 0x0000, 0x0000, 0x0000, 
	0x0000, 0x0000, 0x0000, 0x0000, 0xffff, 0xffff, 0x0000, 0x0000, 0x0000, 0x0000, 0x0000, 0xffff, 0x0000, 0x0000, 0xffff, 0x0000, 
	0xffff, 0x0000, 0x0000, 0xffff, 0x0000, 0x0000, 0x0000, 0x0000, 0x0000, 0xffff, 0x0000, 0x0000, 0xffff, 0xffff, 0x0000, 0xffff, 
	0x0000, 0x0000, 0xffff, 0xffff, 0x0000, 0xffff, 0x0000, 0x0000, 0x0000, 0x0000, 0x0000, 0x0000, 0x0000, 0x0000, 0x0000, 0x0000, 
	0xffff, 0xffff, 0x0000, 0x0000, 0x0000, 0x0000, 0x0000, 0x0000, 0x0000, 0x0000, 0xffff, 0xffff, 0x0000, 0x0000, 0x0000, 0x0000, 
	0x0000, 0xffff, 0xffff, 0xffff, 0xffff, 0x0000, 0xffff, 0x0000, 0x0000, 0xffff, 0x0000, 0x0000, 0x0000, 0x0000, 0x0000, 0xffff, 
	0x0000, 0x0000, 0xffff, 0x0000, 0x0000, 0xffff, 0x0000, 0x0000, 0xffff, 0x0000, 0x0000, 0xffff, 0x0000, 0x0000, 0x0000, 0x0000, 
	0x0000, 0x0000, 0x0000, 0x0000, 0x0000, 0x0000, 0xffff, 0xffff, 0x0000, 0x0000, 0x0000, 0x0000, 0x0000, 0x0000, 0x0000, 0x0000, 
	0xffff, 0xffff, 0x0000, 0x0000, 0x0000, 0x0000, 0x0000, 0xffff, 0x0000, 0x0000, 0xffff, 0x0000, 0xffff, 0x0000, 0x0000, 0xffff, 
	0x0000, 0x0000, 0x0000, 0x0000, 0x0000, 0xffff, 0x0000, 0x0000, 0xffff, 0x0000, 0x0000, 0xffff, 0x0000, 0x0000, 0xffff, 0x0000, 
	0x0000, 0xffff, 0x0000, 0x0000, 0x0000, 0x0000, 0x0000, 0x0000, 0x0000, 0x0000, 0x0000, 0x0000, 0xffff, 0xffff, 0x0000, 0x0000, 
	0x0000, 0x0000, 0x0000, 0x0000, 0x0000, 0x0000, 0xffff, 0xffff, 0x0000, 0x0000, 0x0000, 0x0000, 0xffff, 0xffff, 0x0000, 0x0000, 
	0xffff, 0xffff, 0xffff, 0xffff, 0xffff, 0xffff, 0x0000, 0x0000, 0x0000, 0x0000, 0x0000, 0xffff, 0x0000, 0x0000, 0xffff, 0xffff, 
	0xffff, 0xffff, 0x0000, 0x0000, 0xffff, 0xffff, 0xffff, 0xffff, 0x0000, 0x0000, 0x0000, 0x0000, 0x0000, 0x0000, 0x0000, 0x0000, 
	0x0000, 0x0000, 0xffff, 0xffff, 0x0000, 0x0000, 0x0000, 0x0000, 0x0000, 0x0000, 0x0000, 0x0000, 0xffff, 0xffff, 0x0000, 0x0000, 
	0x0000, 0x0000, 0x0000, 0x0000, 0x0000, 0x0000, 0x0000, 0x0000, 0x0000, 0x0000, 0x0000, 0x0000, 0x0000, 0x0000, 0x0000, 0x0000, 
	0x0000, 0x0000, 0x0000, 0x0000, 0x0000, 0x0000, 0x0000, 0x0000, 0x0000, 0x0000, 0x0000, 0x0000, 0x0000, 0x0000, 0x0000, 0x0000, 
	0x0000, 0x0000, 0x0000, 0x0000, 0x0000, 0x0000, 0x0000, 0x0000, 0xffff, 0xffff, 0x0000, 0x0000, 0x0000, 0x0000, 0x0000, 0x0000, 
	0x0000, 0x0000, 0xffff, 0xffff, 0x0000, 0x0000, 0x0000, 0x0000, 0x0000, 0x0000, 0x0000, 0x0000, 0x0000, 0x0000, 0x0000, 0x0000, 
	0x0000, 0x0000, 0x0000, 0x0000, 0x0000, 0x0000, 0x0000, 0x0000, 0x0000, 0x0000, 0x0000, 0x0000, 0x0000, 0x0000, 0x0000, 0x0000, 
	0x0000, 0x0000, 0x0000, 0x0000, 0x0000, 0x0000, 0x0000, 0x0000, 0x0000, 0x0000, 0x0000, 0x0000, 0x0000, 0x0000, 0xffff, 0xffff, 
	0x0000, 0x0000, 0x0000, 0x0000, 0x0000, 0x0000, 0x0000, 0x0000, 0xffff, 0xffff, 0x0000, 0x0000, 0x0000, 0x0000, 0x0000, 0x0000, 
	0xffff, 0xffff, 0x0000, 0x0000, 0x0000, 0x0000, 0x0000, 0x0000, 0x0000, 0x0000, 0x0000, 0x0000, 0xffff, 0xffff, 0x0000, 0x0000, 
	0xffff, 0xffff, 0xffff, 0xffff, 0x0000, 0x0000, 0xffff, 0xffff, 0xffff, 0xffff, 0x0000, 0x0000, 0xffff, 0xffff, 0xffff, 0xffff, 
	0x0000, 0x0000, 0x0000, 0x0000, 0xffff, 0xffff, 0x0000, 0x0000, 0x0000, 0x0000, 0x0000, 0x0000, 0x0000, 0x0000, 0xffff, 0xffff, 
	0x0000, 0x0000, 0x0000, 0x0000, 0x0000, 0x0000, 0xffff, 0xffff, 0x0000, 0x0000, 0x0000, 0x0000, 0x0000, 0x0000, 0x0000, 0x0000, 
	0x0000, 0xffff, 0xffff, 0xffff, 0x0000, 0x0000, 0xffff, 0x0000, 0x0000, 0xffff, 0x0000, 0x0000, 0xffff, 0x0000, 0x0000, 0xffff, 
	0x0000, 0x0000, 0xffff, 0x0000, 0x0000, 0xffff, 0x0000, 0x0000, 0x0000, 0x0000, 0xffff, 0xffff, 0x0000, 0x0000, 0x0000, 0x0000, 
	0x0000, 0x0000, 0x0000, 0x0000, 0xffff, 0xffff, 0x0000, 0x0000, 0x0000, 0x0000, 0x0000, 0x0000, 0xffff, 0xffff, 0x0000, 0x0000, 
	0xffff, 0xffff, 0xffff, 0xffff, 0x0000, 0x0000, 0x0000, 0x0000, 0x0000, 0xffff, 0x0000, 0x0000, 0xffff, 0x0000, 0x0000, 0xffff, 
	0x0000, 0x0000, 0xffff, 0x0000, 0x0000, 0xffff, 0x0000, 0x0000, 0xffff, 0x0000, 0x0000, 0xffff, 0x0000, 0x0000, 0x0000, 0x0000, 
	0xffff, 0xffff, 0x0000, 0x0000, 0x0000, 0x0000, 0x0000, 0x0000, 0x0000, 0x0000, 0xffff, 0xffff, 0x0000, 0x0000, 0x0000, 0x0000, 
	0x0000, 0x0000, 0xffff, 0xffff, 0x0000, 0x0000, 0xffff, 0x0000, 0x0000, 0xffff, 0x0000, 0x0000, 0x0000, 0x0000, 0x0000, 0xffff, 
	0x0000, 0x0000, 0xffff, 0xffff, 0xffff, 0xffff, 0x0000, 0x0000, 0xffff, 0xffff, 0xffff, 0xffff, 0x0000, 0x0000, 0xffff, 0xffff, 
	0xffff, 0xffff, 0x0000, 0x0000, 0x0000, 0x0000, 0xffff, 0xffff, 0x0000, 0x0000, 0x0000, 0x0000, 0x0000, 0x0000, 0x0000, 0x0000, 
	0xffff, 0xffff, 0x0000, 0x0000, 0x0000, 0x0000, 0x0000, 0xffff, 0x0000, 0x0000, 0xffff, 0x0000, 0xffff, 0x0000, 0x0000, 0xffff, 
	0x0000, 0x0000, 0x0000, 0x0000, 0x0000, 0xffff, 0x0000, 0x0000, 0xffff, 0xffff, 0x0000, 0xffff, 0x0000, 0x0000, 0xffff, 0xffff, 
	0x0000, 0xffff, 0x0000, 0x0000, 0xffff, 0xffff, 0x0000, 0xffff, 0x0000, 0x0000, 0x0000, 0x0000, 0xffff, 0xffff, 0x0000, 0x0000, 
	0x0000, 0x0000, 0x0000, 0x0000, 0x0000, 0x0000, 0xffff, 0xffff, 0x0000, 0x0000, 0x0000, 0x0000, 0x0000, 0xffff, 0xffff, 0xffff, 
	0xffff, 0x0000, 0xffff, 0x0000, 0x0000, 0xffff, 0x0000, 0x0000, 0x0000, 0x0000, 0x0000, 0xffff, 0x0000, 0x0000, 0xffff, 0x0000, 
	0x0000, 0xffff, 0x0000, 0x0000, 0xffff, 0x0000, 0x0000, 0xffff, 0x0000, 0x0000, 0xffff, 0x0000, 0x0000, 0xffff, 0x0000, 0x0000, 
	0x0000, 0x0000, 0xffff, 0xffff, 0x0000, 0x0000, 0x0000, 0x0000, 0x0000, 0x0000, 0x0000, 0x0000, 0xffff, 0xffff, 0x0000, 0x0000, 
	0x0000, 0x0000, 0x0000, 0xffff, 0x0000, 0x0000, 0xffff, 0x0000, 0xffff, 0x0000, 0x0000, 0xffff, 0x0000, 0x0000, 0x0000, 0x0000, 
	0x0000, 0xffff, 0x0000, 0x0000, 0xffff, 0x0000, 0x0000, 0xffff, 0x0000, 0x0000, 0xffff, 0x0000, 0x0000, 0xffff, 0x0000, 0x0000, 
	0xffff, 0x0000, 0x0000, 0xffff, 0x0000, 0x0000, 0x0000, 0x0000, 0xffff, 0xffff, 0x0000, 0x0000, 0x0000, 0x0000, 0x0000, 0x0000, 
	0x0000, 0x0000, 0xffff, 0xffff, 0x0000, 0x0000, 0x0000, 0x0000, 0xffff, 0xffff, 0x0000, 0x0000, 0xffff, 0xffff, 0xffff, 0xffff, 
	0xffff, 0xffff, 0x0000, 0x0000, 0x0000, 0x0000, 0x0000, 0xffff, 0x0000, 0x0000, 0xffff, 0xffff, 0xffff, 0xffff, 0x0000, 0x0000, 
	0xffff, 0xffff, 0xffff, 0xffff, 0x0000, 0x0000, 0xffff, 0xffff, 0xffff, 0xffff, 0x0000, 0x0000, 0x0000, 0x0000, 0xffff, 0xffff, 
	0x0000, 0x0000, 0x0000, 0x0000, 0x0000, 0x0000, 0x0000, 0x0000, 0xffff, 0xffff, 0x0000, 0x0000, 0x0000, 0x0000, 0x0000, 0x0000, 
	0x0000, 0x0000, 0x0000, 0x0000, 0x0000, 0x0000, 0x0000, 0x0000, 0x0000, 0x0000, 0x0000, 0x0000, 0x0000, 0x0000, 0x0000, 0x0000, 
	0x0000, 0x0000, 0x0000, 0x0000, 0x0000, 0x0000, 0x0000, 0x0000, 0x0000, 0x0000, 0x0000, 0x0000, 0x0000, 0x0000, 0x0000, 0x0000, 
	0x0000, 0x0000, 0x0000, 0x0000, 0xffff, 0xffff, 0x0000, 0x0000, 0x0000, 0x0000, 0x0000, 0x0000, 0x0000, 0x0000, 0xffff, 0xffff, 
	0x0000, 0x0000, 0x0000, 0x0000, 0x0000, 0x0000, 0x0000, 0x0000, 0x0000, 0x0000, 0x0000, 0x0000, 0x0000, 0x0000, 0x0000, 0x0000, 
	0x0000, 0x0000, 0x0000, 0x0000, 0x0000, 0x0000, 0x0000, 0x0000, 0x0000, 0x0000, 0x0000, 0x0000, 0x0000, 0x0000, 0x0000, 0x0000, 
	0x0000, 0x0000, 0x0000, 0x0000, 0x0000, 0x0000, 0x0000, 0x0000, 0x0000, 0x0000, 0xffff, 0xffff, 0x0000, 0x0000, 0x0000, 0x0000, 
	0x0000, 0x0000, 0x0000, 0x0000, 0xffff, 0xffff, 0x0000, 0x0000, 0x0000, 0x0000, 0x0000, 0x0000, 0x0000, 0x0000, 0x0000, 0x0000, 
	0x0000, 0x0000, 0x0000, 0x0000, 0x0000, 0x0000, 0x0000, 0x0000, 0x0000, 0x0000, 0x0000, 0x0000, 0x0000, 0x0000, 0x0000, 0x0000, 
	0x0000, 0x0000, 0x0000, 0x0000, 0x0000, 0x0000, 0x0000, 0x0000, 0x0000, 0x0000, 0x0000, 0x0000, 0x0000, 0x0000, 0x0000, 0x0000, 
	0xffff, 0xffff, 0x0000, 0x0000, 0x0000, 0x0000, 0x0000, 0x0000, 0x0000, 0x0000, 0xffff, 0xffff, 0xffff, 0xffff, 0xffff, 0xffff, 
	0xffff, 0xffff, 0xffff, 0x0000, 0x0000, 0xffff, 0xffff, 0xffff, 0xffff, 0xffff, 0xffff, 0x0000, 0x0000, 0xffff, 0xffff, 0xffff, 
	0xffff, 0xffff, 0xffff, 0xffff, 0xffff, 0x0000, 0x0000, 0xffff, 0xffff, 0xffff, 0xffff, 0xffff, 0xffff, 0x0000, 0x0000, 0xffff, 
	0xffff, 0xffff, 0xffff, 0xffff, 0xffff, 0xffff, 0xffff, 0xffff, 0x0000, 0x0000, 0x0000, 0x0000, 0x0000, 0x0000, 0x0000, 0x0000, 
	0xffff, 0xffff, 0xffff, 0xffff, 0xffff, 0xffff, 0xffff, 0xffff, 0xffff, 0x0000, 0x0000, 0xffff, 0xffff, 0xffff, 0xffff, 0xffff, 
	0xffff, 0x0000, 0x0000, 0xffff, 0xffff, 0xffff, 0xffff, 0xffff, 0xffff, 0xffff, 0xffff, 0x0000, 0x0000, 0xffff, 0xffff, 0xffff, 
	0xffff, 0xffff, 0xffff, 0x0000, 0x0000, 0xffff, 0xffff, 0xffff, 0xffff, 0xffff, 0xffff, 0xffff, 0xffff, 0xffff, 0x0000, 0x0000, 
	0x0000, 0x0000, 0x0000, 0x0000, 0x0000, 0x0000, 0x0000, 0x0000, 0x0000, 0x0000, 0x0000, 0x0000, 0x0000, 0x0000, 0x0000, 0x0000, 
	0x0000, 0x0000, 0x0000, 0x0000, 0x0000, 0x0000, 0x0000, 0x0000, 0x0000, 0x0000, 0x0000, 0x0000, 0x0000, 0x0000, 0x0000, 0x0000, 
	0x0000, 0x0000, 0x0000, 0x0000, 0x0000, 0x0000, 0x0000, 0x0000, 0x0000, 0x0000, 0x0000, 0x0000, 0x0000, 0x0000, 0x0000, 0x0000, 
	0x0000, 0x0000, 0x0000, 0x0000, 0x0000, 0x0000, 0x0000, 0x0000, 0x0000, 0x0000, 0x0000, 0x0000, 0x0000, 0x0000, 0x0000, 0x0000, 
	0x0000, 0x0000, 0x0000, 0x0000, 0x0000, 0x0000, 0x0000, 0x0000, 0x0000, 0x0000, 0x0000, 0x0000, 0x0000, 0x0000, 0x0000, 0x0000, 
	0x0000, 0x0000, 0x0000, 0x0000, 0x0000, 0x0000, 0x0000, 0x0000, 0x0000, 0x0000, 0x0000, 0x0000, 0x0000, 0x0000, 0x0000, 0x0000, 
	0x0000, 0x0000, 0x0000, 0x0000, 0x0000, 0x0000, 0x0000, 0x0000, 0x0000, 0x0000, 0x0000, 0x0000, 0x0000, 0x0000, 0x0000, 0x0000, 
	0x0000, 0x0000, 0x0000, 0x0000, 0x0000, 0x0000, 0x0000, 0x0000, 0x0000, 0x0000, 0x0000, 0x0000, 0x0000, 0x0000, 0x0000, 0x0000, 
	0x0000, 0x0000, 0x0000, 0x0000, 0x0000, 0x0000, 0x0000, 0x0000, 0x0000, 0x0000, 0x0000, 0x0000, 0x0000, 0x0000, 0x0000, 0x0000, 
	0x0000, 0x0000, 0x0000, 0x0000, 0x0000, 0x0000, 0x0000, 0x0000, 0x0000, 0x0000, 0x0000, 0x0000, 0x0000, 0x0000, 0x0000, 0x0000, 
	0x0000, 0x0000, 0x0000, 0x0000
};

const uint16_t twobuttonD[] PROGMEM = {
	0xffff, 0xffff, 0xffff, 0xffff, 0xffff, 0xffff, 0xffff, 0xffff, 0xffff, 0xffff, 0xffff, 0xffff, 0xffff, 0xffff, 0xffff, 0xffff, 
	0xffff, 0xffff, 0xffff, 0xffff, 0xffff, 0xffff, 0xffff, 0xffff, 0xffff, 0xffff, 0xffff, 0xffff, 0xffff, 0xffff, 0xffff, 0xffff, 
	0xffff, 0xffff, 0xffff, 0xffff, 0xffff, 0xffff, 0xffff, 0xffff, 0xffff, 0xffff, 0xffff, 0xffff, 0xffff, 0xffff, 0xffff, 0xffff, 
	0xffff, 0xffff, 0xffff, 0xffff, 0xffff, 0xffff, 0xffff, 0x0000, 0x0000, 0x0000, 0x0000, 0x0000, 0x0000, 0x0000, 0x0000, 0x0000, 
	0x0000, 0x0000, 0x0000, 0x0000, 0x0000, 0x0000, 0x0000, 0x0000, 0x0000, 0x0000, 0x0000, 0x0000, 0x0000, 0x0000, 0x0000, 0x0000, 
	0x0000, 0x0000, 0x0000, 0x0000, 0x0000, 0x0000, 0x0000, 0x0000, 0x0000, 0x0000, 0x0000, 0x0000, 0x0000, 0x0000, 0x0000, 0x0000, 
	0x0000, 0x0000, 0x0000, 0x0000, 0x0000, 0x0000, 0x0000, 0x0000, 0x0000, 0x0000, 0x0000, 0xffff, 0xffff, 0x0000, 0x0000, 0x0000, 
	0x0000, 0x0000, 0x0000, 0x0000, 0x0000, 0x0000, 0x0000, 0x0000, 0x0000, 0x0000, 0x0000, 0x0000, 0x0000, 0x0000, 0x0000, 0x0000, 
	0x0000, 0x0000, 0x0000, 0x0000, 0x0000, 0x0000, 0x0000, 0x0000, 0x0000, 0x0000, 0x0000, 0x0000, 0x0000, 0x0000, 0x0000, 0x0000, 
	0x0000, 0x0000, 0x0000, 0x0000, 0x0000, 0x0000, 0x0000, 0x0000, 0x0000, 0x0000, 0x0000, 0x0000, 0x0000, 0x0000, 0x0000, 0x0000, 
	0x0000, 0xffff, 0xffff, 0x0000, 0x0000, 0x6d1f, 0x6d1f, 0x6d1f, 0x6d1f, 0x6d1f, 0x6d1f, 0x6d1f, 0x6d1f, 0x6d1f, 0x6d1f, 0x6d1f, 
	0x6d1f, 0x6d1f, 0x6d1f, 0x6d1f, 0x6d1f, 0x6d1f, 0x6d1f, 0x6d1f, 0x6d1f, 0x6d1f, 0x6d1f, 0x0000, 0x0000, 0x0000, 0x0000, 0x9e1f, 
	0x9e1f, 0x9e1f, 0x9e1f, 0x9e1f, 0x9e1f, 0x9e1f, 0x9e1f, 0x9e1f, 0x9e1f, 0x9e1f, 0x9e1f, 0x9e1f, 0x9e1f, 0x9e1f, 0x9e1f, 0x9e1f, 
	0x9e1f, 0x9e1f, 0x9e1f, 0x9e1f, 0x9e1f, 0x0000, 0x0000, 0xffff, 0xffff, 0x0000, 0x0000, 0x6d1f, 0x6d1f, 0x6d1f, 0x6d1f, 0x6d1f, 
	0x6d1f, 0x6d1f, 0x6d1f, 0x6d1f, 0x6d1f, 0x6d1f, 0x6d1f, 0x6d1f, 0x6d1f, 0x6d1f, 0x6d1f, 0x6d1f, 0x6d1f, 0x6d1f, 0x6d1f, 0x6d1f, 
	0x6d1f, 0x0000, 0x0000, 0x0000, 0x0000, 0x9e1f, 0x9e1f, 0x9e1f, 0x9e1f, 0x9e1f, 0x9e1f, 0x9e1f, 0x9e1f, 0x9e1f, 0x9e1f, 0x9e1f, 
	0x9e1f, 0x9e1f, 0x9e1f, 0x9e1f, 0x9e1f, 0x9e1f, 0x9e1f, 0x9e1f, 0x9e1f, 0x9e1f, 0x9e1f, 0x0000, 0x0000, 0xffff, 0xffff, 0x0000, 
	0x0000, 0x6d1f, 0x6d1f, 0x6d1f, 0x6d1f, 0x6d1f, 0x6d1f, 0x6d1f, 0x6d1f, 0x6d1f, 0x6d1f, 0x6d1f, 0x6d1f, 0x6d1f, 0x6d1f, 0x6d1f, 
	0x6d1f, 0x6d1f, 0x6d1f, 0x6d1f, 0x6d1f, 0x6d1f, 0x6d1f, 0x0000, 0x0000, 0x0000, 0x0000, 0x9e1f, 0x9e1f, 0x9e1f, 0x9e1f, 0x9e1f, 
	0x9e1f, 0x9e1f, 0x9e1f, 0x9e1f, 0x9e1f, 0x9e1f, 0x9e1f, 0x9e1f, 0x9e1f, 0x9e1f, 0x9e1f, 0x9e1f, 0x9e1f, 0x9e1f, 0x9e1f, 0x9e1f, 
	0x9e1f, 0x0000, 0x0000, 0xffff, 0xffff, 0x0000, 0x0000, 0x6d1f, 0x6d1f, 0x6d1f, 0x6d1f, 0x6d1f, 0x6d1f, 0x6d1f, 0x6d1f, 0x6d1f, 
	0x6d1f, 0x6d1f, 0x6d1f, 0x6d1f, 0x6d1f, 0x6d1f, 0x6d1f, 0x6d1f, 0x6d1f, 0x6d1f, 0x6d1f, 0x6d1f, 0x6d1f, 0x0000, 0x0000, 0x0000, 
	0x0000, 0x9e1f, 0x9e1f, 0x9e1f, 0x9e1f, 0x9e1f, 0x9e1f, 0x9e1f, 0x9e1f, 0x9e1f, 0x9e1f, 0x9e1f, 0x9e1f, 0x9e1f, 0x9e1f, 0x9e1f, 
	0x9e1f, 0x9e1f, 0x9e1f, 0x9e1f, 0x9e1f, 0x9e1f, 0x9e1f, 0x0000, 0x0000, 0xffff, 0xffff, 0x0000, 0x0000, 0x6d1f, 0x6d1f, 0x6d1f, 
	0x6d1f, 0x6d1f, 0x6d1f, 0x6d1f, 0x6d1f, 0x6d1f, 0x6d1f, 0x6d1f, 0x6d1f, 0x6d1f, 0x6d1f, 0x6d1f, 0x6d1f, 0x6d1f, 0x6d1f, 0x6d1f, 
	0x6d1f, 0x6d1f, 0x6d1f, 0x0000, 0x0000, 0x0000, 0x0000, 0x9e1f, 0x9e1f, 0x9e1f, 0x9e1f, 0x9e1f, 0x9e1f, 0x9e1f, 0x9e1f, 0x9e1f, 
	0x9e1f, 0x9e1f, 0x9e1f, 0x9e1f, 0x9e1f, 0x9e1f, 0x9e1f, 0x9e1f, 0x9e1f, 0x9e1f, 0x9e1f, 0x9e1f, 0x9e1f, 0x0000, 0x0000, 0xffff, 
	0xffff, 0x0000, 0x0000, 0x6d1f, 0x6d1f, 0x6d1f, 0x6d1f, 0x6d1f, 0x6d1f, 0x6d1f, 0x6d1f, 0x6d1f, 0x6d1f, 0x6d1f, 0x6d1f, 0x6d1f, 
	0x6d1f, 0x6d1f, 0x6d1f, 0x6d1f, 0x6d1f, 0x6d1f, 0x6d1f, 0x6d1f, 0x6d1f, 0x0000, 0x0000, 0x0000, 0x0000, 0x9e1f, 0x9e1f, 0x9e1f, 
	0x9e1f, 0x9e1f, 0x9e1f, 0x9e1f, 0x9e1f, 0x9e1f, 0x9e1f, 0x9e1f, 0x9e1f, 0x9e1f, 0x9e1f, 0x9e1f, 0x9e1f, 0x9e1f, 0x9e1f, 0x9e1f, 
	0x9e1f, 0x9e1f, 0x9e1f, 0x0000, 0x0000, 0xffff, 0xffff, 0x0000, 0x0000, 0x6d1f, 0x6d1f, 0x6d1f, 0x6d1f, 0x6d1f, 0x6d1f, 0x6d1f, 
	0x6d1f, 0x6d1f, 0x6d1f, 0x6d1f, 0x6d1f, 0x6d1f, 0x6d1f, 0x6d1f, 0x6d1f, 0x6d1f, 0x6d1f, 0x6d1f, 0x6d1f, 0x6d1f, 0x6d1f, 0x0000, 
	0x0000, 0x0000, 0x0000, 0x9e1f, 0x9e1f, 0x9e1f, 0x9e1f, 0x9e1f, 0x9e1f, 0x9e1f, 0x9e1f, 0x9e1f, 0x9e1f, 0x9e1f, 0x9e1f, 0x9e1f, 
	0x9e1f, 0x9e1f, 0x9e1f, 0x9e1f, 0x9e1f, 0x9e1f, 0x9e1f, 0x9e1f, 0x9e1f, 0x0000, 0x0000, 0xffff, 0xffff, 0x0000, 0x0000, 0x6d1f, 
	0x6d1f, 0x6d1f, 0x6d1f, 0x6d1f, 0x6d1f, 0x6d1f, 0x6d1f, 0x6d1f, 0x6d1f, 0x6d1f, 0x6d1f, 0x6d1f, 0x6d1f, 0x6d1f, 0x6d1f, 0x6d1f, 
	0x6d1f, 0x6d1f, 0x6d1f, 0x6d1f, 0x6d1f, 0x0000, 0x0000, 0x0000, 0x0000, 0x9e1f, 0x9e1f, 0x9e1f, 0x9e1f, 0x9e1f, 0x9e1f, 0x9e1f, 
	0x9e1f, 0x9e1f, 0x9e1f, 0x9e1f, 0x9e1f, 0x9e1f, 0x9e1f, 0x9e1f, 0x9e1f, 0x9e1f, 0x9e1f, 0x9e1f, 0x9e1f, 0x9e1f, 0x9e1f, 0x0000, 
	0x0000, 0xffff, 0xffff, 0x0000, 0x0000, 0x6d1f, 0x6d1f, 0x6d1f, 0x6d1f, 0x6d1f, 0x6d1f, 0x6d1f, 0x6d1f, 0x6d1f, 0x6d1f, 0x6d1f, 
	0x6d1f, 0x6d1f, 0x6d1f, 0x6d1f, 0x6d1f, 0x6d1f, 0x6d1f, 0x6d1f, 0x6d1f, 0x6d1f, 0x6d1f, 0x0000, 0x0000, 0x0000, 0x0000, 0x9e1f, 
	0x9e1f, 0x9e1f, 0x9e1f, 0x9e1f, 0x9e1f, 0x9e1f, 0x9e1f, 0x9e1f, 0x9e1f, 0x9e1f, 0x9e1f, 0x9e1f, 0x9e1f, 0x9e1f, 0x9e1f, 0x9e1f, 
	0x9e1f, 0x9e1f, 0x9e1f, 0x9e1f, 0x9e1f, 0x0000, 0x0000, 0xffff, 0xffff, 0x0000, 0x0000, 0x6d1f, 0x6d1f, 0x6d1f, 0x6d1f, 0x6d1f, 
	0x6d1f, 0x6d1f, 0x6d1f, 0x6d1f, 0x6d1f, 0x6d1f, 0x6d1f, 0x6d1f, 0x6d1f, 0x6d1f, 0x6d1f, 0x6d1f, 0x6d1f, 0x6d1f, 0x6d1f, 0x6d1f, 
	0x6d1f, 0x0000, 0x0000, 0x0000, 0x0000, 0x9e1f, 0x9e1f, 0x9e1f, 0x9e1f, 0x9e1f, 0x9e1f, 0x9e1f, 0x9e1f, 0x9e1f, 0x9e1f, 0x9e1f, 
	0x9e1f, 0x9e1f, 0x9e1f, 0x9e1f, 0x9e1f, 0x9e1f, 0x9e1f, 0x9e1f, 0x9e1f, 0x9e1f, 0x9e1f, 0x0000, 0x0000, 0xffff, 0xffff, 0x0000, 
	0x0000, 0x6d1f, 0x6d1f, 0x6d1f, 0x6d1f, 0x6d1f, 0x6d1f, 0x6d1f, 0x6d1f, 0x6d1f, 0x6d1f, 0x6d1f, 0x6d1f, 0x6d1f, 0x6d1f, 0x6d1f, 
	0x6d1f, 0x6d1f, 0x6d1f, 0x6d1f, 0x6d1f, 0x6d1f, 0x6d1f, 0x0000, 0x0000, 0x0000, 0x0000, 0x9e1f, 0x9e1f, 0x9e1f, 0x9e1f, 0x9e1f, 
	0x9e1f, 0x9e1f, 0x9e1f, 0x9e1f, 0x9e1f, 0x9e1f, 0x9e1f, 0x9e1f, 0x9e1f, 0x9e1f, 0x9e1f, 0x9e1f, 0x9e1f, 0x9e1f, 0x9e1f, 0x9e1f, 
	0x9e1f, 0x0000, 0x0000, 0xffff, 0xffff, 0x0000, 0x0000, 0x6d1f, 0x6d1f, 0x6d1f, 0x6d1f, 0x6d1f, 0x6d1f, 0x6d1f, 0x6d1f, 0x6d1f, 
	0x6d1f, 0x6d1f, 0x6d1f, 0x6d1f, 0x6d1f, 0x6d1f, 0x6d1f, 0x6d1f, 0x6d1f, 0x6d1f, 0x6d1f, 0x6d1f, 0x6d1f, 0x0000, 0x0000, 0x0000, 
	0x0000, 0x9e1f, 0x9e1f, 0x9e1f, 0x9e1f, 0x9e1f, 0x9e1f, 0x9e1f, 0x9e1f, 0x9e1f, 0x9e1f, 0x9e1f, 0x9e1f, 0x9e1f, 0x9e1f, 0x9e1f, 
	0x9e1f, 0x9e1f, 0x9e1f, 0x9e1f, 0x9e1f, 0x9e1f, 0x9e1f, 0x0000, 0x0000, 0xffff, 0xffff, 0x0000, 0x0000, 0x6d1f, 0x6d1f, 0x6d1f, 
	0x6d1f, 0x6d1f, 0x6d1f, 0x6d1f, 0x6d1f, 0x6d1f, 0x6d1f, 0x6d1f, 0x6d1f, 0x6d1f, 0x6d1f, 0x6d1f, 0x6d1f, 0x6d1f, 0x6d1f, 0x6d1f, 
	0x6d1f, 0x6d1f, 0x6d1f, 0x0000, 0x0000, 0x0000, 0x0000, 0x9e1f, 0x9e1f, 0x9e1f, 0x9e1f, 0x9e1f, 0x9e1f, 0x9e1f, 0x9e1f, 0x9e1f, 
	0x9e1f, 0x9e1f, 0x9e1f, 0x9e1f, 0x9e1f, 0x9e1f, 0x9e1f, 0x9e1f, 0x9e1f, 0x9e1f, 0x9e1f, 0x9e1f, 0x9e1f, 0x0000, 0x0000, 0xffff, 
	0xffff, 0x0000, 0x0000, 0x6d1f, 0x6d1f, 0x6d1f, 0x6d1f, 0x6d1f, 0x6d1f, 0x6d1f, 0x6d1f, 0x6d1f, 0x6d1f, 0x6d1f, 0x6d1f, 0x6d1f, 
	0x6d1f, 0x6d1f, 0x6d1f, 0x6d1f, 0x6d1f, 0x6d1f, 0x6d1f, 0x6d1f, 0x6d1f, 0x0000, 0x0000, 0x0000, 0x0000, 0x9e1f, 0x9e1f, 0x9e1f, 
	0x9e1f, 0x9e1f, 0x9e1f, 0x9e1f, 0x9e1f, 0x9e1f, 0x9e1f, 0x9e1f, 0x9e1f, 0x9e1f, 0x9e1f, 0x9e1f, 0x9e1f, 0x9e1f, 0x9e1f, 0x9e1f, 
	0x9e1f, 0x9e1f, 0x9e1f, 0x0000, 0x0000, 0xffff, 0xffff, 0x0000, 0x0000, 0x6d1f, 0x6d1f, 0x6d1f, 0x6d1f, 0x6d1f, 0x6d1f, 0x6d1f, 
	0x6d1f, 0x6d1f, 0x6d1f, 0x6d1f, 0x6d1f, 0x6d1f, 0x6d1f, 0x6d1f, 0x6d1f, 0x6d1f, 0x6d1f, 0x6d1f, 0x6d1f, 0x6d1f, 0x6d1f, 0x0000, 
	0x0000, 0x0000, 0x0000, 0x9e1f, 0x9e1f, 0x9e1f, 0x9e1f, 0x9e1f, 0x9e1f, 0x9e1f, 0x9e1f, 0x9e1f, 0x9e1f, 0x9e1f, 0x9e1f, 0x9e1f, 
	0x9e1f, 0x9e1f, 0x9e1f, 0x9e1f, 0x9e1f, 0x9e1f, 0x9e1f, 0x9e1f, 0x9e1f, 0x0000, 0x0000, 0xffff, 0xffff, 0x0000, 0x0000, 0x6d1f, 
	0x6d1f, 0x6d1f, 0x6d1f, 0x6d1f, 0x6d1f, 0x6d1f, 0x6d1f, 0x6d1f, 0x6d1f, 0x6d1f, 0x6d1f, 0x6d1f, 0x6d1f, 0x6d1f, 0x6d1f, 0x6d1f, 
	0x6d1f, 0x6d1f, 0x6d1f, 0x6d1f, 0x6d1f, 0x0000, 0x0000, 0x0000, 0x0000, 0x9e1f, 0x9e1f, 0x9e1f, 0x9e1f, 0x9e1f, 0x9e1f, 0x9e1f, 
	0x9e1f, 0x9e1f, 0x9e1f, 0x9e1f, 0x9e1f, 0x9e1f, 0x9e1f, 0x9e1f, 0x9e1f, 0x9e1f, 0x9e1f, 0x9e1f, 0x9e1f, 0x9e1f, 0x9e1f, 0x0000, 
	0x0000, 0xffff, 0xffff, 0x0000, 0x0000, 0x6d1f, 0x6d1f, 0x6d1f, 0x6d1f, 0x6d1f, 0x6d1f, 0x6d1f, 0x6d1f, 0x6d1f, 0x6d1f, 0x6d1f, 
	0x6d1f, 0x6d1f, 0x6d1f, 0x6d1f, 0x6d1f, 0x6d1f, 0x6d1f, 0x6d1f, 0x6d1f, 0x6d1f, 0x6d1f, 0x0000, 0x0000, 0x0000, 0x0000, 0x9e1f, 
	0x9e1f, 0x9e1f, 0x9e1f, 0x9e1f, 0x9e1f, 0x9e1f, 0x9e1f, 0x9e1f, 0x9e1f, 0x9e1f, 0x9e1f, 0x9e1f, 0x9e1f, 0x9e1f, 0x9e1f, 0x9e1f, 
	0x9e1f, 0x9e1f, 0x9e1f, 0x9e1f, 0x9e1f, 0x0000, 0x0000, 0xffff, 0xffff, 0x0000, 0x0000, 0x6d1f, 0x6d1f, 0x6d1f, 0x6d1f, 0x6d1f, 
	0x6d1f, 0x6d1f, 0x6d1f, 0x6d1f, 0x6d1f, 0x6d1f, 0x6d1f, 0x6d1f, 0x6d1f, 0x6d1f, 0x6d1f, 0x6d1f, 0x6d1f, 0x6d1f, 0x6d1f, 0x6d1f, 
	0x6d1f, 0x0000, 0x0000, 0x0000, 0x0000, 0x9e1f, 0x9e1f, 0x9e1f, 0x9e1f, 0x9e1f, 0x9e1f, 0x9e1f, 0x9e1f, 0x9e1f, 0x9e1f, 0x9e1f, 
	0x9e1f, 0x9e1f, 0x9e1f, 0x9e1f, 0x9e1f, 0x9e1f, 0x9e1f, 0x9e1f, 0x9e1f, 0x9e1f, 0x9e1f, 0x0000, 0x0000, 0xffff, 0xffff, 0x0000, 
	0x0000, 0x6d1f, 0x6d1f, 0x6d1f, 0x6d1f, 0x6d1f, 0x6d1f, 0x6d1f, 0x6d1f, 0x6d1f, 0x6d1f, 0x6d1f, 0x6d1f, 0x6d1f, 0x6d1f, 0x6d1f, 
	0x6d1f, 0x6d1f, 0x6d1f, 0x6d1f, 0x6d1f, 0x6d1f, 0x6d1f, 0x0000, 0x0000, 0x0000, 0x0000, 0x9e1f, 0x9e1f, 0x9e1f, 0x9e1f, 0x9e1f, 
	0x9e1f, 0x9e1f, 0x9e1f, 0x9e1f, 0x9e1f, 0x9e1f, 0x9e1f, 0x9e1f, 0x9e1f, 0x9e1f, 0x9e1f, 0x9e1f, 0x9e1f, 0x9e1f, 0x9e1f, 0x9e1f, 
	0x9e1f, 0x0000, 0x0000, 0xffff, 0xffff, 0x0000, 0x0000, 0x6d1f, 0x6d1f, 0x6d1f, 0x6d1f, 0x6d1f, 0x6d1f, 0x6d1f, 0x6d1f, 0x6d1f, 
	0x6d1f, 0x6d1f, 0x6d1f, 0x6d1f, 0x6d1f, 0x6d1f, 0x6d1f, 0x6d1f, 0x6d1f, 0x6d1f, 0x6d1f, 0x6d1f, 0x6d1f, 0x0000, 0x0000, 0x0000, 
	0x0000, 0x9e1f, 0x9e1f, 0x9e1f, 0x9e1f, 0x9e1f, 0x9e1f, 0x9e1f, 0x9e1f, 0x9e1f, 0x9e1f, 0x9e1f, 0x9e1f, 0x9e1f, 0x9e1f, 0x9e1f, 
	0x9e1f, 0x9e1f, 0x9e1f, 0x9e1f, 0x9e1f, 0x9e1f, 0x9e1f, 0x0000, 0x0000, 0xffff, 0xffff, 0x0000, 0x0000, 0x6d1f, 0x6d1f, 0x6d1f, 
	0x6d1f, 0x6d1f, 0x6d1f, 0x6d1f, 0x6d1f, 0x6d1f, 0x6d1f, 0x6d1f, 0x6d1f, 0x6d1f, 0x6d1f, 0x6d1f, 0x6d1f, 0x6d1f, 0x6d1f, 0x6d1f, 
	0x6d1f, 0x6d1f, 0x6d1f, 0x0000, 0x0000, 0x0000, 0x0000, 0x9e1f, 0x9e1f, 0x9e1f, 0x9e1f, 0x9e1f, 0x9e1f, 0x9e1f, 0x9e1f, 0x9e1f, 
	0x9e1f, 0x9e1f, 0x9e1f, 0x9e1f, 0x9e1f, 0x9e1f, 0x9e1f, 0x9e1f, 0x9e1f, 0x9e1f, 0x9e1f, 0x9e1f, 0x9e1f, 0x0000, 0x0000, 0xffff, 
	0xffff, 0x0000, 0x0000, 0x6d1f, 0x6d1f, 0x6d1f, 0x6d1f, 0x6d1f, 0x6d1f, 0x6d1f, 0x6d1f, 0x6d1f, 0x6d1f, 0x6d1f, 0x6d1f, 0x6d1f, 
	0x6d1f, 0x6d1f, 0x6d1f, 0x6d1f, 0x6d1f, 0x6d1f, 0x6d1f, 0x6d1f, 0x6d1f, 0x0000, 0x0000, 0x0000, 0x0000, 0x9e1f, 0x9e1f, 0x9e1f, 
	0x9e1f, 0x9e1f, 0x9e1f, 0x9e1f, 0x9e1f, 0x9e1f, 0x9e1f, 0x9e1f, 0x9e1f, 0x9e1f, 0x9e1f, 0x9e1f, 0x9e1f, 0x9e1f, 0x9e1f, 0x9e1f, 
	0x9e1f, 0x9e1f, 0x9e1f, 0x0000, 0x0000, 0xffff, 0xffff, 0x0000, 0x0000, 0x0000, 0x0000, 0x0000, 0x0000, 0x0000, 0x0000, 0x0000, 
	0x0000, 0x0000, 0x0000, 0x0000, 0x0000, 0x0000, 0x0000, 0x0000, 0x0000, 0x0000, 0x0000, 0x0000, 0x0000, 0x0000, 0x0000, 0x0000, 
	0x0000, 0x0000, 0x0000, 0x0000, 0x0000, 0x0000, 0x0000, 0x0000, 0x0000, 0x0000, 0x0000, 0x0000, 0x0000, 0x0000, 0x0000, 0x0000, 
	0x0000, 0x0000, 0x0000, 0x0000, 0x0000, 0x0000, 0x0000, 0x0000, 0x0000, 0x0000, 0x0000, 0xffff, 0xffff, 0x0000, 0x0000, 0x0000, 
	0x0000, 0x0000, 0x0000, 0x0000, 0x0000, 0x0000, 0x0000, 0x0000, 0x0000, 0x0000, 0x0000, 0x0000, 0x0000, 0x0000, 0x0000, 0x0000, 
	0x0000, 0x0000, 0x0000, 0x0000, 0x0000, 0x0000, 0x0000, 0x0000, 0x0000, 0x0000, 0x0000, 0x0000, 0x0000, 0x0000, 0x0000, 0x0000, 
	0x0000, 0x0000, 0x0000, 0x0000, 0x0000, 0x0000, 0x0000, 0x0000, 0x0000, 0x0000, 0x0000, 0x0000, 0x0000, 0x0000, 0x0000, 0x0000, 
	0x0000, 0xffff, 0xffff, 0x0000, 0x0000, 0x0000, 0x0000, 0x0000, 0x0000, 0x0000, 0x0000, 0x0000, 0x0000, 0x0000, 0x0000, 0x0000, 
	0x0000, 0x0000, 0x0000, 0x0000, 0x0000, 0x0000, 0x0000, 0x0000, 0x0000, 0x0000, 0x0000, 0x0000, 0x0000, 0x0000, 0x0000, 0x0000, 
	0x0000, 0x0000, 0x0000, 0x0000, 0x0000, 0x0000, 0x0000, 0x0000, 0x0000, 0x0000, 0x0000, 0x0000, 0x0000, 0x0000, 0x0000, 0x0000, 
	0x0000, 0x0000, 0x0000, 0x0000, 0x0000, 0x0000, 0x0000, 0xffff, 0xffff, 0x0000, 0x0000, 0x0000, 0x0000, 0x0000, 0x0000, 0x0000, 
	0x0000, 0x0000, 0x0000, 0x0000, 0x0000, 0x0000, 0x0000, 0x0000, 0x0000, 0x0000, 0x0000, 0x0000, 0x0000, 0x0000, 0x0000, 0x0000, 
	0x0000, 0x0000, 0x0000, 0x0000, 0x0000, 0x0000, 0x0000, 0x0000, 0x0000, 0x0000, 0x0000, 0x0000, 0x0000, 0x0000, 0x0000, 0x0000, 
	0x0000, 0x0000, 0x0000, 0x0000, 0x0000, 0x0000, 0x0000, 0x0000, 0x0000, 0x0000, 0x0000, 0x0000, 0x0000, 0xffff, 0xffff, 0x0000, 
	0x0000, 0x9e1f, 0x9e1f, 0x9e1f, 0x9e1f, 0x9e1f, 0x9e1f, 0x9e1f, 0x9e1f, 0x9e1f, 0x9e1f, 0x9e1f, 0x9e1f, 0x9e1f, 0x9e1f, 0x9e1f, 
	0x9e1f, 0x9e1f, 0x9e1f, 0x9e1f, 0x9e1f, 0x9e1f, 0x9e1f, 0x0000, 0x0000, 0x0000, 0x0000, 0x6d1f, 0x6d1f, 0x6d1f, 0x6d1f, 0x6d1f, 
	0x6d1f, 0x6d1f, 0x6d1f, 0x6d1f, 0x6d1f, 0x6d1f, 0x6d1f, 0x6d1f, 0x6d1f, 0x6d1f, 0x6d1f, 0x6d1f, 0x6d1f, 0x6d1f, 0x6d1f, 0x6d1f, 
	0x6d1f, 0x0000, 0x0000, 0xffff, 0xffff, 0x0000, 0x0000, 0x9e1f, 0x9e1f, 0x9e1f, 0x9e1f, 0x9e1f, 0x9e1f, 0x9e1f, 0x9e1f, 0x9e1f, 
	0x9e1f, 0x9e1f, 0x9e1f, 0x9e1f, 0x9e1f, 0x9e1f, 0x9e1f, 0x9e1f, 0x9e1f, 0x9e1f, 0x9e1f, 0x9e1f, 0x9e1f, 0x0000, 0x0000, 0x0000, 
	0x0000, 0x6d1f, 0x6d1f, 0x6d1f, 0x6d1f, 0x6d1f, 0x6d1f, 0x6d1f, 0x6d1f, 0x6d1f, 0x6d1f, 0x6d1f, 0x6d1f, 0x6d1f, 0x6d1f, 0x6d1f, 
	0x6d1f, 0x6d1f, 0x6d1f, 0x6d1f, 0x6d1f, 0x6d1f, 0x6d1f, 0x0000, 0x0000, 0xffff, 0xffff, 0x0000, 0x0000, 0x9e1f, 0x9e1f, 0x9e1f, 
	0x9e1f, 0x9e1f, 0x9e1f, 0x9e1f, 0x9e1f, 0x9e1f, 0x9e1f, 0x9e1f, 0x9e1f, 0x9e1f, 0x9e1f, 0x9e1f, 0x9e1f, 0x9e1f, 0x9e1f, 0x9e1f, 
	0x9e1f, 0x9e1f, 0x9e1f, 0x0000, 0x0000, 0x0000, 0x0000, 0x6d1f, 0x6d1f, 0x6d1f, 0x6d1f, 0x6d1f, 0x6d1f, 0x6d1f, 0x6d1f, 0x6d1f, 
	0x6d1f, 0x6d1f, 0x6d1f, 0x6d1f, 0x6d1f, 0x6d1f, 0x6d1f, 0x6d1f, 0x6d1f, 0x6d1f, 0x6d1f, 0x6d1f, 0x6d1f, 0x0000, 0x0000, 0xffff, 
	0xffff, 0x0000, 0x0000, 0x9e1f, 0x9e1f, 0x9e1f, 0x9e1f, 0x9e1f, 0x9e1f, 0x9e1f, 0x9e1f, 0x9e1f, 0x9e1f, 0x9e1f, 0x9e1f, 0x9e1f, 
	0x9e1f, 0x9e1f, 0x9e1f, 0x9e1f, 0x9e1f, 0x9e1f, 0x9e1f, 0x9e1f, 0x9e1f, 0x0000, 0x0000, 0x0000, 0x0000, 0x6d1f, 0x6d1f, 0x6d1f, 
	0x6d1f, 0x6d1f, 0x6d1f, 0x6d1f, 0x6d1f, 0x6d1f, 0x6d1f, 0x6d1f, 0x6d1f, 0x6d1f, 0x6d1f, 0x6d1f, 0x6d1f, 0x6d1f, 0x6d1f, 0x6d1f, 
	0x6d1f, 0x6d1f, 0x6d1f, 0x0000, 0x0000, 0xffff, 0xffff, 0x0000, 0x0000, 0x9e1f, 0x9e1f, 0x9e1f, 0x9e1f, 0x9e1f, 0x9e1f, 0x9e1f, 
	0x9e1f, 0x9e1f, 0x9e1f, 0x9e1f, 0x9e1f, 0x9e1f, 0x9e1f, 0x9e1f, 0x9e1f, 0x9e1f, 0x9e1f, 0x9e1f, 0x9e1f, 0x9e1f, 0x9e1f, 0x0000, 
	0x0000, 0x0000, 0x0000, 0x6d1f, 0x6d1f, 0x6d1f, 0x6d1f, 0x6d1f, 0x6d1f, 0x6d1f, 0x6d1f, 0x6d1f, 0x6d1f, 0x6d1f, 0x6d1f, 0x6d1f, 
	0x6d1f, 0x6d1f, 0x6d1f, 0x6d1f, 0x6d1f, 0x6d1f, 0x6d1f, 0x6d1f, 0x6d1f, 0x0000, 0x0000, 0xffff, 0xffff, 0x0000, 0x0000, 0x9e1f, 
	0x9e1f, 0x9e1f, 0x9e1f, 0x9e1f, 0x9e1f, 0x9e1f, 0x9e1f, 0x9e1f, 0x9e1f, 0x9e1f, 0x9e1f, 0x9e1f, 0x9e1f, 0x9e1f, 0x9e1f, 0x9e1f, 
	0x9e1f, 0x9e1f, 0x9e1f, 0x9e1f, 0x9e1f, 0x0000, 0x0000, 0x0000, 0x0000, 0x6d1f, 0x6d1f, 0x6d1f, 0x6d1f, 0x6d1f, 0x6d1f, 0x6d1f, 
	0x6d1f, 0x6d1f, 0x6d1f, 0x6d1f, 0x6d1f, 0x6d1f, 0x6d1f, 0x6d1f, 0x6d1f, 0x6d1f, 0x6d1f, 0x6d1f, 0x6d1f, 0x6d1f, 0x6d1f, 0x0000, 
	0x0000, 0xffff, 0xffff, 0x0000, 0x0000, 0x9e1f, 0x9e1f, 0x9e1f, 0x9e1f, 0x9e1f, 0x9e1f, 0x9e1f, 0x9e1f, 0x9e1f, 0x9e1f, 0x9e1f, 
	0x9e1f, 0x9e1f, 0x9e1f, 0x9e1f, 0x9e1f, 0x9e1f, 0x9e1f, 0x9e1f, 0x9e1f, 0x9e1f, 0x9e1f, 0x0000, 0x0000, 0x0000, 0x0000, 0x6d1f, 
	0x6d1f, 0x6d1f, 0x6d1f, 0x6d1f, 0x6d1f, 0x6d1f, 0x6d1f, 0x6d1f, 0x6d1f, 0x6d1f, 0x6d1f, 0x6d1f, 0x6d1f, 0x6d1f, 0x6d1f, 0x6d1f, 
	0x6d1f, 0x6d1f, 0x6d1f, 0x6d1f, 0x6d1f, 0x0000, 0x0000, 0xffff, 0xffff, 0x0000, 0x0000, 0x9e1f, 0x9e1f, 0x9e1f, 0x9e1f, 0x9e1f, 
	0x9e1f, 0x9e1f, 0x9e1f, 0x9e1f, 0x9e1f, 0x9e1f, 0x9e1f, 0x9e1f, 0x9e1f, 0x9e1f, 0x9e1f, 0x9e1f, 0x9e1f, 0x9e1f, 0x9e1f, 0x9e1f, 
	0x9e1f, 0x0000, 0x0000, 0x0000, 0x0000, 0x6d1f, 0x6d1f, 0x6d1f, 0x6d1f, 0x6d1f, 0x6d1f, 0x6d1f, 0x6d1f, 0x6d1f, 0x6d1f, 0x6d1f, 
	0x6d1f, 0x6d1f, 0x6d1f, 0x6d1f, 0x6d1f, 0x6d1f, 0x6d1f, 0x6d1f, 0x6d1f, 0x6d1f, 0x6d1f, 0x0000, 0x0000, 0xffff, 0xffff, 0x0000, 
	0x0000, 0x9e1f, 0x9e1f, 0x9e1f, 0x9e1f, 0x9e1f, 0x9e1f, 0x9e1f, 0x9e1f, 0x9e1f, 0x9e1f, 0x9e1f, 0x9e1f, 0x9e1f, 0x9e1f, 0x9e1f, 
	0x9e1f, 0x9e1f, 0x9e1f, 0x9e1f, 0x9e1f, 0x9e1f, 0x9e1f, 0x0000, 0x0000, 0x0000, 0x0000, 0x6d1f, 0x6d1f, 0x6d1f, 0x6d1f, 0x6d1f, 
	0x6d1f, 0x6d1f, 0x6d1f, 0x6d1f, 0x6d1f, 0x6d1f, 0x6d1f, 0x6d1f, 0x6d1f, 0x6d1f, 0x6d1f, 0x6d1f, 0x6d1f, 0x6d1f, 0x6d1f, 0x6d1f, 
	0x6d1f, 0x0000, 0x0000, 0xffff, 0xffff, 0x0000, 0x0000, 0x9e1f, 0x9e1f, 0x9e1f, 0x9e1f, 0x9e1f, 0x9e1f, 0x9e1f, 0x9e1f, 0x9e1f, 
	0x9e1f, 0x9e1f, 0x9e1f, 0x9e1f, 0x9e1f, 0x9e1f, 0x9e1f, 0x9e1f, 0x9e1f, 0x9e1f, 0x9e1f, 0x9e1f, 0x9e1f, 0x0000, 0x0000, 0x0000, 
	0x0000, 0x6d1f, 0x6d1f, 0x6d1f, 0x6d1f, 0x6d1f, 0x6d1f, 0x6d1f, 0x6d1f, 0x6d1f, 0x6d1f, 0x6d1f, 0x6d1f, 0x6d1f, 0x6d1f, 0x6d1f, 
	0x6d1f, 0x6d1f, 0x6d1f, 0x6d1f, 0x6d1f, 0x6d1f, 0x6d1f, 0x0000, 0x0000, 0xffff, 0xffff, 0x0000, 0x0000, 0x9e1f, 0x9e1f, 0x9e1f, 
	0x9e1f, 0x9e1f, 0x9e1f, 0x9e1f, 0x9e1f, 0x9e1f, 0x9e1f, 0x9e1f, 0x9e1f, 0x9e1f, 0x9e1f, 0x9e1f, 0x9e1f, 0x9e1f, 0x9e1f, 0x9e1f, 
	0x9e1f, 0x9e1f, 0x9e1f, 0x0000, 0x0000, 0x0000, 0x0000, 0x6d1f, 0x6d1f, 0x6d1f, 0x6d1f, 0x6d1f, 0x6d1f, 0x6d1f, 0x6d1f, 0x6d1f, 
	0x6d1f, 0x6d1f, 0x6d1f, 0x6d1f, 0x6d1f, 0x6d1f, 0x6d1f, 0x6d1f, 0x6d1f, 0x6d1f, 0x6d1f, 0x6d1f, 0x6d1f, 0x0000, 0x0000, 0xffff, 
	0xffff, 0x0000, 0x0000, 0x9e1f, 0x9e1f, 0x9e1f, 0x9e1f, 0x9e1f, 0x9e1f, 0x9e1f, 0x9e1f, 0x9e1f, 0x9e1f, 0x9e1f, 0x9e1f, 0x9e1f, 
	0x9e1f, 0x9e1f, 0x9e1f, 0x9e1f, 0x9e1f, 0x9e1f, 0x9e1f, 0x9e1f, 0x9e1f, 0x0000, 0x0000, 0x0000, 0x0000, 0x6d1f, 0x6d1f, 0x6d1f, 
	0x6d1f, 0x6d1f, 0x6d1f, 0x6d1f, 0x6d1f, 0x6d1f, 0x6d1f, 0x6d1f, 0x6d1f, 0x6d1f, 0x6d1f, 0x6d1f, 0x6d1f, 0x6d1f, 0x6d1f, 0x6d1f, 
	0x6d1f, 0x6d1f, 0x6d1f, 0x0000, 0x0000, 0xffff, 0xffff, 0x0000, 0x0000, 0x9e1f, 0x9e1f, 0x9e1f, 0x9e1f, 0x9e1f, 0x9e1f, 0x9e1f, 
	0x9e1f, 0x9e1f, 0x9e1f, 0x9e1f, 0x9e1f, 0x9e1f, 0x9e1f, 0x9e1f, 0x9e1f, 0x9e1f, 0x9e1f, 0x9e1f, 0x9e1f, 0x9e1f, 0x9e1f, 0x0000, 
	0x0000, 0x0000, 0x0000, 0x6d1f, 0x6d1f, 0x6d1f, 0x6d1f, 0x6d1f, 0x6d1f, 0x6d1f, 0x6d1f, 0x6d1f, 0x6d1f, 0x6d1f, 0x6d1f, 0x6d1f, 
	0x6d1f, 0x6d1f, 0x6d1f, 0x6d1f, 0x6d1f, 0x6d1f, 0x6d1f, 0x6d1f, 0x6d1f, 0x0000, 0x0000, 0xffff, 0xffff, 0x0000, 0x0000, 0x9e1f, 
	0x9e1f, 0x9e1f, 0x9e1f, 0x9e1f, 0x9e1f, 0x9e1f, 0x9e1f, 0x9e1f, 0x9e1f, 0x9e1f, 0x9e1f, 0x9e1f, 0x9e1f, 0x9e1f, 0x9e1f, 0x9e1f, 
	0x9e1f, 0x9e1f, 0x9e1f, 0x9e1f, 0x9e1f, 0x0000, 0x0000, 0x0000, 0x0000, 0x6d1f, 0x6d1f, 0x6d1f, 0x6d1f, 0x6d1f, 0x6d1f, 0x6d1f, 
	0x6d1f, 0x6d1f, 0x6d1f, 0x6d1f, 0x6d1f, 0x6d1f, 0x6d1f, 0x6d1f, 0x6d1f, 0x6d1f, 0x6d1f, 0x6d1f, 0x6d1f, 0x6d1f, 0x6d1f, 0x0000, 
	0x0000, 0xffff, 0xffff, 0x0000, 0x0000, 0x9e1f, 0x9e1f, 0x9e1f, 0x9e1f, 0x9e1f, 0x9e1f, 0x9e1f, 0x9e1f, 0x9e1f, 0x9e1f, 0x9e1f, 
	0x9e1f, 0x9e1f, 0x9e1f, 0x9e1f, 0x9e1f, 0x9e1f, 0x9e1f, 0x9e1f, 0x9e1f, 0x9e1f, 0x9e1f, 0x0000, 0x0000, 0x0000, 0x0000, 0x6d1f, 
	0x6d1f, 0x6d1f, 0x6d1f, 0x6d1f, 0x6d1f, 0x6d1f, 0x6d1f, 0x6d1f, 0x6d1f, 0x6d1f, 0x6d1f, 0x6d1f, 0x6d1f, 0x6d1f, 0x6d1f, 0x6d1f, 
	0x6d1f, 0x6d1f, 0x6d1f, 0x6d1f, 0x6d1f, 0x0000, 0x0000, 0xffff, 0xffff, 0x0000, 0x0000, 0x9e1f, 0x9e1f, 0x9e1f, 0x9e1f, 0x9e1f, 
	0x9e1f, 0x9e1f, 0x9e1f, 0x9e1f, 0x9e1f, 0x9e1f, 0x9e1f, 0x9e1f, 0x9e1f, 0x9e1f, 0x9e1f, 0x9e1f, 0x9e1f, 0x9e1f, 0x9e1f, 0x9e1f, 
	0x9e1f, 0x0000, 0x0000, 0x0000, 0x0000, 0x6d1f, 0x6d1f, 0x6d1f, 0x6d1f, 0x6d1f, 0x6d1f, 0x6d1f, 0x6d1f, 0x6d1f, 0x6d1f, 0x6d1f, 
	0x6d1f, 0x6d1f, 0x6d1f, 0x6d1f, 0x6d1f, 0x6d1f, 0x6d1f, 0x6d1f, 0x6d1f, 0x6d1f, 0x6d1f, 0x0000, 0x0000, 0xffff, 0xffff, 0x0000, 
	0x0000, 0x9e1f, 0x9e1f, 0x9e1f, 0x9e1f, 0x9e1f, 0x9e1f, 0x9e1f, 0x9e1f, 0x9e1f, 0x9e1f, 0x9e1f, 0x9e1f, 0x9e1f, 0x9e1f, 0x9e1f, 
	0x9e1f, 0x9e1f, 0x9e1f, 0x9e1f, 0x9e1f, 0x9e1f, 0x9e1f, 0x0000, 0x0000, 0x0000, 0x0000, 0x6d1f, 0x6d1f, 0x6d1f, 0x6d1f, 0x6d1f, 
	0x6d1f, 0x6d1f, 0x6d1f, 0x6d1f, 0x6d1f, 0x6d1f, 0x6d1f, 0x6d1f, 0x6d1f, 0x6d1f, 0x6d1f, 0x6d1f, 0x6d1f, 0x6d1f, 0x6d1f, 0x6d1f, 
	0x6d1f, 0x0000, 0x0000, 0xffff, 0xffff, 0x0000, 0x0000, 0x9e1f, 0x9e1f, 0x9e1f, 0x9e1f, 0x9e1f, 0x9e1f, 0x9e1f, 0x9e1f, 0x9e1f, 
	0x9e1f, 0x9e1f, 0x9e1f, 0x9e1f, 0x9e1f, 0x9e1f, 0x9e1f, 0x9e1f, 0x9e1f, 0x9e1f, 0x9e1f, 0x9e1f, 0x9e1f, 0x0000, 0x0000, 0x0000, 
	0x0000, 0x6d1f, 0x6d1f, 0x6d1f, 0x6d1f, 0x6d1f, 0x6d1f, 0x6d1f, 0x6d1f, 0x6d1f, 0x6d1f, 0x6d1f, 0x6d1f, 0x6d1f, 0x6d1f, 0x6d1f, 
	0x6d1f, 0x6d1f, 0x6d1f, 0x6d1f, 0x6d1f, 0x6d1f, 0x6d1f, 0x0000, 0x0000, 0xffff, 0xffff, 0x0000, 0x0000, 0x9e1f, 0x9e1f, 0x9e1f, 
	0x9e1f, 0x9e1f, 0x9e1f, 0x9e1f, 0x9e1f, 0x9e1f, 0x9e1f, 0x9e1f, 0x9e1f, 0x9e1f, 0x9e1f, 0x9e1f, 0x9e1f, 0x9e1f, 0x9e1f, 0x9e1f, 
	0x9e1f, 0x9e1f, 0x9e1f, 0x0000, 0x0000, 0x0000, 0x0000, 0x6d1f, 0x6d1f, 0x6d1f, 0x6d1f, 0x6d1f, 0x6d1f, 0x6d1f, 0x6d1f, 0x6d1f, 
	0x6d1f, 0x6d1f, 0x6d1f, 0x6d1f, 0x6d1f, 0x6d1f, 0x6d1f, 0x6d1f, 0x6d1f, 0x6d1f, 0x6d1f, 0x6d1f, 0x6d1f, 0x0000, 0x0000, 0xffff, 
	0xffff, 0x0000, 0x0000, 0x9e1f, 0x9e1f, 0x9e1f, 0x9e1f, 0x9e1f, 0x9e1f, 0x9e1f, 0x9e1f, 0x9e1f, 0x9e1f, 0x9e1f, 0x9e1f, 0x9e1f, 
	0x9e1f, 0x9e1f, 0x9e1f, 0x9e1f, 0x9e1f, 0x9e1f, 0x9e1f, 0x9e1f, 0x9e1f, 0x0000, 0x0000, 0x0000, 0x0000, 0x6d1f, 0x6d1f, 0x6d1f, 
	0x6d1f, 0x6d1f, 0x6d1f, 0x6d1f, 0x6d1f, 0x6d1f, 0x6d1f, 0x6d1f, 0x6d1f, 0x6d1f, 0x6d1f, 0x6d1f, 0x6d1f, 0x6d1f, 0x6d1f, 0x6d1f, 
	0x6d1f, 0x6d1f, 0x6d1f, 0x0000, 0x0000, 0xffff, 0xffff, 0x0000, 0x0000, 0x9e1f, 0x9e1f, 0x9e1f, 0x9e1f, 0x9e1f, 0x9e1f, 0x9e1f, 
	0x9e1f, 0x9e1f, 0x9e1f, 0x9e1f, 0x9e1f, 0x9e1f, 0x9e1f, 0x9e1f, 0x9e1f, 0x9e1f, 0x9e1f, 0x9e1f, 0x9e1f, 0x9e1f, 0x9e1f, 0x0000, 
	0x0000, 0x0000, 0x0000, 0x6d1f, 0x6d1f, 0x6d1f, 0x6d1f, 0x6d1f, 0x6d1f, 0x6d1f, 0x6d1f, 0x6d1f, 0x6d1f, 0x6d1f, 0x6d1f, 0x6d1f, 
	0x6d1f, 0x6d1f, 0x6d1f, 0x6d1f, 0x6d1f, 0x6d1f, 0x6d1f, 0x6d1f, 0x6d1f, 0x0000, 0x0000, 0xffff, 0xffff, 0x0000, 0x0000, 0x9e1f, 
	0x9e1f, 0x9e1f, 0x9e1f, 0x9e1f, 0x9e1f, 0x9e1f, 0x9e1f, 0x9e1f, 0x9e1f, 0x9e1f, 0x9e1f, 0x9e1f, 0x9e1f, 0x9e1f, 0x9e1f, 0x9e1f, 
	0x9e1f, 0x9e1f, 0x9e1f, 0x9e1f, 0x9e1f, 0x0000, 0x0000, 0x0000, 0x0000, 0x6d1f, 0x6d1f, 0x6d1f, 0x6d1f, 0x6d1f, 0x6d1f, 0x6d1f, 
	0x6d1f, 0x6d1f, 0x6d1f, 0x6d1f, 0x6d1f, 0x6d1f, 0x6d1f, 0x6d1f, 0x6d1f, 0x6d1f, 0x6d1f, 0x6d1f, 0x6d1f, 0x6d1f, 0x6d1f, 0x0000, 
	0x0000, 0xffff, 0xffff, 0x0000, 0x0000, 0x0000, 0x0000, 0x0000, 0x0000, 0x0000, 0x0000, 0x0000, 0x0000, 0x0000, 0x0000, 0x0000, 
	0x0000, 0x0000, 0x0000, 0x0000, 0x0000, 0x0000, 0x0000, 0x0000, 0x0000, 0x0000, 0x0000, 0x0000, 0x0000, 0x0000, 0x0000, 0x0000, 
	0x0000, 0x0000, 0x0000, 0x0000, 0x0000, 0x0000, 0x0000, 0x0000, 0x0000, 0x0000, 0x0000, 0x0000, 0x0000, 0x0000, 0x0000, 0x0000, 
	0x0000, 0x0000, 0x0000, 0x0000, 0x0000, 0x0000, 0x0000, 0xffff, 0xffff, 0x0000, 0x0000, 0x0000, 0x0000, 0x0000, 0x0000, 0x0000, 
	0x0000, 0x0000, 0x0000, 0x0000, 0x0000, 0x0000, 0x0000, 0x0000, 0x0000, 0x0000, 0x0000, 0x0000, 0x0000, 0x0000, 0x0000, 0x0000, 
	0x0000, 0x0000, 0x0000, 0x0000, 0x0000, 0x0000, 0x0000, 0x0000, 0x0000, 0x0000, 0x0000, 0x0000, 0x0000, 0x0000, 0x0000, 0x0000, 
	0x0000, 0x0000, 0x0000, 0x0000, 0x0000, 0x0000, 0x0000, 0x0000, 0x0000, 0x0000, 0x0000, 0x0000, 0x0000, 0xffff, 0xffff, 0xffff, 
	0xffff, 0xffff, 0xffff, 0xffff, 0xffff, 0xffff, 0xffff, 0xffff, 0xffff, 0xffff, 0xffff, 0xffff, 0xffff, 0xffff, 0xffff, 0xffff, 
	0xffff, 0xffff, 0xffff, 0xffff, 0xffff, 0xffff, 0xffff, 0xffff, 0xffff, 0xffff, 0xffff, 0xffff, 0xffff, 0xffff, 0xffff, 0xffff, 
	0xffff, 0xffff, 0xffff, 0xffff, 0xffff, 0xffff, 0xffff, 0xffff, 0xffff, 0xffff, 0xffff, 0xffff, 0xffff, 0xffff, 0xffff, 0xffff, 
	0xffff, 0xffff, 0xffff, 0xffff
};

const uint16_t threebuttonD[] PROGMEM = {
	0xffff, 0xffff, 0xffff, 0xffff, 0xffff, 0xffff, 0xffff, 0xffff, 0xffff, 0xffff, 0xffff, 0xffff, 0xffff, 0xffff, 0xffff, 0xffff, 
	0xffff, 0xffff, 0xffff, 0xffff, 0xffff, 0xffff, 0xffff, 0xffff, 0xffff, 0xffff, 0xffff, 0xffff, 0xffff, 0xffff, 0xffff, 0xffff, 
	0xffff, 0xffff, 0xffff, 0xffff, 0xffff, 0xffff, 0xffff, 0xffff, 0xffff, 0xffff, 0xffff, 0xffff, 0xffff, 0xffff, 0xffff, 0xffff, 
	0xffff, 0xffff, 0xffff, 0xffff, 0xffff, 0xffff, 0xffff, 0x0000, 0x0000, 0x0000, 0x0000, 0x0000, 0x0000, 0x0000, 0x0000, 0x0000, 
	0x0000, 0x0000, 0x0000, 0x0000, 0x0000, 0x0000, 0x0000, 0x0000, 0x0000, 0x0000, 0x0000, 0x0000, 0x0000, 0x0000, 0x0000, 0x0000, 
	0x0000, 0x0000, 0x0000, 0x0000, 0x0000, 0x0000, 0x0000, 0x0000, 0x0000, 0x0000, 0x0000, 0x0000, 0x0000, 0x0000, 0x0000, 0x0000, 
	0x0000, 0x0000, 0x0000, 0x0000, 0x0000, 0x0000, 0x0000, 0x0000, 0x0000, 0x0000, 0x0000, 0xffff, 0xffff, 0x0000, 0x0000, 0x0000, 
	0x0000, 0x0000, 0x0000, 0x0000, 0x0000, 0x0000, 0x0000, 0x0000, 0x0000, 0x0000, 0x0000, 0x0000, 0x0000, 0x0000, 0x0000, 0x0000, 
	0x0000, 0x0000, 0x0000, 0x0000, 0x0000, 0x0000, 0x0000, 0x0000, 0x0000, 0x0000, 0x0000, 0x0000, 0x0000, 0x0000, 0x0000, 0x0000, 
	0x0000, 0x0000, 0x0000, 0x0000, 0x0000, 0x0000, 0x0000, 0x0000, 0x0000, 0x0000, 0x0000, 0x0000, 0x0000, 0x0000, 0x0000, 0x0000, 
	0x0000, 0xffff, 0xffff, 0x0000, 0x0000, 0x6d1f, 0x6d1f, 0x6d1f, 0x6d1f, 0x6d1f, 0x6d1f, 0x6d1f, 0x6d1f, 0x6d1f, 0x6d1f, 0x6d1f, 
	0x6d1f, 0x6d1f, 0x6d1f, 0x0000, 0x0000, 0x0000, 0x9e1f, 0x9e1f, 0x9e1f, 0x9e1f, 0x9e1f, 0x9e1f, 0x9e1f, 0x9e1f, 0x9e1f, 0x9e1f, 
	0x9e1f, 0x9e1f, 0x9e1f, 0x9e1f, 0x0000, 0x0000, 0x0000, 0x6d1f, 0x6d1f, 0x6d1f, 0x6d1f, 0x6d1f, 0x6d1f, 0x6d1f, 0x6d1f, 0x6d1f, 
	0x6d1f, 0x6d1f, 0x6d1f, 0x6d1f, 0x6d1f, 0x0000, 0x0000, 0xffff, 0xffff, 0x0000, 0x0000, 0x6d1f, 0x6d1f, 0x6d1f, 0x6d1f, 0x6d1f, 
	0x6d1f, 0x6d1f, 0x6d1f, 0x6d1f, 0x6d1f, 0x6d1f, 0x6d1f, 0x6d1f, 0x6d1f, 0x0000, 0x0000, 0x0000, 0x9e1f, 0x9e1f, 0x9e1f, 0x9e1f, 
	0x9e1f, 0x9e1f, 0x9e1f, 0x9e1f, 0x9e1f, 0x9e1f, 0x9e1f, 0x9e1f, 0x9e1f, 0x9e1f, 0x0000, 0x0000, 0x0000, 0x6d1f, 0x6d1f, 0x6d1f, 
	0x6d1f, 0x6d1f, 0x6d1f, 0x6d1f, 0x6d1f, 0x6d1f, 0x6d1f, 0x6d1f, 0x6d1f, 0x6d1f, 0x6d1f, 0x0000, 0x0000, 0xffff, 0xffff, 0x0000, 
	0x0000, 0x6d1f, 0x6d1f, 0x6d1f, 0x6d1f, 0x6d1f, 0x6d1f, 0x6d1f, 0x6d1f, 0x6d1f, 0x6d1f, 0x6d1f, 0x6d1f, 0x6d1f, 0x6d1f, 0x0000, 
	0x0000, 0x0000, 0x9e1f, 0x9e1f, 0x9e1f, 0x9e1f, 0x9e1f, 0x9e1f, 0x9e1f, 0x9e1f, 0x9e1f, 0x9e1f, 0x9e1f, 0x9e1f, 0x9e1f, 0x9e1f, 
	0x0000, 0x0000, 0x0000, 0x6d1f, 0x6d1f, 0x6d1f, 0x6d1f, 0x6d1f, 0x6d1f, 0x6d1f, 0x6d1f, 0x6d1f, 0x6d1f, 0x6d1f, 0x6d1f, 0x6d1f, 
	0x6d1f, 0x0000, 0x0000, 0xffff, 0xffff, 0x0000, 0x0000, 0x6d1f, 0x6d1f, 0x6d1f, 0x6d1f, 0x6d1f, 0x6d1f, 0x6d1f, 0x6d1f, 0x6d1f, 
	0x6d1f, 0x6d1f, 0x6d1f, 0x6d1f, 0x6d1f, 0x0000, 0x0000, 0x0000, 0x9e1f, 0x9e1f, 0x9e1f, 0x9e1f, 0x9e1f, 0x9e1f, 0x9e1f, 0x9e1f, 
	0x9e1f, 0x9e1f, 0x9e1f, 0x9e1f, 0x9e1f, 0x9e1f, 0x0000, 0x0000, 0x0000, 0x6d1f, 0x6d1f, 0x6d1f, 0x6d1f, 0x6d1f, 0x6d1f, 0x6d1f, 
	0x6d1f, 0x6d1f, 0x6d1f, 0x6d1f, 0x6d1f, 0x6d1f, 0x6d1f, 0x0000, 0x0000, 0xffff, 0xffff, 0x0000, 0x0000, 0x6d1f, 0x6d1f, 0x6d1f, 
	0x6d1f, 0x6d1f, 0x6d1f, 0x6d1f, 0x6d1f, 0x6d1f, 0x6d1f, 0x6d1f, 0x6d1f, 0x6d1f, 0x6d1f, 0x0000, 0x0000, 0x0000, 0x9e1f, 0x9e1f, 
	0x9e1f, 0x9e1f, 0x9e1f, 0x9e1f, 0x9e1f, 0x9e1f, 0x9e1f, 0x9e1f, 0x9e1f, 0x9e1f, 0x9e1f, 0x9e1f, 0x0000, 0x0000, 0x0000, 0x6d1f, 
	0x6d1f, 0x6d1f, 0x6d1f, 0x6d1f, 0x6d1f, 0x6d1f, 0x6d1f, 0x6d1f, 0x6d1f, 0x6d1f, 0x6d1f, 0x6d1f, 0x6d1f, 0x0000, 0x0000, 0xffff, 
	0xffff, 0x0000, 0x0000, 0x6d1f, 0x6d1f, 0x6d1f, 0x6d1f, 0x6d1f, 0x6d1f, 0x6d1f, 0x6d1f, 0x6d1f, 0x6d1f, 0x6d1f, 0x6d1f, 0x6d1f, 
	0x6d1f, 0x0000, 0x0000, 0x0000, 0x9e1f, 0x9e1f, 0x9e1f, 0x9e1f, 0x9e1f, 0x9e1f, 0x9e1f, 0x9e1f, 0x9e1f, 0x9e1f, 0x9e1f, 0x9e1f, 
	0x9e1f, 0x9e1f, 0x0000, 0x0000, 0x0000, 0x6d1f, 0x6d1f, 0x6d1f, 0x6d1f, 0x6d1f, 0x6d1f, 0x6d1f, 0x6d1f, 0x6d1f, 0x6d1f, 0x6d1f, 
	0x6d1f, 0x6d1f, 0x6d1f, 0x0000, 0x0000, 0xffff, 0xffff, 0x0000, 0x0000, 0x6d1f, 0x6d1f, 0x6d1f, 0x6d1f, 0x6d1f, 0x6d1f, 0x6d1f, 
	0x6d1f, 0x6d1f, 0x6d1f, 0x6d1f, 0x6d1f, 0x6d1f, 0x6d1f, 0x0000, 0x0000, 0x0000, 0x9e1f, 0x9e1f, 0x9e1f, 0x9e1f, 0x9e1f, 0x9e1f, 
	0x9e1f, 0x9e1f, 0x9e1f, 0x9e1f, 0x9e1f, 0x9e1f, 0x9e1f, 0x9e1f, 0x0000, 0x0000, 0x0000, 0x6d1f, 0x6d1f, 0x6d1f, 0x6d1f, 0x6d1f, 
	0x6d1f, 0x6d1f, 0x6d1f, 0x6d1f, 0x6d1f, 0x6d1f, 0x6d1f, 0x6d1f, 0x6d1f, 0x0000, 0x0000, 0xffff, 0xffff, 0x0000, 0x0000, 0x6d1f, 
	0x6d1f, 0x6d1f, 0x6d1f, 0x6d1f, 0x6d1f, 0x6d1f, 0x6d1f, 0x6d1f, 0x6d1f, 0x6d1f, 0x6d1f, 0x6d1f, 0x6d1f, 0x0000, 0x0000, 0x0000, 
	0x9e1f, 0x9e1f, 0x9e1f, 0x9e1f, 0x9e1f, 0x9e1f, 0x9e1f, 0x9e1f, 0x9e1f, 0x9e1f, 0x9e1f, 0x9e1f, 0x9e1f, 0x9e1f, 0x0000, 0x0000, 
	0x0000, 0x6d1f, 0x6d1f, 0x6d1f, 0x6d1f, 0x6d1f, 0x6d1f, 0x6d1f, 0x6d1f, 0x6d1f, 0x6d1f, 0x6d1f, 0x6d1f, 0x6d1f, 0x6d1f, 0x0000, 
	0x0000, 0xffff, 0xffff, 0x0000, 0x0000, 0x6d1f, 0x6d1f, 0x6d1f, 0x6d1f, 0x6d1f, 0x6d1f, 0x6d1f, 0x6d1f, 0x6d1f, 0x6d1f, 0x6d1f, 
	0x6d1f, 0x6d1f, 0x6d1f, 0x0000, 0x0000, 0x0000, 0x9e1f, 0x9e1f, 0x9e1f, 0x9e1f, 0x9e1f, 0x9e1f, 0x9e1f, 0x9e1f, 0x9e1f, 0x9e1f, 
	0x9e1f, 0x9e1f, 0x9e1f, 0x9e1f, 0x0000, 0x0000, 0x0000, 0x6d1f, 0x6d1f, 0x6d1f, 0x6d1f, 0x6d1f, 0x6d1f, 0x6d1f, 0x6d1f, 0x6d1f, 
	0x6d1f, 0x6d1f, 0x6d1f, 0x6d1f, 0x6d1f, 0x0000, 0x0000, 0xffff, 0xffff, 0x0000, 0x0000, 0x6d1f, 0x6d1f, 0x6d1f, 0x6d1f, 0x6d1f, 
	0x6d1f, 0x6d1f, 0x6d1f, 0x6d1f, 0x6d1f, 0x6d1f, 0x6d1f, 0x6d1f, 0x6d1f, 0x0000, 0x0000, 0x0000, 0x9e1f, 0x9e1f, 0x9e1f, 0x9e1f, 
	0x9e1f, 0x9e1f, 0x9e1f, 0x9e1f, 0x9e1f, 0x9e1f, 0x9e1f, 0x9e1f, 0x9e1f, 0x9e1f, 0x0000, 0x0000, 0x0000, 0x6d1f, 0x6d1f, 0x6d1f, 
	0x6d1f, 0x6d1f, 0x6d1f, 0x6d1f, 0x6d1f, 0x6d1f, 0x6d1f, 0x6d1f, 0x6d1f, 0x6d1f, 0x6d1f, 0x0000, 0x0000, 0xffff, 0xffff, 0x0000, 
	0x0000, 0x6d1f, 0x6d1f, 0x6d1f, 0x6d1f, 0x6d1f, 0x6d1f, 0x6d1f, 0x6d1f, 0x6d1f, 0x6d1f, 0x6d1f, 0x6d1f, 0x6d1f, 0x6d1f, 0x0000, 
	0x0000, 0x0000, 0x9e1f, 0x9e1f, 0x9e1f, 0x9e1f, 0x9e1f, 0x9e1f, 0x9e1f, 0x9e1f, 0x9e1f, 0x9e1f, 0x9e1f, 0x9e1f, 0x9e1f, 0x9e1f, 
	0x0000, 0x0000, 0x0000, 0x6d1f, 0x6d1f, 0x6d1f, 0x6d1f, 0x6d1f, 0x6d1f, 0x6d1f, 0x6d1f, 0x6d1f, 0x6d1f, 0x6d1f, 0x6d1f, 0x6d1f, 
	0x6d1f, 0x0000, 0x0000, 0xffff, 0xffff, 0x0000, 0x0000, 0x6d1f, 0x6d1f, 0x6d1f, 0x6d1f, 0x6d1f, 0x6d1f, 0x6d1f, 0x6d1f, 0x6d1f, 
	0x6d1f, 0x6d1f, 0x6d1f, 0x6d1f, 0x6d1f, 0x0000, 0x0000, 0x0000, 0x9e1f, 0x9e1f, 0x9e1f, 0x9e1f, 0x9e1f, 0x9e1f, 0x9e1f, 0x9e1f, 
	0x9e1f, 0x9e1f, 0x9e1f, 0x9e1f, 0x9e1f, 0x9e1f, 0x0000, 0x0000, 0x0000, 0x6d1f, 0x6d1f, 0x6d1f, 0x6d1f, 0x6d1f, 0x6d1f, 0x6d1f, 
	0x6d1f, 0x6d1f, 0x6d1f, 0x6d1f, 0x6d1f, 0x6d1f, 0x6d1f, 0x0000, 0x0000, 0xffff, 0xffff, 0x0000, 0x0000, 0x6d1f, 0x6d1f, 0x6d1f, 
	0x6d1f, 0x6d1f, 0x6d1f, 0x6d1f, 0x6d1f, 0x6d1f, 0x6d1f, 0x6d1f, 0x6d1f, 0x6d1f, 0x6d1f, 0x0000, 0x0000, 0x0000, 0x9e1f, 0x9e1f, 
	0x9e1f, 0x9e1f, 0x9e1f, 0x9e1f, 0x9e1f, 0x9e1f, 0x9e1f, 0x9e1f, 0x9e1f, 0x9e1f, 0x9e1f, 0x9e1f, 0x0000, 0x0000, 0x0000, 0x6d1f, 
	0x6d1f, 0x6d1f, 0x6d1f, 0x6d1f, 0x6d1f, 0x6d1f, 0x6d1f, 0x6d1f, 0x6d1f, 0x6d1f, 0x6d1f, 0x6d1f, 0x6d1f, 0x0000, 0x0000, 0xffff, 
	0xffff, 0x0000, 0x0000, 0x6d1f, 0x6d1f, 0x6d1f, 0x6d1f, 0x6d1f, 0x6d1f, 0x6d1f, 0x6d1f, 0x6d1f, 0x6d1f, 0x6d1f, 0x6d1f, 0x6d1f, 
	0x6d1f, 0x0000, 0x0000, 0x0000, 0x9e1f, 0x9e1f, 0x9e1f, 0x9e1f, 0x9e1f, 0x9e1f, 0x9e1f, 0x9e1f, 0x9e1f, 0x9e1f, 0x9e1f, 0x9e1f, 
	0x9e1f, 0x9e1f, 0x0000, 0x0000, 0x0000, 0x6d1f, 0x6d1f, 0x6d1f, 0x6d1f, 0x6d1f, 0x6d1f, 0x6d1f, 0x6d1f, 0x6d1f, 0x6d1f, 0x6d1f, 
	0x6d1f, 0x6d1f, 0x6d1f, 0x0000, 0x0000, 0xffff, 0xffff, 0x0000, 0x0000, 0x0000, 0x0000, 0x0000, 0x0000, 0x0000, 0x0000, 0x0000, 
	0x0000, 0x0000, 0x0000, 0x0000, 0x0000, 0x0000, 0x0000, 0x0000, 0x0000, 0x0000, 0x0000, 0x0000, 0x0000, 0x0000, 0x0000, 0x0000, 
	0x0000, 0x0000, 0x0000, 0x0000, 0x0000, 0x0000, 0x0000, 0x0000, 0x0000, 0x0000, 0x0000, 0x0000, 0x0000, 0x0000, 0x0000, 0x0000, 
	0x0000, 0x0000, 0x0000, 0x0000, 0x0000, 0x0000, 0x0000, 0x0000, 0x0000, 0x0000, 0x0000, 0xffff, 0xffff, 0x0000, 0x0000, 0x0000, 
	0x0000, 0x0000, 0x0000, 0x0000, 0x0000, 0x0000, 0x0000, 0x0000, 0x0000, 0x0000, 0x0000, 0x0000, 0x0000, 0x0000, 0x0000, 0x0000, 
	0x0000, 0x0000, 0x0000, 0x0000, 0x0000, 0x0000, 0x0000, 0x0000, 0x0000, 0x0000, 0x0000, 0x0000, 0x0000, 0x0000, 0x0000, 0x0000, 
	0x0000, 0x0000, 0x0000, 0x0000, 0x0000, 0x0000, 0x0000, 0x0000, 0x0000, 0x0000, 0x0000, 0x0000, 0x0000, 0x0000, 0x0000, 0x0000, 
	0x0000, 0xffff, 0xffff, 0x0000, 0x0000, 0x0000, 0x0000, 0x0000, 0x0000, 0x0000, 0x0000, 0x0000, 0x0000, 0x0000, 0x0000, 0x0000, 
	0x0000, 0x0000, 0x0000, 0x0000, 0x0000, 0x0000, 0x0000, 0x0000, 0x0000, 0x0000, 0x0000, 0x0000, 0x0000, 0x0000, 0x0000, 0x0000, 
	0x0000, 0x0000, 0x0000, 0x0000, 0x0000, 0x0000, 0x0000, 0x0000, 0x0000, 0x0000, 0x0000, 0x0000, 0x0000, 0x0000, 0x0000, 0x0000, 
	0x0000, 0x0000, 0x0000, 0x0000, 0x0000, 0x0000, 0x0000, 0xffff, 0xffff, 0x0000, 0x0000, 0x9e1f, 0x9e1f, 0x9e1f, 0x9e1f, 0x9e1f, 
	0x9e1f, 0x9e1f, 0x9e1f, 0x9e1f, 0x9e1f, 0x9e1f, 0x9e1f, 0x9e1f, 0x9e1f, 0x0000, 0x0000, 0x0000, 0x6d1f, 0x6d1f, 0x6d1f, 0x6d1f, 
	0x6d1f, 0x6d1f, 0x6d1f, 0x6d1f, 0x6d1f, 0x6d1f, 0x6d1f, 0x6d1f, 0x6d1f, 0x6d1f, 0x0000, 0x0000, 0x0000, 0x9e1f, 0x9e1f, 0x9e1f, 
	0x9e1f, 0x9e1f, 0x9e1f, 0x9e1f, 0x9e1f, 0x9e1f, 0x9e1f, 0x9e1f, 0x9e1f, 0x9e1f, 0x9e1f, 0x0000, 0x0000, 0xffff, 0xffff, 0x0000, 
	0x0000, 0x9e1f, 0x9e1f, 0x9e1f, 0x9e1f, 0x9e1f, 0x9e1f, 0x9e1f, 0x9e1f, 0x9e1f, 0x9e1f, 0x9e1f, 0x9e1f, 0x9e1f, 0x9e1f, 0x0000, 
	0x0000, 0x0000, 0x6d1f, 0x6d1f, 0x6d1f, 0x6d1f, 0x6d1f, 0x6d1f, 0x6d1f, 0x6d1f, 0x6d1f, 0x6d1f, 0x6d1f, 0x6d1f, 0x6d1f, 0x6d1f, 
	0x0000, 0x0000, 0x0000, 0x9e1f, 0x9e1f, 0x9e1f, 0x9e1f, 0x9e1f, 0x9e1f, 0x9e1f, 0x9e1f, 0x9e1f, 0x9e1f, 0x9e1f, 0x9e1f, 0x9e1f, 
	0x9e1f, 0x0000, 0x0000, 0xffff, 0xffff, 0x0000, 0x0000, 0x9e1f, 0x9e1f, 0x9e1f, 0x9e1f, 0x9e1f, 0x9e1f, 0x9e1f, 0x9e1f, 0x9e1f, 
	0x9e1f, 0x9e1f, 0x9e1f, 0x9e1f, 0x9e1f, 0x0000, 0x0000, 0x0000, 0x6d1f, 0x6d1f, 0x6d1f, 0x6d1f, 0x6d1f, 0x6d1f, 0x6d1f, 0x6d1f, 
	0x6d1f, 0x6d1f, 0x6d1f, 0x6d1f, 0x6d1f, 0x6d1f, 0x0000, 0x0000, 0x0000, 0x9e1f, 0x9e1f, 0x9e1f, 0x9e1f, 0x9e1f, 0x9e1f, 0x9e1f, 
	0x9e1f, 0x9e1f, 0x9e1f, 0x9e1f, 0x9e1f, 0x9e1f, 0x9e1f, 0x0000, 0x0000, 0xffff, 0xffff, 0x0000, 0x0000, 0x9e1f, 0x9e1f, 0x9e1f, 
	0x9e1f, 0x9e1f, 0x9e1f, 0x9e1f, 0x9e1f, 0x9e1f, 0x9e1f, 0x9e1f, 0x9e1f, 0x9e1f, 0x9e1f, 0x0000, 0x0000, 0x0000, 0x6d1f, 0x6d1f, 
	0x6d1f, 0x6d1f, 0x6d1f, 0x6d1f, 0x6d1f, 0x6d1f, 0x6d1f, 0x6d1f, 0x6d1f, 0x6d1f, 0x6d1f, 0x6d1f, 0x0000, 0x0000, 0x0000, 0x9e1f, 
	0x9e1f, 0x9e1f, 0x9e1f, 0x9e1f, 0x9e1f, 0x9e1f, 0x9e1f, 0x9e1f, 0x9e1f, 0x9e1f, 0x9e1f, 0x9e1f, 0x9e1f, 0x0000, 0x0000, 0xffff, 
	0xffff, 0x0000, 0x0000, 0x9e1f, 0x9e1f, 0x9e1f, 0x9e1f, 0x9e1f, 0x9e1f, 0x9e1f, 0x9e1f, 0x9e1f, 0x9e1f, 0x9e1f, 0x9e1f, 0x9e1f, 
	0x9e1f, 0x0000, 0x0000, 0x0000, 0x6d1f, 0x6d1f, 0x6d1f, 0x6d1f, 0x6d1f, 0x6d1f, 0x6d1f, 0x6d1f, 0x6d1f, 0x6d1f, 0x6d1f, 0x6d1f, 
	0x6d1f, 0x6d1f, 0x0000, 0x0000, 0x0000, 0x9e1f, 0x9e1f, 0x9e1f, 0x9e1f, 0x9e1f, 0x9e1f, 0x9e1f, 0x9e1f, 0x9e1f, 0x9e1f, 0x9e1f, 
	0x9e1f, 0x9e1f, 0x9e1f, 0x0000, 0x0000, 0xffff, 0xffff, 0x0000, 0x0000, 0x9e1f, 0x9e1f, 0x9e1f, 0x9e1f, 0x9e1f, 0x9e1f, 0x9e1f, 
	0x9e1f, 0x9e1f, 0x9e1f, 0x9e1f, 0x9e1f, 0x9e1f, 0x9e1f, 0x0000, 0x0000, 0x0000, 0x6d1f, 0x6d1f, 0x6d1f, 0x6d1f, 0x6d1f, 0x6d1f, 
	0x6d1f, 0x6d1f, 0x6d1f, 0x6d1f, 0x6d1f, 0x6d1f, 0x6d1f, 0x6d1f, 0x0000, 0x0000, 0x0000, 0x9e1f, 0x9e1f, 0x9e1f, 0x9e1f, 0x9e1f, 
	0x9e1f, 0x9e1f, 0x9e1f, 0x9e1f, 0x9e1f, 0x9e1f, 0x9e1f, 0x9e1f, 0x9e1f, 0x0000, 0x0000, 0xffff, 0xffff, 0x0000, 0x0000, 0x9e1f, 
	0x9e1f, 0x9e1f, 0x9e1f, 0x9e1f, 0x9e1f, 0x9e1f, 0x9e1f, 0x9e1f, 0x9e1f, 0x9e1f, 0x9e1f, 0x9e1f, 0x9e1f, 0x0000, 0x0000, 0x0000, 
	0x6d1f, 0x6d1f, 0x6d1f, 0x6d1f, 0x6d1f, 0x6d1f, 0x6d1f, 0x6d1f, 0x6d1f, 0x6d1f, 0x6d1f, 0x6d1f, 0x6d1f, 0x6d1f, 0x0000, 0x0000, 
	0x0000, 0x9e1f, 0x9e1f, 0x9e1f, 0x9e1f, 0x9e1f, 0x9e1f, 0x9e1f, 0x9e1f, 0x9e1f, 0x9e1f, 0x9e1f, 0x9e1f, 0x9e1f, 0x9e1f, 0x0000, 
	0x0000, 0xffff, 0xffff, 0x0000, 0x0000, 0x9e1f, 0x9e1f, 0x9e1f, 0x9e1f, 0x9e1f, 0x9e1f, 0x9e1f, 0x9e1f, 0x9e1f, 0x9e1f, 0x9e1f, 
	0x9e1f, 0x9e1f, 0x9e1f, 0x0000, 0x0000, 0x0000, 0x6d1f, 0x6d1f, 0x6d1f, 0x6d1f, 0x6d1f, 0x6d1f, 0x6d1f, 0x6d1f, 0x6d1f, 0x6d1f, 
	0x6d1f, 0x6d1f, 0x6d1f, 0x6d1f, 0x0000, 0x0000, 0x0000, 0x9e1f, 0x9e1f, 0x9e1f, 0x9e1f, 0x9e1f, 0x9e1f, 0x9e1f, 0x9e1f, 0x9e1f, 
	0x9e1f, 0x9e1f, 0x9e1f, 0x9e1f, 0x9e1f, 0x0000, 0x0000, 0xffff, 0xffff, 0x0000, 0x0000, 0x9e1f, 0x9e1f, 0x9e1f, 0x9e1f, 0x9e1f, 
	0x9e1f, 0x9e1f, 0x9e1f, 0x9e1f, 0x9e1f, 0x9e1f, 0x9e1f, 0x9e1f, 0x9e1f, 0x0000, 0x0000, 0x0000, 0x6d1f, 0x6d1f, 0x6d1f, 0x6d1f, 
	0x6d1f, 0x6d1f, 0x6d1f, 0x6d1f, 0x6d1f, 0x6d1f, 0x6d1f, 0x6d1f, 0x6d1f, 0x6d1f, 0x0000, 0x0000, 0x0000, 0x9e1f, 0x9e1f, 0x9e1f, 
	0x9e1f, 0x9e1f, 0x9e1f, 0x9e1f, 0x9e1f, 0x9e1f, 0x9e1f, 0x9e1f, 0x9e1f, 0x9e1f, 0x9e1f, 0x0000, 0x0000, 0xffff, 0xffff, 0x0000, 
	0x0000, 0x9e1f, 0x9e1f, 0x9e1f, 0x9e1f, 0x9e1f, 0x9e1f, 0x9e1f, 0x9e1f, 0x9e1f, 0x9e1f, 0x9e1f, 0x9e1f, 0x9e1f, 0x9e1f, 0x0000, 
	0x0000, 0x0000, 0x6d1f, 0x6d1f, 0x6d1f, 0x6d1f, 0x6d1f, 0x6d1f, 0x6d1f, 0x6d1f, 0x6d1f, 0x6d1f, 0x6d1f, 0x6d1f, 0x6d1f, 0x6d1f, 
	0x0000, 0x0000, 0x0000, 0x9e1f, 0x9e1f, 0x9e1f, 0x9e1f, 0x9e1f, 0x9e1f, 0x9e1f, 0x9e1f, 0x9e1f, 0x9e1f, 0x9e1f, 0x9e1f, 0x9e1f, 
	0x9e1f, 0x0000, 0x0000, 0xffff, 0xffff, 0x0000, 0x0000, 0x9e1f, 0x9e1f, 0x9e1f, 0x9e1f, 0x9e1f, 0x9e1f, 0x9e1f, 0x9e1f, 0x9e1f, 
	0x9e1f, 0x9e1f, 0x9e1f, 0x9e1f, 0x9e1f, 0x0000, 0x0000, 0x0000, 0x6d1f, 0x6d1f, 0x6d1f, 0x6d1f, 0x6d1f, 0x6d1f, 0x6d1f, 0x6d1f, 
	0x6d1f, 0x6d1f, 0x6d1f, 0x6d1f, 0x6d1f, 0x6d1f, 0x0000, 0x0000, 0x0000, 0x9e1f, 0x9e1f, 0x9e1f, 0x9e1f, 0x9e1f, 0x9e1f, 0x9e1f, 
	0x9e1f, 0x9e1f, 0x9e1f, 0x9e1f, 0x9e1f, 0x9e1f, 0x9e1f, 0x0000, 0x0000, 0xffff, 0xffff, 0x0000, 0x0000, 0x9e1f, 0x9e1f, 0x9e1f, 
	0x9e1f, 0x9e1f, 0x9e1f, 0x9e1f, 0x9e1f, 0x9e1f, 0x9e1f, 0x9e1f, 0x9e1f, 0x9e1f, 0x9e1f, 0x0000, 0x0000, 0x0000, 0x6d1f, 0x6d1f, 
	0x6d1f, 0x6d1f, 0x6d1f, 0x6d1f, 0x6d1f, 0x6d1f, 0x6d1f, 0x6d1f, 0x6d1f, 0x6d1f, 0x6d1f, 0x6d1f, 0x0000, 0x0000, 0x0000, 0x9e1f, 
	0x9e1f, 0x9e1f, 0x9e1f, 0x9e1f, 0x9e1f, 0x9e1f, 0x9e1f, 0x9e1f, 0x9e1f, 0x9e1f, 0x9e1f, 0x9e1f, 0x9e1f, 0x0000, 0x0000, 0xffff, 
	0xffff, 0x0000, 0x0000, 0x9e1f, 0x9e1f, 0x9e1f, 0x9e1f, 0x9e1f, 0x9e1f, 0x9e1f, 0x9e1f, 0x9e1f, 0x9e1f, 0x9e1f, 0x9e1f, 0x9e1f, 
	0x9e1f, 0x0000, 0x0000, 0x0000, 0x6d1f, 0x6d1f, 0x6d1f, 0x6d1f, 0x6d1f, 0x6d1f, 0x6d1f, 0x6d1f, 0x6d1f, 0x6d1f, 0x6d1f, 0x6d1f, 
	0x6d1f, 0x6d1f, 0x0000, 0x0000, 0x0000, 0x9e1f, 0x9e1f, 0x9e1f, 0x9e1f, 0x9e1f, 0x9e1f, 0x9e1f, 0x9e1f, 0x9e1f, 0x9e1f, 0x9e1f, 
	0x9e1f, 0x9e1f, 0x9e1f, 0x0000, 0x0000, 0xffff, 0xffff, 0x0000, 0x0000, 0x9e1f, 0x9e1f, 0x9e1f, 0x9e1f, 0x9e1f, 0x9e1f, 0x9e1f, 
	0x9e1f, 0x9e1f, 0x9e1f, 0x9e1f, 0x9e1f, 0x9e1f, 0x9e1f, 0x0000, 0x0000, 0x0000, 0x6d1f, 0x6d1f, 0x6d1f, 0x6d1f, 0x6d1f, 0x6d1f, 
	0x6d1f, 0x6d1f, 0x6d1f, 0x6d1f, 0x6d1f, 0x6d1f, 0x6d1f, 0x6d1f, 0x0000, 0x0000, 0x0000, 0x9e1f, 0x9e1f, 0x9e1f, 0x9e1f, 0x9e1f, 
	0x9e1f, 0x9e1f, 0x9e1f, 0x9e1f, 0x9e1f, 0x9e1f, 0x9e1f, 0x9e1f, 0x9e1f, 0x0000, 0x0000, 0xffff, 0xffff, 0x0000, 0x0000, 0x0000, 
	0x0000, 0x0000, 0x0000, 0x0000, 0x0000, 0x0000, 0x0000, 0x0000, 0x0000, 0x0000, 0x0000, 0x0000, 0x0000, 0x0000, 0x0000, 0x0000, 
	0x0000, 0x0000, 0x0000, 0x0000, 0x0000, 0x0000, 0x0000, 0x0000, 0x0000, 0x0000, 0x0000, 0x0000, 0x0000, 0x0000, 0x0000, 0x0000, 
	0x0000, 0x0000, 0x0000, 0x0000, 0x0000, 0x0000, 0x0000, 0x0000, 0x0000, 0x0000, 0x0000, 0x0000, 0x0000, 0x0000, 0x0000, 0x0000, 
	0x0000, 0xffff, 0xffff, 0x0000, 0x0000, 0x0000, 0x0000, 0x0000, 0x0000, 0x0000, 0x0000, 0x0000, 0x0000, 0x0000, 0x0000, 0x0000, 
	0x0000, 0x0000, 0x0000, 0x0000, 0x0000, 0x0000, 0x0000, 0x0000, 0x0000, 0x0000, 0x0000, 0x0000, 0x0000, 0x0000, 0x0000, 0x0000, 
	0x0000, 0x0000, 0x0000, 0x0000, 0x0000, 0x0000, 0x0000, 0x0000, 0x0000, 0x0000, 0x0000, 0x0000, 0x0000, 0x0000, 0x0000, 0x0000, 
	0x0000, 0x0000, 0x0000, 0x0000, 0x0000, 0x0000, 0x0000, 0xffff, 0xffff, 0x0000, 0x0000, 0x0000, 0x0000, 0x0000, 0x0000, 0x0000, 
	0x0000, 0x0000, 0x0000, 0x0000, 0x0000, 0x0000, 0x0000, 0x0000, 0x0000, 0x0000, 0x0000, 0x0000, 0x0000, 0x0000, 0x0000, 0x0000, 
	0x0000, 0x0000, 0x0000, 0x0000, 0x0000, 0x0000, 0x0000, 0x0000, 0x0000, 0x0000, 0x0000, 0x0000, 0x0000, 0x0000, 0x0000, 0x0000, 
	0x0000, 0x0000, 0x0000, 0x0000, 0x0000, 0x0000, 0x0000, 0x0000, 0x0000, 0x0000, 0x0000, 0x0000, 0x0000, 0xffff, 0xffff, 0x0000, 
	0x0000, 0x6d1f, 0x6d1f, 0x6d1f, 0x6d1f, 0x6d1f, 0x6d1f, 0x6d1f, 0x6d1f, 0x6d1f, 0x6d1f, 0x6d1f, 0x6d1f, 0x6d1f, 0x6d1f, 0x0000, 
	0x0000, 0x0000, 0x9e1f, 0x9e1f, 0x9e1f, 0x9e1f, 0x9e1f, 0x9e1f, 0x9e1f, 0x9e1f, 0x9e1f, 0x9e1f, 0x9e1f, 0x9e1f, 0x9e1f, 0x9e1f, 
	0x0000, 0x0000, 0x0000, 0x6d1f, 0x6d1f, 0x6d1f, 0x6d1f, 0x6d1f, 0x6d1f, 0x6d1f, 0x6d1f, 0x6d1f, 0x6d1f, 0x6d1f, 0x6d1f, 0x6d1f, 
	0x6d1f, 0x0000, 0x0000, 0xffff, 0xffff, 0x0000, 0x0000, 0x6d1f, 0x6d1f, 0x6d1f, 0x6d1f, 0x6d1f, 0x6d1f, 0x6d1f, 0x6d1f, 0x6d1f, 
	0x6d1f, 0x6d1f, 0x6d1f, 0x6d1f, 0x6d1f, 0x0000, 0x0000, 0x0000, 0x9e1f, 0x9e1f, 0x9e1f, 0x9e1f, 0x9e1f, 0x9e1f, 0x9e1f, 0x9e1f, 
	0x9e1f, 0x9e1f, 0x9e1f, 0x9e1f, 0x9e1f, 0x9e1f, 0x0000, 0x0000, 0x0000, 0x6d1f, 0x6d1f, 0x6d1f, 0x6d1f, 0x6d1f, 0x6d1f, 0x6d1f, 
	0x6d1f, 0x6d1f, 0x6d1f, 0x6d1f, 0x6d1f, 0x6d1f, 0x6d1f, 0x0000, 0x0000, 0xffff, 0xffff, 0x0000, 0x0000, 0x6d1f, 0x6d1f, 0x6d1f, 
	0x6d1f, 0x6d1f, 0x6d1f, 0x6d1f, 0x6d1f, 0x6d1f, 0x6d1f, 0x6d1f, 0x6d1f, 0x6d1f, 0x6d1f, 0x0000, 0x0000, 0x0000, 0x9e1f, 0x9e1f, 
	0x9e1f, 0x9e1f, 0x9e1f, 0x9e1f, 0x9e1f, 0x9e1f, 0x9e1f, 0x9e1f, 0x9e1f, 0x9e1f, 0x9e1f, 0x9e1f, 0x0000, 0x0000, 0x0000, 0x6d1f, 
	0x6d1f, 0x6d1f, 0x6d1f, 0x6d1f, 0x6d1f, 0x6d1f, 0x6d1f, 0x6d1f, 0x6d1f, 0x6d1f, 0x6d1f, 0x6d1f, 0x6d1f, 0x0000, 0x0000, 0xffff, 
	0xffff, 0x0000, 0x0000, 0x6d1f, 0x6d1f, 0x6d1f, 0x6d1f, 0x6d1f, 0x6d1f, 0x6d1f, 0x6d1f, 0x6d1f, 0x6d1f, 0x6d1f, 0x6d1f, 0x6d1f, 
	0x6d1f, 0x0000, 0x0000, 0x0000, 0x9e1f, 0x9e1f, 0x9e1f, 0x9e1f, 0x9e1f, 0x9e1f, 0x9e1f, 0x9e1f, 0x9e1f, 0x9e1f, 0x9e1f, 0x9e1f, 
	0x9e1f, 0x9e1f, 0x0000, 0x0000, 0x0000, 0x6d1f, 0x6d1f, 0x6d1f, 0x6d1f, 0x6d1f, 0x6d1f, 0x6d1f, 0x6d1f, 0x6d1f, 0x6d1f, 0x6d1f, 
	0x6d1f, 0x6d1f, 0x6d1f, 0x0000, 0x0000, 0xffff, 0xffff, 0x0000, 0x0000, 0x6d1f, 0x6d1f, 0x6d1f, 0x6d1f, 0x6d1f, 0x6d1f, 0x6d1f, 
	0x6d1f, 0x6d1f, 0x6d1f, 0x6d1f, 0x6d1f, 0x6d1f, 0x6d1f, 0x0000, 0x0000, 0x0000, 0x9e1f, 0x9e1f, 0x9e1f, 0x9e1f, 0x9e1f, 0x9e1f, 
	0x9e1f, 0x9e1f, 0x9e1f, 0x9e1f, 0x9e1f, 0x9e1f, 0x9e1f, 0x9e1f, 0x0000, 0x0000, 0x0000, 0x6d1f, 0x6d1f, 0x6d1f, 0x6d1f, 0x6d1f, 
	0x6d1f, 0x6d1f, 0x6d1f, 0x6d1f, 0x6d1f, 0x6d1f, 0x6d1f, 0x6d1f, 0x6d1f, 0x0000, 0x0000, 0xffff, 0xffff, 0x0000, 0x0000, 0x6d1f, 
	0x6d1f, 0x6d1f, 0x6d1f, 0x6d1f, 0x6d1f, 0x6d1f, 0x6d1f, 0x6d1f, 0x6d1f, 0x6d1f, 0x6d1f, 0x6d1f, 0x6d1f, 0x0000, 0x0000, 0x0000, 
	0x9e1f, 0x9e1f, 0x9e1f, 0x9e1f, 0x9e1f, 0x9e1f, 0x9e1f, 0x9e1f, 0x9e1f, 0x9e1f, 0x9e1f, 0x9e1f, 0x9e1f, 0x9e1f, 0x0000, 0x0000, 
	0x0000, 0x6d1f, 0x6d1f, 0x6d1f, 0x6d1f, 0x6d1f, 0x6d1f, 0x6d1f, 0x6d1f, 0x6d1f, 0x6d1f, 0x6d1f, 0x6d1f, 0x6d1f, 0x6d1f, 0x0000, 
	0x0000, 0xffff, 0xffff, 0x0000, 0x0000, 0x6d1f, 0x6d1f, 0x6d1f, 0x6d1f, 0x6d1f, 0x6d1f, 0x6d1f, 0x6d1f, 0x6d1f, 0x6d1f, 0x6d1f, 
	0x6d1f, 0x6d1f, 0x6d1f, 0x0000, 0x0000, 0x0000, 0x9e1f, 0x9e1f, 0x9e1f, 0x9e1f, 0x9e1f, 0x9e1f, 0x9e1f, 0x9e1f, 0x9e1f, 0x9e1f, 
	0x9e1f, 0x9e1f, 0x9e1f, 0x9e1f, 0x0000, 0x0000, 0x0000, 0x6d1f, 0x6d1f, 0x6d1f, 0x6d1f, 0x6d1f, 0x6d1f, 0x6d1f, 0x6d1f, 0x6d1f, 
	0x6d1f, 0x6d1f, 0x6d1f, 0x6d1f, 0x6d1f, 0x0000, 0x0000, 0xffff, 0xffff, 0x0000, 0x0000, 0x6d1f, 0x6d1f, 0x6d1f, 0x6d1f, 0x6d1f, 
	0x6d1f, 0x6d1f, 0x6d1f, 0x6d1f, 0x6d1f, 0x6d1f, 0x6d1f, 0x6d1f, 0x6d1f, 0x0000, 0x0000, 0x0000, 0x9e1f, 0x9e1f, 0x9e1f, 0x9e1f, 
	0x9e1f, 0x9e1f, 0x9e1f, 0x9e1f, 0x9e1f, 0x9e1f, 0x9e1f, 0x9e1f, 0x9e1f, 0x9e1f, 0x0000, 0x0000, 0x0000, 0x6d1f, 0x6d1f, 0x6d1f, 
	0x6d1f, 0x6d1f, 0x6d1f, 0x6d1f, 0x6d1f, 0x6d1f, 0x6d1f, 0x6d1f, 0x6d1f, 0x6d1f, 0x6d1f, 0x0000, 0x0000, 0xffff, 0xffff, 0x0000, 
	0x0000, 0x6d1f, 0x6d1f, 0x6d1f, 0x6d1f, 0x6d1f, 0x6d1f, 0x6d1f, 0x6d1f, 0x6d1f, 0x6d1f, 0x6d1f, 0x6d1f, 0x6d1f, 0x6d1f, 0x0000, 
	0x0000, 0x0000, 0x9e1f, 0x9e1f, 0x9e1f, 0x9e1f, 0x9e1f, 0x9e1f, 0x9e1f, 0x9e1f, 0x9e1f, 0x9e1f, 0x9e1f, 0x9e1f, 0x9e1f, 0x9e1f, 
	0x0000, 0x0000, 0x0000, 0x6d1f, 0x6d1f, 0x6d1f, 0x6d1f, 0x6d1f, 0x6d1f, 0x6d1f, 0x6d1f, 0x6d1f, 0x6d1f, 0x6d1f, 0x6d1f, 0x6d1f, 
	0x6d1f, 0x0000, 0x0000, 0xffff, 0xffff, 0x0000, 0x0000, 0x6d1f, 0x6d1f, 0x6d1f, 0x6d1f, 0x6d1f, 0x6d1f, 0x6d1f, 0x6d1f, 0x6d1f, 
	0x6d1f, 0x6d1f, 0x6d1f, 0x6d1f, 0x6d1f, 0x0000, 0x0000, 0x0000, 0x9e1f, 0x9e1f, 0x9e1f, 0x9e1f, 0x9e1f, 0x9e1f, 0x9e1f, 0x9e1f, 
	0x9e1f, 0x9e1f, 0x9e1f, 0x9e1f, 0x9e1f, 0x9e1f, 0x0000, 0x0000, 0x0000, 0x6d1f, 0x6d1f, 0x6d1f, 0x6d1f, 0x6d1f, 0x6d1f, 0x6d1f, 
	0x6d1f, 0x6d1f, 0x6d1f, 0x6d1f, 0x6d1f, 0x6d1f, 0x6d1f, 0x0000, 0x0000, 0xffff, 0xffff, 0x0000, 0x0000, 0x6d1f, 0x6d1f, 0x6d1f, 
	0x6d1f, 0x6d1f, 0x6d1f, 0x6d1f, 0x6d1f, 0x6d1f, 0x6d1f, 0x6d1f, 0x6d1f, 0x6d1f, 0x6d1f, 0x0000, 0x0000, 0x0000, 0x9e1f, 0x9e1f, 
	0x9e1f, 0x9e1f, 0x9e1f, 0x9e1f, 0x9e1f, 0x9e1f, 0x9e1f, 0x9e1f, 0x9e1f, 0x9e1f, 0x9e1f, 0x9e1f, 0x0000, 0x0000, 0x0000, 0x6d1f, 
	0x6d1f, 0x6d1f, 0x6d1f, 0x6d1f, 0x6d1f, 0x6d1f, 0x6d1f, 0x6d1f, 0x6d1f, 0x6d1f, 0x6d1f, 0x6d1f, 0x6d1f, 0x0000, 0x0000, 0xffff, 
	0xffff, 0x0000, 0x0000, 0x6d1f, 0x6d1f, 0x6d1f, 0x6d1f, 0x6d1f, 0x6d1f, 0x6d1f, 0x6d1f, 0x6d1f, 0x6d1f, 0x6d1f, 0x6d1f, 0x6d1f, 
	0x6d1f, 0x0000, 0x0000, 0x0000, 0x9e1f, 0x9e1f, 0x9e1f, 0x9e1f, 0x9e1f, 0x9e1f, 0x9e1f, 0x9e1f, 0x9e1f, 0x9e1f, 0x9e1f, 0x9e1f, 
	0x9e1f, 0x9e1f, 0x0000, 0x0000, 0x0000, 0x6d1f, 0x6d1f, 0x6d1f, 0x6d1f, 0x6d1f, 0x6d1f, 0x6d1f, 0x6d1f, 0x6d1f, 0x6d1f, 0x6d1f, 
	0x6d1f, 0x6d1f, 0x6d1f, 0x0000, 0x0000, 0xffff, 0xffff, 0x0000, 0x0000, 0x6d1f, 0x6d1f, 0x6d1f, 0x6d1f, 0x6d1f, 0x6d1f, 0x6d1f, 
	0x6d1f, 0x6d1f, 0x6d1f, 0x6d1f, 0x6d1f, 0x6d1f, 0x6d1f, 0x0000, 0x0000, 0x0000, 0x9e1f, 0x9e1f, 0x9e1f, 0x9e1f, 0x9e1f, 0x9e1f, 
	0x9e1f, 0x9e1f, 0x9e1f, 0x9e1f, 0x9e1f, 0x9e1f, 0x9e1f, 0x9e1f, 0x0000, 0x0000, 0x0000, 0x6d1f, 0x6d1f, 0x6d1f, 0x6d1f, 0x6d1f, 
	0x6d1f, 0x6d1f, 0x6d1f, 0x6d1f, 0x6d1f, 0x6d1f, 0x6d1f, 0x6d1f, 0x6d1f, 0x0000, 0x0000, 0xffff, 0xffff, 0x0000, 0x0000, 0x6d1f, 
	0x6d1f, 0x6d1f, 0x6d1f, 0x6d1f, 0x6d1f, 0x6d1f, 0x6d1f, 0x6d1f, 0x6d1f, 0x6d1f, 0x6d1f, 0x6d1f, 0x6d1f, 0x0000, 0x0000, 0x0000, 
	0x9e1f, 0x9e1f, 0x9e1f, 0x9e1f, 0x9e1f, 0x9e1f, 0x9e1f, 0x9e1f, 0x9e1f, 0x9e1f, 0x9e1f, 0x9e1f, 0x9e1f, 0x9e1f, 0x0000, 0x0000, 
	0x0000, 0x6d1f, 0x6d1f, 0x6d1f, 0x6d1f, 0x6d1f, 0x6d1f, 0x6d1f, 0x6d1f, 0x6d1f, 0x6d1f, 0x6d1f, 0x6d1f, 0x6d1f, 0x6d1f, 0x0000, 
	0x0000, 0xffff, 0xffff, 0x0000, 0x0000, 0x0000, 0x0000, 0x0000, 0x0000, 0x0000, 0x0000, 0x0000, 0x0000, 0x0000, 0x0000, 0x0000, 
	0x0000, 0x0000, 0x0000, 0x0000, 0x0000, 0x0000, 0x0000, 0x0000, 0x0000, 0x0000, 0x0000, 0x0000, 0x0000, 0x0000, 0x0000, 0x0000, 
	0x0000, 0x0000, 0x0000, 0x0000, 0x0000, 0x0000, 0x0000, 0x0000, 0x0000, 0x0000, 0x0000, 0x0000, 0x0000, 0x0000, 0x0000, 0x0000, 
	0x0000, 0x0000, 0x0000, 0x0000, 0x0000, 0x0000, 0x0000, 0xffff, 0xffff, 0x0000, 0x0000, 0x0000, 0x0000, 0x0000, 0x0000, 0x0000, 
	0x0000, 0x0000, 0x0000, 0x0000, 0x0000, 0x0000, 0x0000, 0x0000, 0x0000, 0x0000, 0x0000, 0x0000, 0x0000, 0x0000, 0x0000, 0x0000, 
	0x0000, 0x0000, 0x0000, 0x0000, 0x0000, 0x0000, 0x0000, 0x0000, 0x0000, 0x0000, 0x0000, 0x0000, 0x0000, 0x0000, 0x0000, 0x0000, 
	0x0000, 0x0000, 0x0000, 0x0000, 0x0000, 0x0000, 0x0000, 0x0000, 0x0000, 0x0000, 0x0000, 0x0000, 0x0000, 0xffff, 0xffff, 0xffff, 
	0xffff, 0xffff, 0xffff, 0xffff, 0xffff, 0xffff, 0xffff, 0xffff, 0xffff, 0xffff, 0xffff, 0xffff, 0xffff, 0xffff, 0xffff, 0xffff, 
	0xffff, 0xffff, 0xffff, 0xffff, 0xffff, 0xffff, 0xffff, 0xffff, 0xffff, 0xffff, 0xffff, 0xffff, 0xffff, 0xffff, 0xffff, 0xffff, 
	0xffff, 0xffff, 0xffff, 0xffff, 0xffff, 0xffff, 0xffff, 0xffff, 0xffff, 0xffff, 0xffff, 0xffff, 0xffff, 0xffff, 0xffff, 0xffff, 
	0xffff, 0xffff, 0xffff, 0xffff
};

const uint16_t fourbuttonD[] PROGMEM = {
	0xffff, 0xffff, 0xffff, 0xffff, 0xffff, 0xffff, 0xffff, 0xffff, 0xffff, 0xffff, 0xffff, 0xffff, 0xffff, 0xffff, 0xffff, 0xffff, 
	0xffff, 0xffff, 0xffff, 0xffff, 0xffff, 0xffff, 0xffff, 0xffff, 0xffff, 0xffff, 0xffff, 0xffff, 0xffff, 0xffff, 0xffff, 0xffff, 
	0xffff, 0xffff, 0xffff, 0xffff, 0xffff, 0xffff, 0xffff, 0xffff, 0xffff, 0xffff, 0xffff, 0xffff, 0xffff, 0xffff, 0xffff, 0xffff, 
	0xffff, 0xffff, 0xffff, 0xffff, 0xffff, 0xffff, 0xffff, 0x0000, 0x0000, 0x0000, 0x0000, 0x0000, 0x0000, 0x0000, 0x0000, 0x0000, 
	0x0000, 0x0000, 0x0000, 0x0000, 0x0000, 0x0000, 0x0000, 0x0000, 0x0000, 0x0000, 0x0000, 0x0000, 0x0000, 0x0000, 0x0000, 0x0000, 
	0x0000, 0x0000, 0x0000, 0x0000, 0x0000, 0x0000, 0x0000, 0x0000, 0x0000, 0x0000, 0x0000, 0x0000, 0x0000, 0x0000, 0x0000, 0x0000, 
	0x0000, 0x0000, 0x0000, 0x0000, 0x0000, 0x0000, 0x0000, 0x0000, 0x0000, 0x0000, 0x0000, 0xffff, 0xffff, 0x0000, 0x0000, 0x0000, 
	0x0000, 0x0000, 0x0000, 0x0000, 0x0000, 0x0000, 0x0000, 0x0000, 0x0000, 0x0000, 0x0000, 0x0000, 0x0000, 0x0000, 0x0000, 0x0000, 
	0x0000, 0x0000, 0x0000, 0x0000, 0x0000, 0x0000, 0x0000, 0x0000, 0x0000, 0x0000, 0x0000, 0x0000, 0x0000, 0x0000, 0x0000, 0x0000, 
	0x0000, 0x0000, 0x0000, 0x0000, 0x0000, 0x0000, 0x0000, 0x0000, 0x0000, 0x0000, 0x0000, 0x0000, 0x0000, 0x0000, 0x0000, 0x0000, 
	0x0000, 0xffff, 0xffff, 0x0000, 0x0000, 0x0000, 0x0000, 0x0000, 0x0000, 0x0000, 0x0000, 0x0000, 0x0000, 0x0000, 0x0000, 0x0000, 
	0x0000, 0x0000, 0x0000, 0x0000, 0x0000, 0x0000, 0x0000, 0x0000, 0x0000, 0x0000, 0x0000, 0x0000, 0x0000, 0x0000, 0x0000, 0x0000, 
	0x0000, 0x0000, 0x0000, 0x0000, 0x0000, 0x0000, 0x0000, 0x0000, 0x0000, 0x0000, 0x0000, 0x0000, 0x0000, 0x0000, 0x0000, 0x0000, 
	0x0000, 0x0000, 0x0000, 0x0000, 0x0000, 0x0000, 0x0000, 0xffff, 0xffff, 0x0000, 0x0000, 0x0000, 0x6d1f, 0x6d1f, 0x6d1f, 0x6d1f, 
	0x6d1f, 0x6d1f, 0x6d1f, 0x6d1f, 0x6d1f, 0x6d1f, 0x0000, 0x0000, 0x9e1f, 0x9e1f, 0x9e1f, 0x9e1f, 0x9e1f, 0x9e1f, 0x9e1f, 0x9e1f, 
	0x9e1f, 0x9e1f, 0x0000, 0x0000, 0x6d1f, 0x6d1f, 0x6d1f, 0x6d1f, 0x6d1f, 0x6d1f, 0x6d1f, 0x6d1f, 0x6d1f, 0x6d1f, 0x0000, 0x0000, 
	0x9e1f, 0x9e1f, 0x9e1f, 0x9e1f, 0x9e1f, 0x9e1f, 0x9e1f, 0x9e1f, 0x9e1f, 0x9e1f, 0x0000, 0x0000, 0x0000, 0xffff, 0xffff, 0x0000, 
	0x0000, 0x0000, 0x6d1f, 0x6d1f, 0x6d1f, 0x6d1f, 0x6d1f, 0x6d1f, 0x6d1f, 0x6d1f, 0x6d1f, 0x6d1f, 0x0000, 0x0000, 0x9e1f, 0x9e1f, 
	0x9e1f, 0x9e1f, 0x9e1f, 0x9e1f, 0x9e1f, 0x9e1f, 0x9e1f, 0x9e1f, 0x0000, 0x0000, 0x6d1f, 0x6d1f, 0x6d1f, 0x6d1f, 0x6d1f, 0x6d1f, 
	0x6d1f, 0x6d1f, 0x6d1f, 0x6d1f, 0x0000, 0x0000, 0x9e1f, 0x9e1f, 0x9e1f, 0x9e1f, 0x9e1f, 0x9e1f, 0x9e1f, 0x9e1f, 0x9e1f, 0x9e1f, 
	0x0000, 0x0000, 0x0000, 0xffff, 0xffff, 0x0000, 0x0000, 0x0000, 0x6d1f, 0x6d1f, 0x6d1f, 0x6d1f, 0x6d1f, 0x6d1f, 0x6d1f, 0x6d1f, 
	0x6d1f, 0x6d1f, 0x0000, 0x0000, 0x9e1f, 0x9e1f, 0x9e1f, 0x9e1f, 0x9e1f, 0x9e1f, 0x9e1f, 0x9e1f, 0x9e1f, 0x9e1f, 0x0000, 0x0000, 
	0x6d1f, 0x6d1f, 0x6d1f, 0x6d1f, 0x6d1f, 0x6d1f, 0x6d1f, 0x6d1f, 0x6d1f, 0x6d1f, 0x0000, 0x0000, 0x9e1f, 0x9e1f, 0x9e1f, 0x9e1f, 
	0x9e1f, 0x9e1f, 0x9e1f, 0x9e1f, 0x9e1f, 0x9e1f, 0x0000, 0x0000, 0x0000, 0xffff, 0xffff, 0x0000, 0x0000, 0x0000, 0x6d1f, 0x6d1f, 
	0x6d1f, 0x6d1f, 0x6d1f, 0x6d1f, 0x6d1f, 0x6d1f, 0x6d1f, 0x6d1f, 0x0000, 0x0000, 0x9e1f, 0x9e1f, 0x9e1f, 0x9e1f, 0x9e1f, 0x9e1f, 
	0x9e1f, 0x9e1f, 0x9e1f, 0x9e1f, 0x0000, 0x0000, 0x6d1f, 0x6d1f, 0x6d1f, 0x6d1f, 0x6d1f, 0x6d1f, 0x6d1f, 0x6d1f, 0x6d1f, 0x6d1f, 
	0x0000, 0x0000, 0x9e1f, 0x9e1f, 0x9e1f, 0x9e1f, 0x9e1f, 0x9e1f, 0x9e1f, 0x9e1f, 0x9e1f, 0x9e1f, 0x0000, 0x0000, 0x0000, 0xffff, 
	0xffff, 0x0000, 0x0000, 0x0000, 0x6d1f, 0x6d1f, 0x6d1f, 0x6d1f, 0x6d1f, 0x6d1f, 0x6d1f, 0x6d1f, 0x6d1f, 0x6d1f, 0x0000, 0x0000, 
	0x9e1f, 0x9e1f, 0x9e1f, 0x9e1f, 0x9e1f, 0x9e1f, 0x9e1f, 0x9e1f, 0x9e1f, 0x9e1f, 0x0000, 0x0000, 0x6d1f, 0x6d1f, 0x6d1f, 0x6d1f, 
	0x6d1f, 0x6d1f, 0x6d1f, 0x6d1f, 0x6d1f, 0x6d1f, 0x0000, 0x0000, 0x9e1f, 0x9e1f, 0x9e1f, 0x9e1f, 0x9e1f, 0x9e1f, 0x9e1f, 0x9e1f, 
	0x9e1f, 0x9e1f, 0x0000, 0x0000, 0x0000, 0xffff, 0xffff, 0x0000, 0x0000, 0x0000, 0x6d1f, 0x6d1f, 0x6d1f, 0x6d1f, 0x6d1f, 0x6d1f, 
	0x6d1f, 0x6d1f, 0x6d1f, 0x6d1f, 0x0000, 0x0000, 0x9e1f, 0x9e1f, 0x9e1f, 0x9e1f, 0x9e1f, 0x9e1f, 0x9e1f, 0x9e1f, 0x9e1f, 0x9e1f, 
	0x0000, 0x0000, 0x6d1f, 0x6d1f, 0x6d1f, 0x6d1f, 0x6d1f, 0x6d1f, 0x6d1f, 0x6d1f, 0x6d1f, 0x6d1f, 0x0000, 0x0000, 0x9e1f, 0x9e1f, 
	0x9e1f, 0x9e1f, 0x9e1f, 0x9e1f, 0x9e1f, 0x9e1f, 0x9e1f, 0x9e1f, 0x0000, 0x0000, 0x0000, 0xffff, 0xffff, 0x0000, 0x0000, 0x0000, 
	0x6d1f, 0x6d1f, 0x6d1f, 0x6d1f, 0x6d1f, 0x6d1f, 0x6d1f, 0x6d1f, 0x6d1f, 0x6d1f, 0x0000, 0x0000, 0x9e1f, 0x9e1f, 0x9e1f, 0x9e1f, 
	0x9e1f, 0x9e1f, 0x9e1f, 0x9e1f, 0x9e1f, 0x9e1f, 0x0000, 0x0000, 0x6d1f, 0x6d1f, 0x6d1f, 0x6d1f, 0x6d1f, 0x6d1f, 0x6d1f, 0x6d1f, 
	0x6d1f, 0x6d1f, 0x0000, 0x0000, 0x9e1f, 0x9e1f, 0x9e1f, 0x9e1f, 0x9e1f, 0x9e1f, 0x9e1f, 0x9e1f, 0x9e1f, 0x9e1f, 0x0000, 0x0000, 
	0x0000, 0xffff, 0xffff, 0x0000, 0x0000, 0x0000, 0x6d1f, 0x6d1f, 0x6d1f, 0x6d1f, 0x6d1f, 0x6d1f, 0x6d1f, 0x6d1f, 0x6d1f, 0x6d1f, 
	0x0000, 0x0000, 0x9e1f, 0x9e1f, 0x9e1f, 0x9e1f, 0x9e1f, 0x9e1f, 0x9e1f, 0x9e1f, 0x9e1f, 0x9e1f, 0x0000, 0x0000, 0x6d1f, 0x6d1f, 
	0x6d1f, 0x6d1f, 0x6d1f, 0x6d1f, 0x6d1f, 0x6d1f, 0x6d1f, 0x6d1f, 0x0000, 0x0000, 0x9e1f, 0x9e1f, 0x9e1f, 0x9e1f, 0x9e1f, 0x9e1f, 
	0x9e1f, 0x9e1f, 0x9e1f, 0x9e1f, 0x0000, 0x0000, 0x0000, 0xffff, 0xffff, 0x0000, 0x0000, 0x0000, 0x6d1f, 0x6d1f, 0x6d1f, 0x6d1f, 
	0x6d1f, 0x6d1f, 0x6d1f, 0x6d1f, 0x6d1f, 0x6d1f, 0x0000, 0x0000, 0x9e1f, 0x9e1f, 0x9e1f, 0x9e1f, 0x9e1f, 0x9e1f, 0x9e1f, 0x9e1f, 
	0x9e1f, 0x9e1f, 0x0000, 0x0000, 0x6d1f, 0x6d1f, 0x6d1f, 0x6d1f, 0x6d1f, 0x6d1f, 0x6d1f, 0x6d1f, 0x6d1f, 0x6d1f, 0x0000, 0x0000, 
	0x9e1f, 0x9e1f, 0x9e1f, 0x9e1f, 0x9e1f, 0x9e1f, 0x9e1f, 0x9e1f, 0x9e1f, 0x9e1f, 0x0000, 0x0000, 0x0000, 0xffff, 0xffff, 0x0000, 
	0x0000, 0x0000, 0x6d1f, 0x6d1f, 0x6d1f, 0x6d1f, 0x6d1f, 0x6d1f, 0x6d1f, 0x6d1f, 0x6d1f, 0x6d1f, 0x0000, 0x0000, 0x9e1f, 0x9e1f, 
	0x9e1f, 0x9e1f, 0x9e1f, 0x9e1f, 0x9e1f, 0x9e1f, 0x9e1f, 0x9e1f, 0x0000, 0x0000, 0x6d1f, 0x6d1f, 0x6d1f, 0x6d1f, 0x6d1f, 0x6d1f, 
	0x6d1f, 0x6d1f, 0x6d1f, 0x6d1f, 0x0000, 0x0000, 0x9e1f, 0x9e1f, 0x9e1f, 0x9e1f, 0x9e1f, 0x9e1f, 0x9e1f, 0x9e1f, 0x9e1f, 0x9e1f, 
	0x0000, 0x0000, 0x0000, 0xffff, 0xffff, 0x0000, 0x0000, 0x0000, 0x0000, 0x0000, 0x0000, 0x0000, 0x0000, 0x0000, 0x0000, 0x0000, 
	0x0000, 0x0000, 0x0000, 0x0000, 0x0000, 0x0000, 0x0000, 0x0000, 0x0000, 0x0000, 0x0000, 0x0000, 0x0000, 0x0000, 0x0000, 0x0000, 
	0x0000, 0x0000, 0x0000, 0x0000, 0x0000, 0x0000, 0x0000, 0x0000, 0x0000, 0x0000, 0x0000, 0x0000, 0x0000, 0x0000, 0x0000, 0x0000, 
	0x0000, 0x0000, 0x0000, 0x0000, 0x0000, 0x0000, 0x0000, 0x0000, 0x0000, 0xffff, 0xffff, 0x0000, 0x0000, 0x0000, 0x0000, 0x0000, 
	0x0000, 0x0000, 0x0000, 0x0000, 0x0000, 0x0000, 0x0000, 0x0000, 0x0000, 0x0000, 0x0000, 0x0000, 0x0000, 0x0000, 0x0000, 0x0000, 
	0x0000, 0x0000, 0x0000, 0x0000, 0x0000, 0x0000, 0x0000, 0x0000, 0x0000, 0x0000, 0x0000, 0x0000, 0x0000, 0x0000, 0x0000, 0x0000, 
	0x0000, 0x0000, 0x0000, 0x0000, 0x0000, 0x0000, 0x0000, 0x0000, 0x0000, 0x0000, 0x0000, 0x0000, 0x0000, 0x0000, 0x0000, 0xffff, 
	0xffff, 0x0000, 0x0000, 0x0000, 0x9e1f, 0x9e1f, 0x9e1f, 0x9e1f, 0x9e1f, 0x9e1f, 0x9e1f, 0x9e1f, 0x9e1f, 0x9e1f, 0x0000, 0x0000, 
	0x6d1f, 0x6d1f, 0x6d1f, 0x6d1f, 0x6d1f, 0x6d1f, 0x6d1f, 0x6d1f, 0x6d1f, 0x6d1f, 0x0000, 0x0000, 0x9e1f, 0x9e1f, 0x9e1f, 0x9e1f, 
	0x9e1f, 0x9e1f, 0x9e1f, 0x9e1f, 0x9e1f, 0x9e1f, 0x0000, 0x0000, 0x6d1f, 0x6d1f, 0x6d1f, 0x6d1f, 0x6d1f, 0x6d1f, 0x6d1f, 0x6d1f, 
	0x6d1f, 0x6d1f, 0x0000, 0x0000, 0x0000, 0xffff, 0xffff, 0x0000, 0x0000, 0x0000, 0x9e1f, 0x9e1f, 0x9e1f, 0x9e1f, 0x9e1f, 0x9e1f, 
	0x9e1f, 0x9e1f, 0x9e1f, 0x9e1f, 0x0000, 0x0000, 0x6d1f, 0x6d1f, 0x6d1f, 0x6d1f, 0x6d1f, 0x6d1f, 0x6d1f, 0x6d1f, 0x6d1f, 0x6d1f, 
	0x0000, 0x0000, 0x9e1f, 0x9e1f, 0x9e1f, 0x9e1f, 0x9e1f, 0x9e1f, 0x9e1f, 0x9e1f, 0x9e1f, 0x9e1f, 0x0000, 0x0000, 0x6d1f, 0x6d1f, 
	0x6d1f, 0x6d1f, 0x6d1f, 0x6d1f, 0x6d1f, 0x6d1f, 0x6d1f, 0x6d1f, 0x0000, 0x0000, 0x0000, 0xffff, 0xffff, 0x0000, 0x0000, 0x0000, 
	0x9e1f, 0x9e1f, 0x9e1f, 0x9e1f, 0x9e1f, 0x9e1f, 0x9e1f, 0x9e1f, 0x9e1f, 0x9e1f, 0x0000, 0x0000, 0x6d1f, 0x6d1f, 0x6d1f, 0x6d1f, 
	0x6d1f, 0x6d1f, 0x6d1f, 0x6d1f, 0x6d1f, 0x6d1f, 0x0000, 0x0000, 0x9e1f, 0x9e1f, 0x9e1f, 0x9e1f, 0x9e1f, 0x9e1f, 0x9e1f, 0x9e1f, 
	0x9e1f, 0x9e1f, 0x0000, 0x0000, 0x6d1f, 0x6d1f, 0x6d1f, 0x6d1f, 0x6d1f, 0x6d1f, 0x6d1f, 0x6d1f, 0x6d1f, 0x6d1f, 0x0000, 0x0000, 
	0x0000, 0xffff, 0xffff, 0x0000, 0x0000, 0x0000, 0x9e1f, 0x9e1f, 0x9e1f, 0x9e1f, 0x9e1f, 0x9e1f, 0x9e1f, 0x9e1f, 0x9e1f, 0x9e1f, 
	0x0000, 0x0000, 0x6d1f, 0x6d1f, 0x6d1f, 0x6d1f, 0x6d1f, 0x6d1f, 0x6d1f, 0x6d1f, 0x6d1f, 0x6d1f, 0x0000, 0x0000, 0x9e1f, 0x9e1f, 
	0x9e1f, 0x9e1f, 0x9e1f, 0x9e1f, 0x9e1f, 0x9e1f, 0x9e1f, 0x9e1f, 0x0000, 0x0000, 0x6d1f, 0x6d1f, 0x6d1f, 0x6d1f, 0x6d1f, 0x6d1f, 
	0x6d1f, 0x6d1f, 0x6d1f, 0x6d1f, 0x0000, 0x0000, 0x0000, 0xffff, 0xffff, 0x0000, 0x0000, 0x0000, 0x9e1f, 0x9e1f, 0x9e1f, 0x9e1f, 
	0x9e1f, 0x9e1f, 0x9e1f, 0x9e1f, 0x9e1f, 0x9e1f, 0x0000, 0x0000, 0x6d1f, 0x6d1f, 0x6d1f, 0x6d1f, 0x6d1f, 0x6d1f, 0x6d1f, 0x6d1f, 
	0x6d1f, 0x6d1f, 0x0000, 0x0000, 0x9e1f, 0x9e1f, 0x9e1f, 0x9e1f, 0x9e1f, 0x9e1f, 0x9e1f, 0x9e1f, 0x9e1f, 0x9e1f, 0x0000, 0x0000, 
	0x6d1f, 0x6d1f, 0x6d1f, 0x6d1f, 0x6d1f, 0x6d1f, 0x6d1f, 0x6d1f, 0x6d1f, 0x6d1f, 0x0000, 0x0000, 0x0000, 0xffff, 0xffff, 0x0000, 
	0x0000, 0x0000, 0x9e1f, 0x9e1f, 0x9e1f, 0x9e1f, 0x9e1f, 0x9e1f, 0x9e1f, 0x9e1f, 0x9e1f, 0x9e1f, 0x0000, 0x0000, 0x6d1f, 0x6d1f, 
	0x6d1f, 0x6d1f, 0x6d1f, 0x6d1f, 0x6d1f, 0x6d1f, 0x6d1f, 0x6d1f, 0x0000, 0x0000, 0x9e1f, 0x9e1f, 0x9e1f, 0x9e1f, 0x9e1f, 0x9e1f, 
	0x9e1f, 0x9e1f, 0x9e1f, 0x9e1f, 0x0000, 0x0000, 0x6d1f, 0x6d1f, 0x6d1f, 0x6d1f, 0x6d1f, 0x6d1f, 0x6d1f, 0x6d1f, 0x6d1f, 0x6d1f, 
	0x0000, 0x0000, 0x0000, 0xffff, 0xffff, 0x0000, 0x0000, 0x0000, 0x9e1f, 0x9e1f, 0x9e1f, 0x9e1f, 0x9e1f, 0x9e1f, 0x9e1f, 0x9e1f, 
	0x9e1f, 0x9e1f, 0x0000, 0x0000, 0x6d1f, 0x6d1f, 0x6d1f, 0x6d1f, 0x6d1f, 0x6d1f, 0x6d1f, 0x6d1f, 0x6d1f, 0x6d1f, 0x0000, 0x0000, 
	0x9e1f, 0x9e1f, 0x9e1f, 0x9e1f, 0x9e1f, 0x9e1f, 0x9e1f, 0x9e1f, 0x9e1f, 0x9e1f, 0x0000, 0x0000, 0x6d1f, 0x6d1f, 0x6d1f, 0x6d1f, 
	0x6d1f, 0x6d1f, 0x6d1f, 0x6d1f, 0x6d1f, 0x6d1f, 0x0000, 0x0000, 0x0000, 0xffff, 0xffff, 0x0000, 0x0000, 0x0000, 0x9e1f, 0x9e1f, 
	0x9e1f, 0x9e1f, 0x9e1f, 0x9e1f, 0x9e1f, 0x9e1f, 0x9e1f, 0x9e1f, 0x0000, 0x0000, 0x6d1f, 0x6d1f, 0x6d1f, 0x6d1f, 0x6d1f, 0x6d1f, 
	0x6d1f, 0x6d1f, 0x6d1f, 0x6d1f, 0x0000, 0x0000, 0x9e1f, 0x9e1f, 0x9e1f, 0x9e1f, 0x9e1f, 0x9e1f, 0x9e1f, 0x9e1f, 0x9e1f, 0x9e1f, 
	0x0000, 0x0000, 0x6d1f, 0x6d1f, 0x6d1f, 0x6d1f, 0x6d1f, 0x6d1f, 0x6d1f, 0x6d1f, 0x6d1f, 0x6d1f, 0x0000, 0x0000, 0x0000, 0xffff, 
	0xffff, 0x0000, 0x0000, 0x0000, 0x9e1f, 0x9e1f, 0x9e1f, 0x9e1f, 0x9e1f, 0x9e1f, 0x9e1f, 0x9e1f, 0x9e1f, 0x9e1f, 0x0000, 0x0000, 
	0x6d1f, 0x6d1f, 0x6d1f, 0x6d1f, 0x6d1f, 0x6d1f, 0x6d1f, 0x6d1f, 0x6d1f, 0x6d1f, 0x0000, 0x0000, 0x9e1f, 0x9e1f, 0x9e1f, 0x9e1f, 
	0x9e1f, 0x9e1f, 0x9e1f, 0x9e1f, 0x9e1f, 0x9e1f, 0x0000, 0x0000, 0x6d1f, 0x6d1f, 0x6d1f, 0x6d1f, 0x6d1f, 0x6d1f, 0x6d1f, 0x6d1f, 
	0x6d1f, 0x6d1f, 0x0000, 0x0000, 0x0000, 0xffff, 0xffff, 0x0000, 0x0000, 0x0000, 0x9e1f, 0x9e1f, 0x9e1f, 0x9e1f, 0x9e1f, 0x9e1f, 
	0x9e1f, 0x9e1f, 0x9e1f, 0x9e1f, 0x0000, 0x0000, 0x6d1f, 0x6d1f, 0x6d1f, 0x6d1f, 0x6d1f, 0x6d1f, 0x6d1f, 0x6d1f, 0x6d1f, 0x6d1f, 
	0x0000, 0x0000, 0x9e1f, 0x9e1f, 0x9e1f, 0x9e1f, 0x9e1f, 0x9e1f, 0x9e1f, 0x9e1f, 0x9e1f, 0x9e1f, 0x0000, 0x0000, 0x6d1f, 0x6d1f, 
	0x6d1f, 0x6d1f, 0x6d1f, 0x6d1f, 0x6d1f, 0x6d1f, 0x6d1f, 0x6d1f, 0x0000, 0x0000, 0x0000, 0xffff, 0xffff, 0x0000, 0x0000, 0x0000, 
	0x0000, 0x0000, 0x0000, 0x0000, 0x0000, 0x0000, 0x0000, 0x0000, 0x0000, 0x0000, 0x0000, 0x0000, 0x0000, 0x0000, 0x0000, 0x0000, 
	0x0000, 0x0000, 0x0000, 0x0000, 0x0000, 0x0000, 0x0000, 0x0000, 0x0000, 0x0000, 0x0000, 0x0000, 0x0000, 0x0000, 0x0000, 0x0000, 
	0x0000, 0x0000, 0x0000, 0x0000, 0x0000, 0x0000, 0x0000, 0x0000, 0x0000, 0x0000, 0x0000, 0x0000, 0x0000, 0x0000, 0x0000, 0x0000, 
	0x0000, 0xffff, 0xffff, 0x0000, 0x0000, 0x0000, 0x0000, 0x0000, 0x0000, 0x0000, 0x0000, 0x0000, 0x0000, 0x0000, 0x0000, 0x0000, 
	0x0000, 0x0000, 0x0000, 0x0000, 0x0000, 0x0000, 0x0000, 0x0000, 0x0000, 0x0000, 0x0000, 0x0000, 0x0000, 0x0000, 0x0000, 0x0000, 
	0x0000, 0x0000, 0x0000, 0x0000, 0x0000, 0x0000, 0x0000, 0x0000, 0x0000, 0x0000, 0x0000, 0x0000, 0x0000, 0x0000, 0x0000, 0x0000, 
	0x0000, 0x0000, 0x0000, 0x0000, 0x0000, 0x0000, 0x0000, 0xffff, 0xffff, 0x0000, 0x0000, 0x0000, 0x6d1f, 0x6d1f, 0x6d1f, 0x6d1f, 
	0x6d1f, 0x6d1f, 0x6d1f, 0x6d1f, 0x6d1f, 0x6d1f, 0x0000, 0x0000, 0x9e1f, 0x9e1f, 0x9e1f, 0x9e1f, 0x9e1f, 0x9e1f, 0x9e1f, 0x9e1f, 
	0x9e1f, 0x9e1f, 0x0000, 0x0000, 0x6d1f, 0x6d1f, 0x6d1f, 0x6d1f, 0x6d1f, 0x6d1f, 0x6d1f, 0x6d1f, 0x6d1f, 0x6d1f, 0x0000, 0x0000, 
	0x9e1f, 0x9e1f, 0x9e1f, 0x9e1f, 0x9e1f, 0x9e1f, 0x9e1f, 0x9e1f, 0x9e1f, 0x9e1f, 0x0000, 0x0000, 0x0000, 0xffff, 0xffff, 0x0000, 
	0x0000, 0x0000, 0x6d1f, 0x6d1f, 0x6d1f, 0x6d1f, 0x6d1f, 0x6d1f, 0x6d1f, 0x6d1f, 0x6d1f, 0x6d1f, 0x0000, 0x0000, 0x9e1f, 0x9e1f, 
	0x9e1f, 0x9e1f, 0x9e1f, 0x9e1f, 0x9e1f, 0x9e1f, 0x9e1f, 0x9e1f, 0x0000, 0x0000, 0x6d1f, 0x6d1f, 0x6d1f, 0x6d1f, 0x6d1f, 0x6d1f, 
	0x6d1f, 0x6d1f, 0x6d1f, 0x6d1f, 0x0000, 0x0000, 0x9e1f, 0x9e1f, 0x9e1f, 0x9e1f, 0x9e1f, 0x9e1f, 0x9e1f, 0x9e1f, 0x9e1f, 0x9e1f, 
	0x0000, 0x0000, 0x0000, 0xffff, 0xffff, 0x0000, 0x0000, 0x0000, 0x6d1f, 0x6d1f, 0x6d1f, 0x6d1f, 0x6d1f, 0x6d1f, 0x6d1f, 0x6d1f, 
	0x6d1f, 0x6d1f, 0x0000, 0x0000, 0x9e1f, 0x9e1f, 0x9e1f, 0x9e1f, 0x9e1f, 0x9e1f, 0x9e1f, 0x9e1f, 0x9e1f, 0x9e1f, 0x0000, 0x0000, 
	0x6d1f, 0x6d1f, 0x6d1f, 0x6d1f, 0x6d1f, 0x6d1f, 0x6d1f, 0x6d1f, 0x6d1f, 0x6d1f, 0x0000, 0x0000, 0x9e1f, 0x9e1f, 0x9e1f, 0x9e1f, 
	0x9e1f, 0x9e1f, 0x9e1f, 0x9e1f, 0x9e1f, 0x9e1f, 0x0000, 0x0000, 0x0000, 0xffff, 0xffff, 0x0000, 0x0000, 0x0000, 0x6d1f, 0x6d1f, 
	0x6d1f, 0x6d1f, 0x6d1f, 0x6d1f, 0x6d1f, 0x6d1f, 0x6d1f, 0x6d1f, 0x0000, 0x0000, 0x9e1f, 0x9e1f, 0x9e1f, 0x9e1f, 0x9e1f, 0x9e1f, 
	0x9e1f, 0x9e1f, 0x9e1f, 0x9e1f, 0x0000, 0x0000, 0x6d1f, 0x6d1f, 0x6d1f, 0x6d1f, 0x6d1f, 0x6d1f, 0x6d1f, 0x6d1f, 0x6d1f, 0x6d1f, 
	0x0000, 0x0000, 0x9e1f, 0x9e1f, 0x9e1f, 0x9e1f, 0x9e1f, 0x9e1f, 0x9e1f, 0x9e1f, 0x9e1f, 0x9e1f, 0x0000, 0x0000, 0x0000, 0xffff, 
	0xffff, 0x0000, 0x0000, 0x0000, 0x6d1f, 0x6d1f, 0x6d1f, 0x6d1f, 0x6d1f, 0x6d1f, 0x6d1f, 0x6d1f, 0x6d1f, 0x6d1f, 0x0000, 0x0000, 
	0x9e1f, 0x9e1f, 0x9e1f, 0x9e1f, 0x9e1f, 0x9e1f, 0x9e1f, 0x9e1f, 0x9e1f, 0x9e1f, 0x0000, 0x0000, 0x6d1f, 0x6d1f, 0x6d1f, 0x6d1f, 
	0x6d1f, 0x6d1f, 0x6d1f, 0x6d1f, 0x6d1f, 0x6d1f, 0x0000, 0x0000, 0x9e1f, 0x9e1f, 0x9e1f, 0x9e1f, 0x9e1f, 0x9e1f, 0x9e1f, 0x9e1f, 
	0x9e1f, 0x9e1f, 0x0000, 0x0000, 0x0000, 0xffff, 0xffff, 0x0000, 0x0000, 0x0000, 0x6d1f, 0x6d1f, 0x6d1f, 0x6d1f, 0x6d1f, 0x6d1f, 
	0x6d1f, 0x6d1f, 0x6d1f, 0x6d1f, 0x0000, 0x0000, 0x9e1f, 0x9e1f, 0x9e1f, 0x9e1f, 0x9e1f, 0x9e1f, 0x9e1f, 0x9e1f, 0x9e1f, 0x9e1f, 
	0x0000, 0x0000, 0x6d1f, 0x6d1f, 0x6d1f, 0x6d1f, 0x6d1f, 0x6d1f, 0x6d1f, 0x6d1f, 0x6d1f, 0x6d1f, 0x0000, 0x0000, 0x9e1f, 0x9e1f, 
	0x9e1f, 0x9e1f, 0x9e1f, 0x9e1f, 0x9e1f, 0x9e1f, 0x9e1f, 0x9e1f, 0x0000, 0x0000, 0x0000, 0xffff, 0xffff, 0x0000, 0x0000, 0x0000, 
	0x6d1f, 0x6d1f, 0x6d1f, 0x6d1f, 0x6d1f, 0x6d1f, 0x6d1f, 0x6d1f, 0x6d1f, 0x6d1f, 0x0000, 0x0000, 0x9e1f, 0x9e1f, 0x9e1f, 0x9e1f, 
	0x9e1f, 0x9e1f, 0x9e1f, 0x9e1f, 0x9e1f, 0x9e1f, 0x0000, 0x0000, 0x6d1f, 0x6d1f, 0x6d1f, 0x6d1f, 0x6d1f, 0x6d1f, 0x6d1f, 0x6d1f, 
	0x6d1f, 0x6d1f, 0x0000, 0x0000, 0x9e1f, 0x9e1f, 0x9e1f, 0x9e1f, 0x9e1f, 0x9e1f, 0x9e1f, 0x9e1f, 0x9e1f, 0x9e1f, 0x0000, 0x0000, 
	0x0000, 0xffff, 0xffff, 0x0000, 0x0000, 0x0000, 0x6d1f, 0x6d1f, 0x6d1f, 0x6d1f, 0x6d1f, 0x6d1f, 0x6d1f, 0x6d1f, 0x6d1f, 0x6d1f, 
	0x0000, 0x0000, 0x9e1f, 0x9e1f, 0x9e1f, 0x9e1f, 0x9e1f, 0x9e1f, 0x9e1f, 0x9e1f, 0x9e1f, 0x9e1f, 0x0000, 0x0000, 0x6d1f, 0x6d1f, 
	0x6d1f, 0x6d1f, 0x6d1f, 0x6d1f, 0x6d1f, 0x6d1f, 0x6d1f, 0x6d1f, 0x0000, 0x0000, 0x9e1f, 0x9e1f, 0x9e1f, 0x9e1f, 0x9e1f, 0x9e1f, 
	0x9e1f, 0x9e1f, 0x9e1f, 0x9e1f, 0x0000, 0x0000, 0x0000, 0xffff, 0xffff, 0x0000, 0x0000, 0x0000, 0x6d1f, 0x6d1f, 0x6d1f, 0x6d1f, 
	0x6d1f, 0x6d1f, 0x6d1f, 0x6d1f, 0x6d1f, 0x6d1f, 0x0000, 0x0000, 0x9e1f, 0x9e1f, 0x9e1f, 0x9e1f, 0x9e1f, 0x9e1f, 0x9e1f, 0x9e1f, 
	0x9e1f, 0x9e1f, 0x0000, 0x0000, 0x6d1f, 0x6d1f, 0x6d1f, 0x6d1f, 0x6d1f, 0x6d1f, 0x6d1f, 0x6d1f, 0x6d1f, 0x6d1f, 0x0000, 0x0000, 
	0x9e1f, 0x9e1f, 0x9e1f, 0x9e1f, 0x9e1f, 0x9e1f, 0x9e1f, 0x9e1f, 0x9e1f, 0x9e1f, 0x0000, 0x0000, 0x0000, 0xffff, 0xffff, 0x0000, 
	0x0000, 0x0000, 0x6d1f, 0x6d1f, 0x6d1f, 0x6d1f, 0x6d1f, 0x6d1f, 0x6d1f, 0x6d1f, 0x6d1f, 0x6d1f, 0x0000, 0x0000, 0x9e1f, 0x9e1f, 
	0x9e1f, 0x9e1f, 0x9e1f, 0x9e1f, 0x9e1f, 0x9e1f, 0x9e1f, 0x9e1f, 0x0000, 0x0000, 0x6d1f, 0x6d1f, 0x6d1f, 0x6d1f, 0x6d1f, 0x6d1f, 
	0x6d1f, 0x6d1f, 0x6d1f, 0x6d1f, 0x0000, 0x0000, 0x9e1f, 0x9e1f, 0x9e1f, 0x9e1f, 0x9e1f, 0x9e1f, 0x9e1f, 0x9e1f, 0x9e1f, 0x9e1f, 
	0x0000, 0x0000, 0x0000, 0xffff, 0xffff, 0x0000, 0x0000, 0x0000, 0x0000, 0x0000, 0x0000, 0x0000, 0x0000, 0x0000, 0x0000, 0x0000, 
	0x0000, 0x0000, 0x0000, 0x0000, 0x0000, 0x0000, 0x0000, 0x0000, 0x0000, 0x0000, 0x0000, 0x0000, 0x0000, 0x0000, 0x0000, 0x0000, 
	0x0000, 0x0000, 0x0000, 0x0000, 0x0000, 0x0000, 0x0000, 0x0000, 0x0000, 0x0000, 0x0000, 0x0000, 0x0000, 0x0000, 0x0000, 0x0000, 
	0x0000, 0x0000, 0x0000, 0x0000, 0x0000, 0x0000, 0x0000, 0x0000, 0x0000, 0xffff, 0xffff, 0x0000, 0x0000, 0x0000, 0x0000, 0x0000, 
	0x0000, 0x0000, 0x0000, 0x0000, 0x0000, 0x0000, 0x0000, 0x0000, 0x0000, 0x0000, 0x0000, 0x0000, 0x0000, 0x0000, 0x0000, 0x0000, 
	0x0000, 0x0000, 0x0000, 0x0000, 0x0000, 0x0000, 0x0000, 0x0000, 0x0000, 0x0000, 0x0000, 0x0000, 0x0000, 0x0000, 0x0000, 0x0000, 
	0x0000, 0x0000, 0x0000, 0x0000, 0x0000, 0x0000, 0x0000, 0x0000, 0x0000, 0x0000, 0x0000, 0x0000, 0x0000, 0x0000, 0x0000, 0xffff, 
	0xffff, 0x0000, 0x0000, 0x0000, 0x9e1f, 0x9e1f, 0x9e1f, 0x9e1f, 0x9e1f, 0x9e1f, 0x9e1f, 0x9e1f, 0x9e1f, 0x9e1f, 0x0000, 0x0000, 
	0x6d1f, 0x6d1f, 0x6d1f, 0x6d1f, 0x6d1f, 0x6d1f, 0x6d1f, 0x6d1f, 0x6d1f, 0x6d1f, 0x0000, 0x0000, 0x9e1f, 0x9e1f, 0x9e1f, 0x9e1f, 
	0x9e1f, 0x9e1f, 0x9e1f, 0x9e1f, 0x9e1f, 0x9e1f, 0x0000, 0x0000, 0x6d1f, 0x6d1f, 0x6d1f, 0x6d1f, 0x6d1f, 0x6d1f, 0x6d1f, 0x6d1f, 
	0x6d1f, 0x6d1f, 0x0000, 0x0000, 0x0000, 0xffff, 0xffff, 0x0000, 0x0000, 0x0000, 0x9e1f, 0x9e1f, 0x9e1f, 0x9e1f, 0x9e1f, 0x9e1f, 
	0x9e1f, 0x9e1f, 0x9e1f, 0x9e1f, 0x0000, 0x0000, 0x6d1f, 0x6d1f, 0x6d1f, 0x6d1f, 0x6d1f, 0x6d1f, 0x6d1f, 0x6d1f, 0x6d1f, 0x6d1f, 
	0x0000, 0x0000, 0x9e1f, 0x9e1f, 0x9e1f, 0x9e1f, 0x9e1f, 0x9e1f, 0x9e1f, 0x9e1f, 0x9e1f, 0x9e1f, 0x0000, 0x0000, 0x6d1f, 0x6d1f, 
	0x6d1f, 0x6d1f, 0x6d1f, 0x6d1f, 0x6d1f, 0x6d1f, 0x6d1f, 0x6d1f, 0x0000, 0x0000, 0x0000, 0xffff, 0xffff, 0x0000, 0x0000, 0x0000, 
	0x9e1f, 0x9e1f, 0x9e1f, 0x9e1f, 0x9e1f, 0x9e1f, 0x9e1f, 0x9e1f, 0x9e1f, 0x9e1f, 0x0000, 0x0000, 0x6d1f, 0x6d1f, 0x6d1f, 0x6d1f, 
	0x6d1f, 0x6d1f, 0x6d1f, 0x6d1f, 0x6d1f, 0x6d1f, 0x0000, 0x0000, 0x9e1f, 0x9e1f, 0x9e1f, 0x9e1f, 0x9e1f, 0x9e1f, 0x9e1f, 0x9e1f, 
	0x9e1f, 0x9e1f, 0x0000, 0x0000, 0x6d1f, 0x6d1f, 0x6d1f, 0x6d1f, 0x6d1f, 0x6d1f, 0x6d1f, 0x6d1f, 0x6d1f, 0x6d1f, 0x0000, 0x0000, 
	0x0000, 0xffff, 0xffff, 0x0000, 0x0000, 0x0000, 0x9e1f, 0x9e1f, 0x9e1f, 0x9e1f, 0x9e1f, 0x9e1f, 0x9e1f, 0x9e1f, 0x9e1f, 0x9e1f, 
	0x0000, 0x0000, 0x6d1f, 0x6d1f, 0x6d1f, 0x6d1f, 0x6d1f, 0x6d1f, 0x6d1f, 0x6d1f, 0x6d1f, 0x6d1f, 0x0000, 0x0000, 0x9e1f, 0x9e1f, 
	0x9e1f, 0x9e1f, 0x9e1f, 0x9e1f, 0x9e1f, 0x9e1f, 0x9e1f, 0x9e1f, 0x0000, 0x0000, 0x6d1f, 0x6d1f, 0x6d1f, 0x6d1f, 0x6d1f, 0x6d1f, 
	0x6d1f, 0x6d1f, 0x6d1f, 0x6d1f, 0x0000, 0x0000, 0x0000, 0xffff, 0xffff, 0x0000, 0x0000, 0x0000, 0x9e1f, 0x9e1f, 0x9e1f, 0x9e1f, 
	0x9e1f, 0x9e1f, 0x9e1f, 0x9e1f, 0x9e1f, 0x9e1f, 0x0000, 0x0000, 0x6d1f, 0x6d1f, 0x6d1f, 0x6d1f, 0x6d1f, 0x6d1f, 0x6d1f, 0x6d1f, 
	0x6d1f, 0x6d1f, 0x0000, 0x0000, 0x9e1f, 0x9e1f, 0x9e1f, 0x9e1f, 0x9e1f, 0x9e1f, 0x9e1f, 0x9e1f, 0x9e1f, 0x9e1f, 0x0000, 0x0000, 
	0x6d1f, 0x6d1f, 0x6d1f, 0x6d1f, 0x6d1f, 0x6d1f, 0x6d1f, 0x6d1f, 0x6d1f, 0x6d1f, 0x0000, 0x0000, 0x0000, 0xffff, 0xffff, 0x0000, 
	0x0000, 0x0000, 0x9e1f, 0x9e1f, 0x9e1f, 0x9e1f, 0x9e1f, 0x9e1f, 0x9e1f, 0x9e1f, 0x9e1f, 0x9e1f, 0x0000, 0x0000, 0x6d1f, 0x6d1f, 
	0x6d1f, 0x6d1f, 0x6d1f, 0x6d1f, 0x6d1f, 0x6d1f, 0x6d1f, 0x6d1f, 0x0000, 0x0000, 0x9e1f, 0x9e1f, 0x9e1f, 0x9e1f, 0x9e1f, 0x9e1f, 
	0x9e1f, 0x9e1f, 0x9e1f, 0x9e1f, 0x0000, 0x0000, 0x6d1f, 0x6d1f, 0x6d1f, 0x6d1f, 0x6d1f, 0x6d1f, 0x6d1f, 0x6d1f, 0x6d1f, 0x6d1f, 
	0x0000, 0x0000, 0x0000, 0xffff, 0xffff, 0x0000, 0x0000, 0x0000, 0x9e1f, 0x9e1f, 0x9e1f, 0x9e1f, 0x9e1f, 0x9e1f, 0x9e1f, 0x9e1f, 
	0x9e1f, 0x9e1f, 0x0000, 0x0000, 0x6d1f, 0x6d1f, 0x6d1f, 0x6d1f, 0x6d1f, 0x6d1f, 0x6d1f, 0x6d1f, 0x6d1f, 0x6d1f, 0x0000, 0x0000, 
	0x9e1f, 0x9e1f, 0x9e1f, 0x9e1f, 0x9e1f, 0x9e1f, 0x9e1f, 0x9e1f, 0x9e1f, 0x9e1f, 0x0000, 0x0000, 0x6d1f, 0x6d1f, 0x6d1f, 0x6d1f, 
	0x6d1f, 0x6d1f, 0x6d1f, 0x6d1f, 0x6d1f, 0x6d1f, 0x0000, 0x0000, 0x0000, 0xffff, 0xffff, 0x0000, 0x0000, 0x0000, 0x9e1f, 0x9e1f, 
	0x9e1f, 0x9e1f, 0x9e1f, 0x9e1f, 0x9e1f, 0x9e1f, 0x9e1f, 0x9e1f, 0x0000, 0x0000, 0x6d1f, 0x6d1f, 0x6d1f, 0x6d1f, 0x6d1f, 0x6d1f, 
	0x6d1f, 0x6d1f, 0x6d1f, 0x6d1f, 0x0000, 0x0000, 0x9e1f, 0x9e1f, 0x9e1f, 0x9e1f, 0x9e1f, 0x9e1f, 0x9e1f, 0x9e1f, 0x9e1f, 0x9e1f, 
	0x0000, 0x0000, 0x6d1f, 0x6d1f, 0x6d1f, 0x6d1f, 0x6d1f, 0x6d1f, 0x6d1f, 0x6d1f, 0x6d1f, 0x6d1f, 0x0000, 0x0000, 0x0000, 0xffff, 
	0xffff, 0x0000, 0x0000, 0x0000, 0x9e1f, 0x9e1f, 0x9e1f, 0x9e1f, 0x9e1f, 0x9e1f, 0x9e1f, 0x9e1f, 0x9e1f, 0x9e1f, 0x0000, 0x0000, 
	0x6d1f, 0x6d1f, 0x6d1f, 0x6d1f, 0x6d1f, 0x6d1f, 0x6d1f, 0x6d1f, 0x6d1f, 0x6d1f, 0x0000, 0x0000, 0x9e1f, 0x9e1f, 0x9e1f, 0x9e1f, 
	0x9e1f, 0x9e1f, 0x9e1f, 0x9e1f, 0x9e1f, 0x9e1f, 0x0000, 0x0000, 0x6d1f, 0x6d1f, 0x6d1f, 0x6d1f, 0x6d1f, 0x6d1f, 0x6d1f, 0x6d1f, 
	0x6d1f, 0x6d1f, 0x0000, 0x0000, 0x0000, 0xffff, 0xffff, 0x0000, 0x0000, 0x0000, 0x9e1f, 0x9e1f, 0x9e1f, 0x9e1f, 0x9e1f, 0x9e1f, 
	0x9e1f, 0x9e1f, 0x9e1f, 0x9e1f, 0x0000, 0x0000, 0x6d1f, 0x6d1f, 0x6d1f, 0x6d1f, 0x6d1f, 0x6d1f, 0x6d1f, 0x6d1f, 0x6d1f, 0x6d1f, 
	0x0000, 0x0000, 0x9e1f, 0x9e1f, 0x9e1f, 0x9e1f, 0x9e1f, 0x9e1f, 0x9e1f, 0x9e1f, 0x9e1f, 0x9e1f, 0x0000, 0x0000, 0x6d1f, 0x6d1f, 
	0x6d1f, 0x6d1f, 0x6d1f, 0x6d1f, 0x6d1f, 0x6d1f, 0x6d1f, 0x6d1f, 0x0000, 0x0000, 0x0000, 0xffff, 0xffff, 0x0000, 0x0000, 0x0000, 
	0x0000, 0x0000, 0x0000, 0x0000, 0x0000, 0x0000, 0x0000, 0x0000, 0x0000, 0x0000, 0x0000, 0x0000, 0x0000, 0x0000, 0x0000, 0x0000, 
	0x0000, 0x0000, 0x0000, 0x0000, 0x0000, 0x0000, 0x0000, 0x0000, 0x0000, 0x0000, 0x0000, 0x0000, 0x0000, 0x0000, 0x0000, 0x0000, 
	0x0000, 0x0000, 0x0000, 0x0000, 0x0000, 0x0000, 0x0000, 0x0000, 0x0000, 0x0000, 0x0000, 0x0000, 0x0000, 0x0000, 0x0000, 0x0000, 
	0x0000, 0xffff, 0xffff, 0x0000, 0x0000, 0x0000, 0x0000, 0x0000, 0x0000, 0x0000, 0x0000, 0x0000, 0x0000, 0x0000, 0x0000, 0x0000, 
	0x0000, 0x0000, 0x0000, 0x0000, 0x0000, 0x0000, 0x0000, 0x0000, 0x0000, 0x0000, 0x0000, 0x0000, 0x0000, 0x0000, 0x0000, 0x0000, 
	0x0000, 0x0000, 0x0000, 0x0000, 0x0000, 0x0000, 0x0000, 0x0000, 0x0000, 0x0000, 0x0000, 0x0000, 0x0000, 0x0000, 0x0000, 0x0000, 
	0x0000, 0x0000, 0x0000, 0x0000, 0x0000, 0x0000, 0x0000, 0xffff, 0xffff, 0x0000, 0x0000, 0x0000, 0x0000, 0x0000, 0x0000, 0x0000, 
	0x0000, 0x0000, 0x0000, 0x0000, 0x0000, 0x0000, 0x0000, 0x0000, 0x0000, 0x0000, 0x0000, 0x0000, 0x0000, 0x0000, 0x0000, 0x0000, 
	0x0000, 0x0000, 0x0000, 0x0000, 0x0000, 0x0000, 0x0000, 0x0000, 0x0000, 0x0000, 0x0000, 0x0000, 0x0000, 0x0000, 0x0000, 0x0000, 
	0x0000, 0x0000, 0x0000, 0x0000, 0x0000, 0x0000, 0x0000, 0x0000, 0x0000, 0x0000, 0x0000, 0x0000, 0x0000, 0xffff, 0xffff, 0xffff, 
	0xffff, 0xffff, 0xffff, 0xffff, 0xffff, 0xffff, 0xffff, 0xffff, 0xffff, 0xffff, 0xffff, 0xffff, 0xffff, 0xffff, 0xffff, 0xffff, 
	0xffff, 0xffff, 0xffff, 0xffff, 0xffff, 0xffff, 0xffff, 0xffff, 0xffff, 0xffff, 0xffff, 0xffff, 0xffff, 0xffff, 0xffff, 0xffff, 
	0xffff, 0xffff, 0xffff, 0xffff, 0xffff, 0xffff, 0xffff, 0xffff, 0xffff, 0xffff, 0xffff, 0xffff, 0xffff, 0xffff, 0xffff, 0xffff, 
	0xffff, 0xffff, 0xffff, 0xffff
};

const uint16_t fivebuttonD[] PROGMEM = {
	0xffff, 0xffff, 0xffff, 0xffff, 0xffff, 0xffff, 0xffff, 0xffff, 0xffff, 0xffff, 0xffff, 0xffff, 0xffff, 0xffff, 0xffff, 0xffff, 
	0xffff, 0xffff, 0xffff, 0xffff, 0xffff, 0xffff, 0xffff, 0xffff, 0xffff, 0xffff, 0xffff, 0xffff, 0xffff, 0xffff, 0xffff, 0xffff, 
	0xffff, 0xffff, 0xffff, 0xffff, 0xffff, 0xffff, 0xffff, 0xffff, 0xffff, 0xffff, 0xffff, 0xffff, 0xffff, 0xffff, 0xffff, 0xffff, 
	0xffff, 0xffff, 0xffff, 0xffff, 0xffff, 0xffff, 0xffff, 0x0000, 0x0000, 0x0000, 0x0000, 0x0000, 0x0000, 0x0000, 0x0000, 0x0000, 
	0x0000, 0x0000, 0x0000, 0x0000, 0x0000, 0x0000, 0x0000, 0x0000, 0x0000, 0x0000, 0x0000, 0x0000, 0x0000, 0x0000, 0x0000, 0x0000, 
	0x0000, 0x0000, 0x0000, 0x0000, 0x0000, 0x0000, 0x0000, 0x0000, 0x0000, 0x0000, 0x0000, 0x0000, 0x0000, 0x0000, 0x0000, 0x0000, 
	0x0000, 0x0000, 0x0000, 0x0000, 0x0000, 0x0000, 0x0000, 0x0000, 0x0000, 0x0000, 0x0000, 0xffff, 0xffff, 0x0000, 0x0000, 0x0000, 
	0x0000, 0x0000, 0x0000, 0x0000, 0x0000, 0x0000, 0x0000, 0x0000, 0x0000, 0x0000, 0x0000, 0x0000, 0x0000, 0x0000, 0x0000, 0x0000, 
	0x0000, 0x0000, 0x0000, 0x0000, 0x0000, 0x0000, 0x0000, 0x0000, 0x0000, 0x0000, 0x0000, 0x0000, 0x0000, 0x0000, 0x0000, 0x0000, 
	0x0000, 0x0000, 0x0000, 0x0000, 0x0000, 0x0000, 0x0000, 0x0000, 0x0000, 0x0000, 0x0000, 0x0000, 0x0000, 0x0000, 0x0000, 0x0000, 
	0x0000, 0xffff, 0xffff, 0x0000, 0x0000, 0x6d1f, 0x6d1f, 0x6d1f, 0x6d1f, 0x6d1f, 0x6d1f, 0x6d1f, 0x6d1f, 0x0000, 0x0000, 0x9e1f, 
	0x9e1f, 0x9e1f, 0x9e1f, 0x9e1f, 0x9e1f, 0x9e1f, 0x9e1f, 0x0000, 0x0000, 0x6d1f, 0x6d1f, 0x6d1f, 0x6d1f, 0x6d1f, 0x6d1f, 0x6d1f, 
	0x6d1f, 0x0000, 0x0000, 0x9e1f, 0x9e1f, 0x9e1f, 0x9e1f, 0x9e1f, 0x9e1f, 0x9e1f, 0x9e1f, 0x0000, 0x0000, 0x6d1f, 0x6d1f, 0x6d1f, 
	0x6d1f, 0x6d1f, 0x6d1f, 0x6d1f, 0x6d1f, 0x0000, 0x0000, 0xffff, 0xffff, 0x0000, 0x0000, 0x6d1f, 0x6d1f, 0x6d1f, 0x6d1f, 0x6d1f, 
	0x6d1f, 0x6d1f, 0x6d1f, 0x0000, 0x0000, 0x9e1f, 0x9e1f, 0x9e1f, 0x9e1f, 0x9e1f, 0x9e1f, 0x9e1f, 0x9e1f, 0x0000, 0x0000, 0x6d1f, 
	0x6d1f, 0x6d1f, 0x6d1f, 0x6d1f, 0x6d1f, 0x6d1f, 0x6d1f, 0x0000, 0x0000, 0x9e1f, 0x9e1f, 0x9e1f, 0x9e1f, 0x9e1f, 0x9e1f, 0x9e1f, 
	0x9e1f, 0x0000, 0x0000, 0x6d1f, 0x6d1f, 0x6d1f, 0x6d1f, 0x6d1f, 0x6d1f, 0x6d1f, 0x6d1f, 0x0000, 0x0000, 0xffff, 0xffff, 0x0000, 
	0x0000, 0x6d1f, 0x6d1f, 0x6d1f, 0x6d1f, 0x6d1f, 0x6d1f, 0x6d1f, 0x6d1f, 0x0000, 0x0000, 0x9e1f, 0x9e1f, 0x9e1f, 0x9e1f, 0x9e1f, 
	0x9e1f, 0x9e1f, 0x9e1f, 0x0000, 0x0000, 0x6d1f, 0x6d1f, 0x6d1f, 0x6d1f, 0x6d1f, 0x6d1f, 0x6d1f, 0x6d1f, 0x0000, 0x0000, 0x9e1f, 
	0x9e1f, 0x9e1f, 0x9e1f, 0x9e1f, 0x9e1f, 0x9e1f, 0x9e1f, 0x0000, 0x0000, 0x6d1f, 0x6d1f, 0x6d1f, 0x6d1f, 0x6d1f, 0x6d1f, 0x6d1f, 
	0x6d1f, 0x0000, 0x0000, 0xffff, 0xffff, 0x0000, 0x0000, 0x6d1f, 0x6d1f, 0x6d1f, 0x6d1f, 0x6d1f, 0x6d1f, 0x6d1f, 0x6d1f, 0x0000, 
	0x0000, 0x9e1f, 0x9e1f, 0x9e1f, 0x9e1f, 0x9e1f, 0x9e1f, 0x9e1f, 0x9e1f, 0x0000, 0x0000, 0x6d1f, 0x6d1f, 0x6d1f, 0x6d1f, 0x6d1f, 
	0x6d1f, 0x6d1f, 0x6d1f, 0x0000, 0x0000, 0x9e1f, 0x9e1f, 0x9e1f, 0x9e1f, 0x9e1f, 0x9e1f, 0x9e1f, 0x9e1f, 0x0000, 0x0000, 0x6d1f, 
	0x6d1f, 0x6d1f, 0x6d1f, 0x6d1f, 0x6d1f, 0x6d1f, 0x6d1f, 0x0000, 0x0000, 0xffff, 0xffff, 0x0000, 0x0000, 0x6d1f, 0x6d1f, 0x6d1f, 
	0x6d1f, 0x6d1f, 0x6d1f, 0x6d1f, 0x6d1f, 0x0000, 0x0000, 0x9e1f, 0x9e1f, 0x9e1f, 0x9e1f, 0x9e1f, 0x9e1f, 0x9e1f, 0x9e1f, 0x0000, 
	0x0000, 0x6d1f, 0x6d1f, 0x6d1f, 0x6d1f, 0x6d1f, 0x6d1f, 0x6d1f, 0x6d1f, 0x0000, 0x0000, 0x9e1f, 0x9e1f, 0x9e1f, 0x9e1f, 0x9e1f, 
	0x9e1f, 0x9e1f, 0x9e1f, 0x0000, 0x0000, 0x6d1f, 0x6d1f, 0x6d1f, 0x6d1f, 0x6d1f, 0x6d1f, 0x6d1f, 0x6d1f, 0x0000, 0x0000, 0xffff, 
	0xffff, 0x0000, 0x0000, 0x6d1f, 0x6d1f, 0x6d1f, 0x6d1f, 0x6d1f, 0x6d1f, 0x6d1f, 0x6d1f, 0x0000, 0x0000, 0x9e1f, 0x9e1f, 0x9e1f, 
	0x9e1f, 0x9e1f, 0x9e1f, 0x9e1f, 0x9e1f, 0x0000, 0x0000, 0x6d1f, 0x6d1f, 0x6d1f, 0x6d1f, 0x6d1f, 0x6d1f, 0x6d1f, 0x6d1f, 0x0000, 
	0x0000, 0x9e1f, 0x9e1f, 0x9e1f, 0x9e1f, 0x9e1f, 0x9e1f, 0x9e1f, 0x9e1f, 0x0000, 0x0000, 0x6d1f, 0x6d1f, 0x6d1f, 0x6d1f, 0x6d1f, 
	0x6d1f, 0x6d1f, 0x6d1f, 0x0000, 0x0000, 0xffff, 0xffff, 0x0000, 0x0000, 0x6d1f, 0x6d1f, 0x6d1f, 0x6d1f, 0x6d1f, 0x6d1f, 0x6d1f, 
	0x6d1f, 0x0000, 0x0000, 0x9e1f, 0x9e1f, 0x9e1f, 0x9e1f, 0x9e1f, 0x9e1f, 0x9e1f, 0x9e1f, 0x0000, 0x0000, 0x6d1f, 0x6d1f, 0x6d1f, 
	0x6d1f, 0x6d1f, 0x6d1f, 0x6d1f, 0x6d1f, 0x0000, 0x0000, 0x9e1f, 0x9e1f, 0x9e1f, 0x9e1f, 0x9e1f, 0x9e1f, 0x9e1f, 0x9e1f, 0x0000, 
	0x0000, 0x6d1f, 0x6d1f, 0x6d1f, 0x6d1f, 0x6d1f, 0x6d1f, 0x6d1f, 0x6d1f, 0x0000, 0x0000, 0xffff, 0xffff, 0x0000, 0x0000, 0x6d1f, 
	0x6d1f, 0x6d1f, 0x6d1f, 0x6d1f, 0x6d1f, 0x6d1f, 0x6d1f, 0x0000, 0x0000, 0x9e1f, 0x9e1f, 0x9e1f, 0x9e1f, 0x9e1f, 0x9e1f, 0x9e1f, 
	0x9e1f, 0x0000, 0x0000, 0x6d1f, 0x6d1f, 0x6d1f, 0x6d1f, 0x6d1f, 0x6d1f, 0x6d1f, 0x6d1f, 0x0000, 0x0000, 0x9e1f, 0x9e1f, 0x9e1f, 
	0x9e1f, 0x9e1f, 0x9e1f, 0x9e1f, 0x9e1f, 0x0000, 0x0000, 0x6d1f, 0x6d1f, 0x6d1f, 0x6d1f, 0x6d1f, 0x6d1f, 0x6d1f, 0x6d1f, 0x0000, 
	0x0000, 0xffff, 0xffff, 0x0000, 0x0000, 0x0000, 0x0000, 0x0000, 0x0000, 0x0000, 0x0000, 0x0000, 0x0000, 0x0000, 0x0000, 0x0000, 
	0x0000, 0x0000, 0x0000, 0x0000, 0x0000, 0x0000, 0x0000, 0x0000, 0x0000, 0x0000, 0x0000, 0x0000, 0x0000, 0x0000, 0x0000, 0x0000, 
	0x0000, 0x0000, 0x0000, 0x0000, 0x0000, 0x0000, 0x0000, 0x0000, 0x0000, 0x0000, 0x0000, 0x0000, 0x0000, 0x0000, 0x0000, 0x0000, 
	0x0000, 0x0000, 0x0000, 0x0000, 0x0000, 0x0000, 0x0000, 0xffff, 0xffff, 0x0000, 0x0000, 0x0000, 0x0000, 0x0000, 0x0000, 0x0000, 
	0x0000, 0x0000, 0x0000, 0x0000, 0x0000, 0x0000, 0x0000, 0x0000, 0x0000, 0x0000, 0x0000, 0x0000, 0x0000, 0x0000, 0x0000, 0x0000, 
	0x0000, 0x0000, 0x0000, 0x0000, 0x0000, 0x0000, 0x0000, 0x0000, 0x0000, 0x0000, 0x0000, 0x0000, 0x0000, 0x0000, 0x0000, 0x0000, 
	0x0000, 0x0000, 0x0000, 0x0000, 0x0000, 0x0000, 0x0000, 0x0000, 0x0000, 0x0000, 0x0000, 0x0000, 0x0000, 0xffff, 0xffff, 0x0000, 
	0x0000, 0x9e1f, 0x9e1f, 0x9e1f, 0x9e1f, 0x9e1f, 0x9e1f, 0x9e1f, 0x9e1f, 0x0000, 0x0000, 0x6d1f, 0x6d1f, 0x6d1f, 0x6d1f, 0x6d1f, 
	0x6d1f, 0x6d1f, 0x6d1f, 0x0000, 0x0000, 0x9e1f, 0x9e1f, 0x9e1f, 0x9e1f, 0x9e1f, 0x9e1f, 0x9e1f, 0x9e1f, 0x0000, 0x0000, 0x6d1f, 
	0x6d1f, 0x6d1f, 0x6d1f, 0x6d1f, 0x6d1f, 0x6d1f, 0x6d1f, 0x0000, 0x0000, 0x9e1f, 0x9e1f, 0x9e1f, 0x9e1f, 0x9e1f, 0x9e1f, 0x9e1f, 
	0x9e1f, 0x0000, 0x0000, 0xffff, 0xffff, 0x0000, 0x0000, 0x9e1f, 0x9e1f, 0x9e1f, 0x9e1f, 0x9e1f, 0x9e1f, 0x9e1f, 0x9e1f, 0x0000, 
	0x0000, 0x6d1f, 0x6d1f, 0x6d1f, 0x6d1f, 0x6d1f, 0x6d1f, 0x6d1f, 0x6d1f, 0x0000, 0x0000, 0x9e1f, 0x9e1f, 0x9e1f, 0x9e1f, 0x9e1f, 
	0x9e1f, 0x9e1f, 0x9e1f, 0x0000, 0x0000, 0x6d1f, 0x6d1f, 0x6d1f, 0x6d1f, 0x6d1f, 0x6d1f, 0x6d1f, 0x6d1f, 0x0000, 0x0000, 0x9e1f, 
	0x9e1f, 0x9e1f, 0x9e1f, 0x9e1f, 0x9e1f, 0x9e1f, 0x9e1f, 0x0000, 0x0000, 0xffff, 0xffff, 0x0000, 0x0000, 0x9e1f, 0x9e1f, 0x9e1f, 
	0x9e1f, 0x9e1f, 0x9e1f, 0x9e1f, 0x9e1f, 0x0000, 0x0000, 0x6d1f, 0x6d1f, 0x6d1f, 0x6d1f, 0x6d1f, 0x6d1f, 0x6d1f, 0x6d1f, 0x0000, 
	0x0000, 0x9e1f, 0x9e1f, 0x9e1f, 0x9e1f, 0x9e1f, 0x9e1f, 0x9e1f, 0x9e1f, 0x0000, 0x0000, 0x6d1f, 0x6d1f, 0x6d1f, 0x6d1f, 0x6d1f, 
	0x6d1f, 0x6d1f, 0x6d1f, 0x0000, 0x0000, 0x9e1f, 0x9e1f, 0x9e1f, 0x9e1f, 0x9e1f, 0x9e1f, 0x9e1f, 0x9e1f, 0x0000, 0x0000, 0xffff, 
	0xffff, 0x0000, 0x0000, 0x9e1f, 0x9e1f, 0x9e1f, 0x9e1f, 0x9e1f, 0x9e1f, 0x9e1f, 0x9e1f, 0x0000, 0x0000, 0x6d1f, 0x6d1f, 0x6d1f, 
	0x6d1f, 0x6d1f, 0x6d1f, 0x6d1f, 0x6d1f, 0x0000, 0x0000, 0x9e1f, 0x9e1f, 0x9e1f, 0x9e1f, 0x9e1f, 0x9e1f, 0x9e1f, 0x9e1f, 0x0000, 
	0x0000, 0x6d1f, 0x6d1f, 0x6d1f, 0x6d1f, 0x6d1f, 0x6d1f, 0x6d1f, 0x6d1f, 0x0000, 0x0000, 0x9e1f, 0x9e1f, 0x9e1f, 0x9e1f, 0x9e1f, 
	0x9e1f, 0x9e1f, 0x9e1f, 0x0000, 0x0000, 0xffff, 0xffff, 0x0000, 0x0000, 0x9e1f, 0x9e1f, 0x9e1f, 0x9e1f, 0x9e1f, 0x9e1f, 0x9e1f, 
	0x9e1f, 0x0000, 0x0000, 0x6d1f, 0x6d1f, 0x6d1f, 0x6d1f, 0x6d1f, 0x6d1f, 0x6d1f, 0x6d1f, 0x0000, 0x0000, 0x9e1f, 0x9e1f, 0x9e1f, 
	0x9e1f, 0x9e1f, 0x9e1f, 0x9e1f, 0x9e1f, 0x0000, 0x0000, 0x6d1f, 0x6d1f, 0x6d1f, 0x6d1f, 0x6d1f, 0x6d1f, 0x6d1f, 0x6d1f, 0x0000, 
	0x0000, 0x9e1f, 0x9e1f, 0x9e1f, 0x9e1f, 0x9e1f, 0x9e1f, 0x9e1f, 0x9e1f, 0x0000, 0x0000, 0xffff, 0xffff, 0x0000, 0x0000, 0x9e1f, 
	0x9e1f, 0x9e1f, 0x9e1f, 0x9e1f, 0x9e1f, 0x9e1f, 0x9e1f, 0x0000, 0x0000, 0x6d1f, 0x6d1f, 0x6d1f, 0x6d1f, 0x6d1f, 0x6d1f, 0x6d1f, 
	0x6d1f, 0x0000, 0x0000, 0x9e1f, 0x9e1f, 0x9e1f, 0x9e1f, 0x9e1f, 0x9e1f, 0x9e1f, 0x9e1f, 0x0000, 0x0000, 0x6d1f, 0x6d1f, 0x6d1f, 
	0x6d1f, 0x6d1f, 0x6d1f, 0x6d1f, 0x6d1f, 0x0000, 0x0000, 0x9e1f, 0x9e1f, 0x9e1f, 0x9e1f, 0x9e1f, 0x9e1f, 0x9e1f, 0x9e1f, 0x0000, 
	0x0000, 0xffff, 0xffff, 0x0000, 0x0000, 0x9e1f, 0x9e1f, 0x9e1f, 0x9e1f, 0x9e1f, 0x9e1f, 0x9e1f, 0x9e1f, 0x0000, 0x0000, 0x6d1f, 
	0x6d1f, 0x6d1f, 0x6d1f, 0x6d1f, 0x6d1f, 0x6d1f, 0x6d1f, 0x0000, 0x0000, 0x9e1f, 0x9e1f, 0x9e1f, 0x9e1f, 0x9e1f, 0x9e1f, 0x9e1f, 
	0x9e1f, 0x0000, 0x0000, 0x6d1f, 0x6d1f, 0x6d1f, 0x6d1f, 0x6d1f, 0x6d1f, 0x6d1f, 0x6d1f, 0x0000, 0x0000, 0x9e1f, 0x9e1f, 0x9e1f, 
	0x9e1f, 0x9e1f, 0x9e1f, 0x9e1f, 0x9e1f, 0x0000, 0x0000, 0xffff, 0xffff, 0x0000, 0x0000, 0x9e1f, 0x9e1f, 0x9e1f, 0x9e1f, 0x9e1f, 
	0x9e1f, 0x9e1f, 0x9e1f, 0x0000, 0x0000, 0x6d1f, 0x6d1f, 0x6d1f, 0x6d1f, 0x6d1f, 0x6d1f, 0x6d1f, 0x6d1f, 0x0000, 0x0000, 0x9e1f, 
	0x9e1f, 0x9e1f, 0x9e1f, 0x9e1f, 0x9e1f, 0x9e1f, 0x9e1f, 0x0000, 0x0000, 0x6d1f, 0x6d1f, 0x6d1f, 0x6d1f, 0x6d1f, 0x6d1f, 0x6d1f, 
	0x6d1f, 0x0000, 0x0000, 0x9e1f, 0x9e1f, 0x9e1f, 0x9e1f, 0x9e1f, 0x9e1f, 0x9e1f, 0x9e1f, 0x0000, 0x0000, 0xffff, 0xffff, 0x0000, 
	0x0000, 0x0000, 0x0000, 0x0000, 0x0000, 0x0000, 0x0000, 0x0000, 0x0000, 0x0000, 0x0000, 0x0000, 0x0000, 0x0000, 0x0000, 0x0000, 
	0x0000, 0x0000, 0x0000, 0x0000, 0x0000, 0x0000, 0x0000, 0x0000, 0x0000, 0x0000, 0x0000, 0x0000, 0x0000, 0x0000, 0x0000, 0x0000, 
	0x0000, 0x0000, 0x0000, 0x0000, 0x0000, 0x0000, 0x0000, 0x0000, 0x0000, 0x0000, 0x0000, 0x0000, 0x0000, 0x0000, 0x0000, 0x0000, 
	0x0000, 0x0000, 0x0000, 0xffff, 0xffff, 0x0000, 0x0000, 0x0000, 0x0000, 0x0000, 0x0000, 0x0000, 0x0000, 0x0000, 0x0000, 0x0000, 
	0x0000, 0x0000, 0x0000, 0x0000, 0x0000, 0x0000, 0x0000, 0x0000, 0x0000, 0x0000, 0x0000, 0x0000, 0x0000, 0x0000, 0x0000, 0x0000, 
	0x0000, 0x0000, 0x0000, 0x0000, 0x0000, 0x0000, 0x0000, 0x0000, 0x0000, 0x0000, 0x0000, 0x0000, 0x0000, 0x0000, 0x0000, 0x0000, 
	0x0000, 0x0000, 0x0000, 0x0000, 0x0000, 0x0000, 0x0000, 0x0000, 0x0000, 0xffff, 0xffff, 0x0000, 0x0000, 0x6d1f, 0x6d1f, 0x6d1f, 
	0x6d1f, 0x6d1f, 0x6d1f, 0x6d1f, 0x6d1f, 0x0000, 0x0000, 0x9e1f, 0x9e1f, 0x9e1f, 0x9e1f, 0x9e1f, 0x9e1f, 0x9e1f, 0x9e1f, 0x0000, 
	0x0000, 0x6d1f, 0x6d1f, 0x6d1f, 0x6d1f, 0x6d1f, 0x6d1f, 0x6d1f, 0x6d1f, 0x0000, 0x0000, 0x9e1f, 0x9e1f, 0x9e1f, 0x9e1f, 0x9e1f, 
	0x9e1f, 0x9e1f, 0x9e1f, 0x0000, 0x0000, 0x6d1f, 0x6d1f, 0x6d1f, 0x6d1f, 0x6d1f, 0x6d1f, 0x6d1f, 0x6d1f, 0x0000, 0x0000, 0xffff, 
	0xffff, 0x0000, 0x0000, 0x6d1f, 0x6d1f, 0x6d1f, 0x6d1f, 0x6d1f, 0x6d1f, 0x6d1f, 0x6d1f, 0x0000, 0x0000, 0x9e1f, 0x9e1f, 0x9e1f, 
	0x9e1f, 0x9e1f, 0x9e1f, 0x9e1f, 0x9e1f, 0x0000, 0x0000, 0x6d1f, 0x6d1f, 0x6d1f, 0x6d1f, 0x6d1f, 0x6d1f, 0x6d1f, 0x6d1f, 0x0000, 
	0x0000, 0x9e1f, 0x9e1f, 0x9e1f, 0x9e1f, 0x9e1f, 0x9e1f, 0x9e1f, 0x9e1f, 0x0000, 0x0000, 0x6d1f, 0x6d1f, 0x6d1f, 0x6d1f, 0x6d1f, 
	0x6d1f, 0x6d1f, 0x6d1f, 0x0000, 0x0000, 0xffff, 0xffff, 0x0000, 0x0000, 0x6d1f, 0x6d1f, 0x6d1f, 0x6d1f, 0x6d1f, 0x6d1f, 0x6d1f, 
	0x6d1f, 0x0000, 0x0000, 0x9e1f, 0x9e1f, 0x9e1f, 0x9e1f, 0x9e1f, 0x9e1f, 0x9e1f, 0x9e1f, 0x0000, 0x0000, 0x6d1f, 0x6d1f, 0x6d1f, 
	0x6d1f, 0x6d1f, 0x6d1f, 0x6d1f, 0x6d1f, 0x0000, 0x0000, 0x9e1f, 0x9e1f, 0x9e1f, 0x9e1f, 0x9e1f, 0x9e1f, 0x9e1f, 0x9e1f, 0x0000, 
	0x0000, 0x6d1f, 0x6d1f, 0x6d1f, 0x6d1f, 0x6d1f, 0x6d1f, 0x6d1f, 0x6d1f, 0x0000, 0x0000, 0xffff, 0xffff, 0x0000, 0x0000, 0x6d1f, 
	0x6d1f, 0x6d1f, 0x6d1f, 0x6d1f, 0x6d1f, 0x6d1f, 0x6d1f, 0x0000, 0x0000, 0x9e1f, 0x9e1f, 0x9e1f, 0x9e1f, 0x9e1f, 0x9e1f, 0x9e1f, 
	0x9e1f, 0x0000, 0x0000, 0x6d1f, 0x6d1f, 0x6d1f, 0x6d1f, 0x6d1f, 0x6d1f, 0x6d1f, 0x6d1f, 0x0000, 0x0000, 0x9e1f, 0x9e1f, 0x9e1f, 
	0x9e1f, 0x9e1f, 0x9e1f, 0x9e1f, 0x9e1f, 0x0000, 0x0000, 0x6d1f, 0x6d1f, 0x6d1f, 0x6d1f, 0x6d1f, 0x6d1f, 0x6d1f, 0x6d1f, 0x0000, 
	0x0000, 0xffff, 0xffff, 0x0000, 0x0000, 0x6d1f, 0x6d1f, 0x6d1f, 0x6d1f, 0x6d1f, 0x6d1f, 0x6d1f, 0x6d1f, 0x0000, 0x0000, 0x9e1f, 
	0x9e1f, 0x9e1f, 0x9e1f, 0x9e1f, 0x9e1f, 0x9e1f, 0x9e1f, 0x0000, 0x0000, 0x6d1f, 0x6d1f, 0x6d1f, 0x6d1f, 0x6d1f, 0x6d1f, 0x6d1f, 
	0x6d1f, 0x0000, 0x0000, 0x9e1f, 0x9e1f, 0x9e1f, 0x9e1f, 0x9e1f, 0x9e1f, 0x9e1f, 0x9e1f, 0x0000, 0x0000, 0x6d1f, 0x6d1f, 0x6d1f, 
	0x6d1f, 0x6d1f, 0x6d1f, 0x6d1f, 0x6d1f, 0x0000, 0x0000, 0xffff, 0xffff, 0x0000, 0x0000, 0x6d1f, 0x6d1f, 0x6d1f, 0x6d1f, 0x6d1f, 
	0x6d1f, 0x6d1f, 0x6d1f, 0x0000, 0x0000, 0x9e1f, 0x9e1f, 0x9e1f, 0x9e1f, 0x9e1f, 0x9e1f, 0x9e1f, 0x9e1f, 0x0000, 0x0000, 0x6d1f, 
	0x6d1f, 0x6d1f, 0x6d1f, 0x6d1f, 0x6d1f, 0x6d1f, 0x6d1f, 0x0000, 0x0000, 0x9e1f, 0x9e1f, 0x9e1f, 0x9e1f, 0x9e1f, 0x9e1f, 0x9e1f, 
	0x9e1f, 0x0000, 0x0000, 0x6d1f, 0x6d1f, 0x6d1f, 0x6d1f, 0x6d1f, 0x6d1f, 0x6d1f, 0x6d1f, 0x0000, 0x0000, 0xffff, 0xffff, 0x0000, 
	0x0000, 0x6d1f, 0x6d1f, 0x6d1f, 0x6d1f, 0x6d1f, 0x6d1f, 0x6d1f, 0x6d1f, 0x0000, 0x0000, 0x9e1f, 0x9e1f, 0x9e1f, 0x9e1f, 0x9e1f, 
	0x9e1f, 0x9e1f, 0x9e1f, 0x0000, 0x0000, 0x6d1f, 0x6d1f, 0x6d1f, 0x6d1f, 0x6d1f, 0x6d1f, 0x6d1f, 0x6d1f, 0x0000, 0x0000, 0x9e1f, 
	0x9e1f, 0x9e1f, 0x9e1f, 0x9e1f, 0x9e1f, 0x9e1f, 0x9e1f, 0x0000, 0x0000, 0x6d1f, 0x6d1f, 0x6d1f, 0x6d1f, 0x6d1f, 0x6d1f, 0x6d1f, 
	0x6d1f, 0x0000, 0x0000, 0xffff, 0xffff, 0x0000, 0x0000, 0x6d1f, 0x6d1f, 0x6d1f, 0x6d1f, 0x6d1f, 0x6d1f, 0x6d1f, 0x6d1f, 0x0000, 
	0x0000, 0x9e1f, 0x9e1f, 0x9e1f, 0x9e1f, 0x9e1f, 0x9e1f, 0x9e1f, 0x9e1f, 0x0000, 0x0000, 0x6d1f, 0x6d1f, 0x6d1f, 0x6d1f, 0x6d1f, 
	0x6d1f, 0x6d1f, 0x6d1f, 0x0000, 0x0000, 0x9e1f, 0x9e1f, 0x9e1f, 0x9e1f, 0x9e1f, 0x9e1f, 0x9e1f, 0x9e1f, 0x0000, 0x0000, 0x6d1f, 
	0x6d1f, 0x6d1f, 0x6d1f, 0x6d1f, 0x6d1f, 0x6d1f, 0x6d1f, 0x0000, 0x0000, 0xffff, 0xffff, 0x0000, 0x0000, 0x0000, 0x0000, 0x0000, 
	0x0000, 0x0000, 0x0000, 0x0000, 0x0000, 0x0000, 0x0000, 0x0000, 0x0000, 0x0000, 0x0000, 0x0000, 0x0000, 0x0000, 0x0000, 0x0000, 
	0x0000, 0x0000, 0x0000, 0x0000, 0x0000, 0x0000, 0x0000, 0x0000, 0x0000, 0x0000, 0x0000, 0x0000, 0x0000, 0x0000, 0x0000, 0x0000, 
	0x0000, 0x0000, 0x0000, 0x0000, 0x0000, 0x0000, 0x0000, 0x0000, 0x0000, 0x0000, 0x0000, 0x0000, 0x0000, 0x0000, 0x0000, 0xffff, 
	0xffff, 0x0000, 0x0000, 0x0000, 0x0000, 0x0000, 0x0000, 0x0000, 0x0000, 0x0000, 0x0000, 0x0000, 0x0000, 0x0000, 0x0000, 0x0000, 
	0x0000, 0x0000, 0x0000, 0x0000, 0x0000, 0x0000, 0x0000, 0x0000, 0x0000, 0x0000, 0x0000, 0x0000, 0x0000, 0x0000, 0x0000, 0x0000, 
	0x0000, 0x0000, 0x0000, 0x0000, 0x0000, 0x0000, 0x0000, 0x0000, 0x0000, 0x0000, 0x0000, 0x0000, 0x0000, 0x0000, 0x0000, 0x0000, 
	0x0000, 0x0000, 0x0000, 0x0000, 0x0000, 0xffff, 0xffff, 0x0000, 0x0000, 0x9e1f, 0x9e1f, 0x9e1f, 0x9e1f, 0x9e1f, 0x9e1f, 0x9e1f, 
	0x9e1f, 0x0000, 0x0000, 0x6d1f, 0x6d1f, 0x6d1f, 0x6d1f, 0x6d1f, 0x6d1f, 0x6d1f, 0x6d1f, 0x0000, 0x0000, 0x9e1f, 0x9e1f, 0x9e1f, 
	0x9e1f, 0x9e1f, 0x9e1f, 0x9e1f, 0x9e1f, 0x0000, 0x0000, 0x6d1f, 0x6d1f, 0x6d1f, 0x6d1f, 0x6d1f, 0x6d1f, 0x6d1f, 0x6d1f, 0x0000, 
	0x0000, 0x9e1f, 0x9e1f, 0x9e1f, 0x9e1f, 0x9e1f, 0x9e1f, 0x9e1f, 0x9e1f, 0x0000, 0x0000, 0xffff, 0xffff, 0x0000, 0x0000, 0x9e1f, 
	0x9e1f, 0x9e1f, 0x9e1f, 0x9e1f, 0x9e1f, 0x9e1f, 0x9e1f, 0x0000, 0x0000, 0x6d1f, 0x6d1f, 0x6d1f, 0x6d1f, 0x6d1f, 0x6d1f, 0x6d1f, 
	0x6d1f, 0x0000, 0x0000, 0x9e1f, 0x9e1f, 0x9e1f, 0x9e1f, 0x9e1f, 0x9e1f, 0x9e1f, 0x9e1f, 0x0000, 0x0000, 0x6d1f, 0x6d1f, 0x6d1f, 
	0x6d1f, 0x6d1f, 0x6d1f, 0x6d1f, 0x6d1f, 0x0000, 0x0000, 0x9e1f, 0x9e1f, 0x9e1f, 0x9e1f, 0x9e1f, 0x9e1f, 0x9e1f, 0x9e1f, 0x0000, 
	0x0000, 0xffff, 0xffff, 0x0000, 0x0000, 0x9e1f, 0x9e1f, 0x9e1f, 0x9e1f, 0x9e1f, 0x9e1f, 0x9e1f, 0x9e1f, 0x0000, 0x0000, 0x6d1f, 
	0x6d1f, 0x6d1f, 0x6d1f, 0x6d1f, 0x6d1f, 0x6d1f, 0x6d1f, 0x0000, 0x0000, 0x9e1f, 0x9e1f, 0x9e1f, 0x9e1f, 0x9e1f, 0x9e1f, 0x9e1f, 
	0x9e1f, 0x0000, 0x0000, 0x6d1f, 0x6d1f, 0x6d1f, 0x6d1f, 0x6d1f, 0x6d1f, 0x6d1f, 0x6d1f, 0x0000, 0x0000, 0x9e1f, 0x9e1f, 0x9e1f, 
	0x9e1f, 0x9e1f, 0x9e1f, 0x9e1f, 0x9e1f, 0x0000, 0x0000, 0xffff, 0xffff, 0x0000, 0x0000, 0x9e1f, 0x9e1f, 0x9e1f, 0x9e1f, 0x9e1f, 
	0x9e1f, 0x9e1f, 0x9e1f, 0x0000, 0x0000, 0x6d1f, 0x6d1f, 0x6d1f, 0x6d1f, 0x6d1f, 0x6d1f, 0x6d1f, 0x6d1f, 0x0000, 0x0000, 0x9e1f, 
	0x9e1f, 0x9e1f, 0x9e1f, 0x9e1f, 0x9e1f, 0x9e1f, 0x9e1f, 0x0000, 0x0000, 0x6d1f, 0x6d1f, 0x6d1f, 0x6d1f, 0x6d1f, 0x6d1f, 0x6d1f, 
	0x6d1f, 0x0000, 0x0000, 0x9e1f, 0x9e1f, 0x9e1f, 0x9e1f, 0x9e1f, 0x9e1f, 0x9e1f, 0x9e1f, 0x0000, 0x0000, 0xffff, 0xffff, 0x0000, 
	0x0000, 0x9e1f, 0x9e1f, 0x9e1f, 0x9e1f, 0x9e1f, 0x9e1f, 0x9e1f, 0x9e1f, 0x0000, 0x0000, 0x6d1f, 0x6d1f, 0x6d1f, 0x6d1f, 0x6d1f, 
	0x6d1f, 0x6d1f, 0x6d1f, 0x0000, 0x0000, 0x9e1f, 0x9e1f, 0x9e1f, 0x9e1f, 0x9e1f, 0x9e1f, 0x9e1f, 0x9e1f, 0x0000, 0x0000, 0x6d1f, 
	0x6d1f, 0x6d1f, 0x6d1f, 0x6d1f, 0x6d1f, 0x6d1f, 0x6d1f, 0x0000, 0x0000, 0x9e1f, 0x9e1f, 0x9e1f, 0x9e1f, 0x9e1f, 0x9e1f, 0x9e1f, 
	0x9e1f, 0x0000, 0x0000, 0xffff, 0xffff, 0x0000, 0x0000, 0x9e1f, 0x9e1f, 0x9e1f, 0x9e1f, 0x9e1f, 0x9e1f, 0x9e1f, 0x9e1f, 0x0000, 
	0x0000, 0x6d1f, 0x6d1f, 0x6d1f, 0x6d1f, 0x6d1f, 0x6d1f, 0x6d1f, 0x6d1f, 0x0000, 0x0000, 0x9e1f, 0x9e1f, 0x9e1f, 0x9e1f, 0x9e1f, 
	0x9e1f, 0x9e1f, 0x9e1f, 0x0000, 0x0000, 0x6d1f, 0x6d1f, 0x6d1f, 0x6d1f, 0x6d1f, 0x6d1f, 0x6d1f, 0x6d1f, 0x0000, 0x0000, 0x9e1f, 
	0x9e1f, 0x9e1f, 0x9e1f, 0x9e1f, 0x9e1f, 0x9e1f, 0x9e1f, 0x0000, 0x0000, 0xffff, 0xffff, 0x0000, 0x0000, 0x9e1f, 0x9e1f, 0x9e1f, 
	0x9e1f, 0x9e1f, 0x9e1f, 0x9e1f, 0x9e1f, 0x0000, 0x0000, 0x6d1f, 0x6d1f, 0x6d1f, 0x6d1f, 0x6d1f, 0x6d1f, 0x6d1f, 0x6d1f, 0x0000, 
	0x0000, 0x9e1f, 0x9e1f, 0x9e1f, 0x9e1f, 0x9e1f, 0x9e1f, 0x9e1f, 0x9e1f, 0x0000, 0x0000, 0x6d1f, 0x6d1f, 0x6d1f, 0x6d1f, 0x6d1f, 
	0x6d1f, 0x6d1f, 0x6d1f, 0x0000, 0x0000, 0x9e1f, 0x9e1f, 0x9e1f, 0x9e1f, 0x9e1f, 0x9e1f, 0x9e1f, 0x9e1f, 0x0000, 0x0000, 0xffff, 
	0xffff, 0x0000, 0x0000, 0x9e1f, 0x9e1f, 0x9e1f, 0x9e1f, 0x9e1f, 0x9e1f, 0x9e1f, 0x9e1f, 0x0000, 0x0000, 0x6d1f, 0x6d1f, 0x6d1f, 
	0x6d1f, 0x6d1f, 0x6d1f, 0x6d1f, 0x6d1f, 0x0000, 0x0000, 0x9e1f, 0x9e1f, 0x9e1f, 0x9e1f, 0x9e1f, 0x9e1f, 0x9e1f, 0x9e1f, 0x0000, 
	0x0000, 0x6d1f, 0x6d1f, 0x6d1f, 0x6d1f, 0x6d1f, 0x6d1f, 0x6d1f, 0x6d1f, 0x0000, 0x0000, 0x9e1f, 0x9e1f, 0x9e1f, 0x9e1f, 0x9e1f, 
	0x9e1f, 0x9e1f, 0x9e1f, 0x0000, 0x0000, 0xffff, 0xffff, 0x0000, 0x0000, 0x0000, 0x0000, 0x0000, 0x0000, 0x0000, 0x0000, 0x0000, 
	0x0000, 0x0000, 0x0000, 0x0000, 0x0000, 0x0000, 0x0000, 0x0000, 0x0000, 0x0000, 0x0000, 0x0000, 0x0000, 0x0000, 0x0000, 0x0000, 
	0x0000, 0x0000, 0x0000, 0x0000, 0x0000, 0x0000, 0x0000, 0x0000, 0x0000, 0x0000, 0x0000, 0x0000, 0x0000, 0x0000, 0x0000, 0x0000, 
	0x0000, 0x0000, 0x0000, 0x0000, 0x0000, 0x0000, 0x0000, 0x0000, 0x0000, 0x0000, 0x0000, 0xffff, 0xffff, 0x0000, 0x0000, 0x0000, 
	0x0000, 0x0000, 0x0000, 0x0000, 0x0000, 0x0000, 0x0000, 0x0000, 0x0000, 0x0000, 0x0000, 0x0000, 0x0000, 0x0000, 0x0000, 0x0000, 
	0x0000, 0x0000, 0x0000, 0x0000, 0x0000, 0x0000, 0x0000, 0x0000, 0x0000, 0x0000, 0x0000, 0x0000, 0x0000, 0x0000, 0x0000, 0x0000, 
	0x0000, 0x0000, 0x0000, 0x0000, 0x0000, 0x0000, 0x0000, 0x0000, 0x0000, 0x0000, 0x0000, 0x0000, 0x0000, 0x0000, 0x0000, 0x0000, 
	0x0000, 0xffff, 0xffff, 0x0000, 0x0000, 0x6d1f, 0x6d1f, 0x6d1f, 0x6d1f, 0x6d1f, 0x6d1f, 0x6d1f, 0x6d1f, 0x0000, 0x0000, 0x9e1f, 
	0x9e1f, 0x9e1f, 0x9e1f, 0x9e1f, 0x9e1f, 0x9e1f, 0x9e1f, 0x0000, 0x0000, 0x6d1f, 0x6d1f, 0x6d1f, 0x6d1f, 0x6d1f, 0x6d1f, 0x6d1f, 
	0x6d1f, 0x0000, 0x0000, 0x9e1f, 0x9e1f, 0x9e1f, 0x9e1f, 0x9e1f, 0x9e1f, 0x9e1f, 0x9e1f, 0x0000, 0x0000, 0x6d1f, 0x6d1f, 0x6d1f, 
	0x6d1f, 0x6d1f, 0x6d1f, 0x6d1f, 0x6d1f, 0x0000, 0x0000, 0xffff, 0xffff, 0x0000, 0x0000, 0x6d1f, 0x6d1f, 0x6d1f, 0x6d1f, 0x6d1f, 
	0x6d1f, 0x6d1f, 0x6d1f, 0x0000, 0x0000, 0x9e1f, 0x9e1f, 0x9e1f, 0x9e1f, 0x9e1f, 0x9e1f, 0x9e1f, 0x9e1f, 0x0000, 0x0000, 0x6d1f, 
	0x6d1f, 0x6d1f, 0x6d1f, 0x6d1f, 0x6d1f, 0x6d1f, 0x6d1f, 0x0000, 0x0000, 0x9e1f, 0x9e1f, 0x9e1f, 0x9e1f, 0x9e1f, 0x9e1f, 0x9e1f, 
	0x9e1f, 0x0000, 0x0000, 0x6d1f, 0x6d1f, 0x6d1f, 0x6d1f, 0x6d1f, 0x6d1f, 0x6d1f, 0x6d1f, 0x0000, 0x0000, 0xffff, 0xffff, 0x0000, 
	0x0000, 0x6d1f, 0x6d1f, 0x6d1f, 0x6d1f, 0x6d1f, 0x6d1f, 0x6d1f, 0x6d1f, 0x0000, 0x0000, 0x9e1f, 0x9e1f, 0x9e1f, 0x9e1f, 0x9e1f, 
	0x9e1f, 0x9e1f, 0x9e1f, 0x0000, 0x0000, 0x6d1f, 0x6d1f, 0x6d1f, 0x6d1f, 0x6d1f, 0x6d1f, 0x6d1f, 0x6d1f, 0x0000, 0x0000, 0x9e1f, 
	0x9e1f, 0x9e1f, 0x9e1f, 0x9e1f, 0x9e1f, 0x9e1f, 0x9e1f, 0x0000, 0x0000, 0x6d1f, 0x6d1f, 0x6d1f, 0x6d1f, 0x6d1f, 0x6d1f, 0x6d1f, 
	0x6d1f, 0x0000, 0x0000, 0xffff, 0xffff, 0x0000, 0x0000, 0x6d1f, 0x6d1f, 0x6d1f, 0x6d1f, 0x6d1f, 0x6d1f, 0x6d1f, 0x6d1f, 0x0000, 
	0x0000, 0x9e1f, 0x9e1f, 0x9e1f, 0x9e1f, 0x9e1f, 0x9e1f, 0x9e1f, 0x9e1f, 0x0000, 0x0000, 0x6d1f, 0x6d1f, 0x6d1f, 0x6d1f, 0x6d1f, 
	0x6d1f, 0x6d1f, 0x6d1f, 0x0000, 0x0000, 0x9e1f, 0x9e1f, 0x9e1f, 0x9e1f, 0x9e1f, 0x9e1f, 0x9e1f, 0x9e1f, 0x0000, 0x0000, 0x6d1f, 
	0x6d1f, 0x6d1f, 0x6d1f, 0x6d1f, 0x6d1f, 0x6d1f, 0x6d1f, 0x0000, 0x0000, 0xffff, 0xffff, 0x0000, 0x0000, 0x6d1f, 0x6d1f, 0x6d1f, 
	0x6d1f, 0x6d1f, 0x6d1f, 0x6d1f, 0x6d1f, 0x0000, 0x0000, 0x9e1f, 0x9e1f, 0x9e1f, 0x9e1f, 0x9e1f, 0x9e1f, 0x9e1f, 0x9e1f, 0x0000, 
	0x0000, 0x6d1f, 0x6d1f, 0x6d1f, 0x6d1f, 0x6d1f, 0x6d1f, 0x6d1f, 0x6d1f, 0x0000, 0x0000, 0x9e1f, 0x9e1f, 0x9e1f, 0x9e1f, 0x9e1f, 
	0x9e1f, 0x9e1f, 0x9e1f, 0x0000, 0x0000, 0x6d1f, 0x6d1f, 0x6d1f, 0x6d1f, 0x6d1f, 0x6d1f, 0x6d1f, 0x6d1f, 0x0000, 0x0000, 0xffff, 
	0xffff, 0x0000, 0x0000, 0x6d1f, 0x6d1f, 0x6d1f, 0x6d1f, 0x6d1f, 0x6d1f, 0x6d1f, 0x6d1f, 0x0000, 0x0000, 0x9e1f, 0x9e1f, 0x9e1f, 
	0x9e1f, 0x9e1f, 0x9e1f, 0x9e1f, 0x9e1f, 0x0000, 0x0000, 0x6d1f, 0x6d1f, 0x6d1f, 0x6d1f, 0x6d1f, 0x6d1f, 0x6d1f, 0x6d1f, 0x0000, 
	0x0000, 0x9e1f, 0x9e1f, 0x9e1f, 0x9e1f, 0x9e1f, 0x9e1f, 0x9e1f, 0x9e1f, 0x0000, 0x0000, 0x6d1f, 0x6d1f, 0x6d1f, 0x6d1f, 0x6d1f, 
	0x6d1f, 0x6d1f, 0x6d1f, 0x0000, 0x0000, 0xffff, 0xffff, 0x0000, 0x0000, 0x6d1f, 0x6d1f, 0x6d1f, 0x6d1f, 0x6d1f, 0x6d1f, 0x6d1f, 
	0x6d1f, 0x0000, 0x0000, 0x9e1f, 0x9e1f, 0x9e1f, 0x9e1f, 0x9e1f, 0x9e1f, 0x9e1f, 0x9e1f, 0x0000, 0x0000, 0x6d1f, 0x6d1f, 0x6d1f, 
	0x6d1f, 0x6d1f, 0x6d1f, 0x6d1f, 0x6d1f, 0x0000, 0x0000, 0x9e1f, 0x9e1f, 0x9e1f, 0x9e1f, 0x9e1f, 0x9e1f, 0x9e1f, 0x9e1f, 0x0000, 
	0x0000, 0x6d1f, 0x6d1f, 0x6d1f, 0x6d1f, 0x6d1f, 0x6d1f, 0x6d1f, 0x6d1f, 0x0000, 0x0000, 0xffff, 0xffff, 0x0000, 0x0000, 0x6d1f, 
	0x6d1f, 0x6d1f, 0x6d1f, 0x6d1f, 0x6d1f, 0x6d1f, 0x6d1f, 0x0000, 0x0000, 0x9e1f, 0x9e1f, 0x9e1f, 0x9e1f, 0x9e1f, 0x9e1f, 0x9e1f, 
	0x9e1f, 0x0000, 0x0000, 0x6d1f, 0x6d1f, 0x6d1f, 0x6d1f, 0x6d1f, 0x6d1f, 0x6d1f, 0x6d1f, 0x0000, 0x0000, 0x9e1f, 0x9e1f, 0x9e1f, 
	0x9e1f, 0x9e1f, 0x9e1f, 0x9e1f, 0x9e1f, 0x0000, 0x0000, 0x6d1f, 0x6d1f, 0x6d1f, 0x6d1f, 0x6d1f, 0x6d1f, 0x6d1f, 0x6d1f, 0x0000, 
	0x0000, 0xffff, 0xffff, 0x0000, 0x0000, 0x0000, 0x0000, 0x0000, 0x0000, 0x0000, 0x0000, 0x0000, 0x0000, 0x0000, 0x0000, 0x0000, 
	0x0000, 0x0000, 0x0000, 0x0000, 0x0000, 0x0000, 0x0000, 0x0000, 0x0000, 0x0000, 0x0000, 0x0000, 0x0000, 0x0000, 0x0000, 0x0000, 
	0x0000, 0x0000, 0x0000, 0x0000, 0x0000, 0x0000, 0x0000, 0x0000, 0x0000, 0x0000, 0x0000, 0x0000, 0x0000, 0x0000, 0x0000, 0x0000, 
	0x0000, 0x0000, 0x0000, 0x0000, 0x0000, 0x0000, 0x0000, 0xffff, 0xffff, 0x0000, 0x0000, 0x0000, 0x0000, 0x0000, 0x0000, 0x0000, 
	0x0000, 0x0000, 0x0000, 0x0000, 0x0000, 0x0000, 0x0000, 0x0000, 0x0000, 0x0000, 0x0000, 0x0000, 0x0000, 0x0000, 0x0000, 0x0000, 
	0x0000, 0x0000, 0x0000, 0x0000, 0x0000, 0x0000, 0x0000, 0x0000, 0x0000, 0x0000, 0x0000, 0x0000, 0x0000, 0x0000, 0x0000, 0x0000, 
	0x0000, 0x0000, 0x0000, 0x0000, 0x0000, 0x0000, 0x0000, 0x0000, 0x0000, 0x0000, 0x0000, 0x0000, 0x0000, 0xffff, 0xffff, 0xffff, 
	0xffff, 0xffff, 0xffff, 0xffff, 0xffff, 0xffff, 0xffff, 0xffff, 0xffff, 0xffff, 0xffff, 0xffff, 0xffff, 0xffff, 0xffff, 0xffff, 
	0xffff, 0xffff, 0xffff, 0xffff, 0xffff, 0xffff, 0xffff, 0xffff, 0xffff, 0xffff, 0xffff, 0xffff, 0xffff, 0xffff, 0xffff, 0xffff, 
	0xffff, 0xffff, 0xffff, 0xffff, 0xffff, 0xffff, 0xffff, 0xffff, 0xffff, 0xffff, 0xffff, 0xffff, 0xffff, 0xffff, 0xffff, 0xffff, 
	0xffff, 0xffff, 0xffff, 0xffff
};

const uint16_t sixbuttonD[] PROGMEM = {
	0xffff, 0xffff, 0xffff, 0xffff, 0xffff, 0xffff, 0xffff, 0xffff, 0xffff, 0xffff, 0xffff, 0xffff, 0xffff, 0xffff, 0xffff, 0xffff, 
	0xffff, 0xffff, 0xffff, 0xffff, 0xffff, 0xffff, 0xffff, 0xffff, 0xffff, 0xffff, 0xffff, 0xffff, 0xffff, 0xffff, 0xffff, 0xffff, 
	0xffff, 0xffff, 0xffff, 0xffff, 0xffff, 0xffff, 0xffff, 0xffff, 0xffff, 0xffff, 0xffff, 0xffff, 0xffff, 0xffff, 0xffff, 0xffff, 
	0xffff, 0xffff, 0xffff, 0xffff, 0xffff, 0xffff, 0xffff, 0x0000, 0x0000, 0x0000, 0x0000, 0x0000, 0x0000, 0x0000, 0x0000, 0x0000, 
	0x0000, 0x0000, 0x0000, 0x0000, 0x0000, 0x0000, 0x0000, 0x0000, 0x0000, 0x0000, 0x0000, 0x0000, 0x0000, 0x0000, 0x0000, 0x0000, 
	0x0000, 0x0000, 0x0000, 0x0000, 0x0000, 0x0000, 0x0000, 0x0000, 0x0000, 0x0000, 0x0000, 0x0000, 0x0000, 0x0000, 0x0000, 0x0000, 
	0x0000, 0x0000, 0x0000, 0x0000, 0x0000, 0x0000, 0x0000, 0x0000, 0x0000, 0x0000, 0x0000, 0xffff, 0xffff, 0x0000, 0x0000, 0x0000, 
	0x0000, 0x0000, 0x0000, 0x0000, 0x0000, 0x0000, 0x0000, 0x0000, 0x0000, 0x0000, 0x0000, 0x0000, 0x0000, 0x0000, 0x0000, 0x0000, 
	0x0000, 0x0000, 0x0000, 0x0000, 0x0000, 0x0000, 0x0000, 0x0000, 0x0000, 0x0000, 0x0000, 0x0000, 0x0000, 0x0000, 0x0000, 0x0000, 
	0x0000, 0x0000, 0x0000, 0x0000, 0x0000, 0x0000, 0x0000, 0x0000, 0x0000, 0x0000, 0x0000, 0x0000, 0x0000, 0x0000, 0x0000, 0x0000, 
	0x0000, 0xffff, 0xffff, 0x0000, 0x0000, 0x0000, 0x0000, 0x0000, 0x0000, 0x0000, 0x0000, 0x0000, 0x0000, 0x0000, 0x0000, 0x0000, 
	0x0000, 0x0000, 0x0000, 0x0000, 0x0000, 0x0000, 0x0000, 0x0000, 0x0000, 0x0000, 0x0000, 0x0000, 0x0000, 0x0000, 0x0000, 0x0000, 
	0x0000, 0x0000, 0x0000, 0x0000, 0x0000, 0x0000, 0x0000, 0x0000, 0x0000, 0x0000, 0x0000, 0x0000, 0x0000, 0x0000, 0x0000, 0x0000, 
	0x0000, 0x0000, 0x0000, 0x0000, 0x0000, 0x0000, 0x0000, 0xffff, 0xffff, 0x0000, 0x0000, 0x0000, 0x6d1f, 0x6d1f, 0x6d1f, 0x6d1f, 
	0x6d1f, 0x6d1f, 0x0000, 0x0000, 0x9e1f, 0x9e1f, 0x9e1f, 0x9e1f, 0x9e1f, 0x9e1f, 0x0000, 0x0000, 0x6d1f, 0x6d1f, 0x6d1f, 0x6d1f, 
	0x6d1f, 0x6d1f, 0x0000, 0x0000, 0x9e1f, 0x9e1f, 0x9e1f, 0x9e1f, 0x9e1f, 0x9e1f, 0x0000, 0x0000, 0x6d1f, 0x6d1f, 0x6d1f, 0x6d1f, 
	0x6d1f, 0x6d1f, 0x0000, 0x0000, 0x9e1f, 0x9e1f, 0x9e1f, 0x9e1f, 0x9e1f, 0x9e1f, 0x0000, 0x0000, 0x0000, 0xffff, 0xffff, 0x0000, 
	0x0000, 0x0000, 0x6d1f, 0x6d1f, 0x6d1f, 0x6d1f, 0x6d1f, 0x6d1f, 0x0000, 0x0000, 0x9e1f, 0x9e1f, 0x9e1f, 0x9e1f, 0x9e1f, 0x9e1f, 
	0x0000, 0x0000, 0x6d1f, 0x6d1f, 0x6d1f, 0x6d1f, 0x6d1f, 0x6d1f, 0x0000, 0x0000, 0x9e1f, 0x9e1f, 0x9e1f, 0x9e1f, 0x9e1f, 0x9e1f, 
	0x0000, 0x0000, 0x6d1f, 0x6d1f, 0x6d1f, 0x6d1f, 0x6d1f, 0x6d1f, 0x0000, 0x0000, 0x9e1f, 0x9e1f, 0x9e1f, 0x9e1f, 0x9e1f, 0x9e1f, 
	0x0000, 0x0000, 0x0000, 0xffff, 0xffff, 0x0000, 0x0000, 0x0000, 0x6d1f, 0x6d1f, 0x6d1f, 0x6d1f, 0x6d1f, 0x6d1f, 0x0000, 0x0000, 
	0x9e1f, 0x9e1f, 0x9e1f, 0x9e1f, 0x9e1f, 0x9e1f, 0x0000, 0x0000, 0x6d1f, 0x6d1f, 0x6d1f, 0x6d1f, 0x6d1f, 0x6d1f, 0x0000, 0x0000, 
	0x9e1f, 0x9e1f, 0x9e1f, 0x9e1f, 0x9e1f, 0x9e1f, 0x0000, 0x0000, 0x6d1f, 0x6d1f, 0x6d1f, 0x6d1f, 0x6d1f, 0x6d1f, 0x0000, 0x0000, 
	0x9e1f, 0x9e1f, 0x9e1f, 0x9e1f, 0x9e1f, 0x9e1f, 0x0000, 0x0000, 0x0000, 0xffff, 0xffff, 0x0000, 0x0000, 0x0000, 0x6d1f, 0x6d1f, 
	0x6d1f, 0x6d1f, 0x6d1f, 0x6d1f, 0x0000, 0x0000, 0x9e1f, 0x9e1f, 0x9e1f, 0x9e1f, 0x9e1f, 0x9e1f, 0x0000, 0x0000, 0x6d1f, 0x6d1f, 
	0x6d1f, 0x6d1f, 0x6d1f, 0x6d1f, 0x0000, 0x0000, 0x9e1f, 0x9e1f, 0x9e1f, 0x9e1f, 0x9e1f, 0x9e1f, 0x0000, 0x0000, 0x6d1f, 0x6d1f, 
	0x6d1f, 0x6d1f, 0x6d1f, 0x6d1f, 0x0000, 0x0000, 0x9e1f, 0x9e1f, 0x9e1f, 0x9e1f, 0x9e1f, 0x9e1f, 0x0000, 0x0000, 0x0000, 0xffff, 
	0xffff, 0x0000, 0x0000, 0x0000, 0x6d1f, 0x6d1f, 0x6d1f, 0x6d1f, 0x6d1f, 0x6d1f, 0x0000, 0x0000, 0x9e1f, 0x9e1f, 0x9e1f, 0x9e1f, 
	0x9e1f, 0x9e1f, 0x0000, 0x0000, 0x6d1f, 0x6d1f, 0x6d1f, 0x6d1f, 0x6d1f, 0x6d1f, 0x0000, 0x0000, 0x9e1f, 0x9e1f, 0x9e1f, 0x9e1f, 
	0x9e1f, 0x9e1f, 0x0000, 0x0000, 0x6d1f, 0x6d1f, 0x6d1f, 0x6d1f, 0x6d1f, 0x6d1f, 0x0000, 0x0000, 0x9e1f, 0x9e1f, 0x9e1f, 0x9e1f, 
	0x9e1f, 0x9e1f, 0x0000, 0x0000, 0x0000, 0xffff, 0xffff, 0x0000, 0x0000, 0x0000, 0x6d1f, 0x6d1f, 0x6d1f, 0x6d1f, 0x6d1f, 0x6d1f, 
	0x0000, 0x0000, 0x9e1f, 0x9e1f, 0x9e1f, 0x9e1f, 0x9e1f, 0x9e1f, 0x0000, 0x0000, 0x6d1f, 0x6d1f, 0x6d1f, 0x6d1f, 0x6d1f, 0x6d1f, 
	0x0000, 0x0000, 0x9e1f, 0x9e1f, 0x9e1f, 0x9e1f, 0x9e1f, 0x9e1f, 0x0000, 0x0000, 0x6d1f, 0x6d1f, 0x6d1f, 0x6d1f, 0x6d1f, 0x6d1f, 
	0x0000, 0x0000, 0x9e1f, 0x9e1f, 0x9e1f, 0x9e1f, 0x9e1f, 0x9e1f, 0x0000, 0x0000, 0x0000, 0xffff, 0xffff, 0x0000, 0x0000, 0x0000, 
	0x0000, 0x0000, 0x0000, 0x0000, 0x0000, 0x0000, 0x0000, 0x0000, 0x0000, 0x0000, 0x0000, 0x0000, 0x0000, 0x0000, 0x0000, 0x0000, 
	0x0000, 0x0000, 0x0000, 0x0000, 0x0000, 0x0000, 0x0000, 0x0000, 0x0000, 0x0000, 0x0000, 0x0000, 0x0000, 0x0000, 0x0000, 0x0000, 
	0x0000, 0x0000, 0x0000, 0x0000, 0x0000, 0x0000, 0x0000, 0x0000, 0x0000, 0x0000, 0x0000, 0x0000, 0x0000, 0x0000, 0x0000, 0x0000, 
	0x0000, 0xffff, 0xffff, 0x0000, 0x0000, 0x0000, 0x0000, 0x0000, 0x0000, 0x0000, 0x0000, 0x0000, 0x0000, 0x0000, 0x0000, 0x0000, 
	0x0000, 0x0000, 0x0000, 0x0000, 0x0000, 0x0000, 0x0000, 0x0000, 0x0000, 0x0000, 0x0000, 0x0000, 0x0000, 0x0000, 0x0000, 0x0000, 
	0x0000, 0x0000, 0x0000, 0x0000, 0x0000, 0x0000, 0x0000, 0x0000, 0x0000, 0x0000, 0x0000, 0x0000, 0x0000, 0x0000, 0x0000, 0x0000, 
	0x0000, 0x0000, 0x0000, 0x0000, 0x0000, 0x0000, 0x0000, 0xffff, 0xffff, 0x0000, 0x0000, 0x0000, 0x9e1f, 0x9e1f, 0x9e1f, 0x9e1f, 
	0x9e1f, 0x9e1f, 0x0000, 0x0000, 0x6d1f, 0x6d1f, 0x6d1f, 0x6d1f, 0x6d1f, 0x6d1f, 0x0000, 0x0000, 0x9e1f, 0x9e1f, 0x9e1f, 0x9e1f, 
	0x9e1f, 0x9e1f, 0x0000, 0x0000, 0x6d1f, 0x6d1f, 0x6d1f, 0x6d1f, 0x6d1f, 0x6d1f, 0x0000, 0x0000, 0x9e1f, 0x9e1f, 0x9e1f, 0x9e1f, 
	0x9e1f, 0x9e1f, 0x0000, 0x0000, 0x6d1f, 0x6d1f, 0x6d1f, 0x6d1f, 0x6d1f, 0x6d1f, 0x0000, 0x0000, 0x0000, 0xffff, 0xffff, 0x0000, 
	0x0000, 0x0000, 0x9e1f, 0x9e1f, 0x9e1f, 0x9e1f, 0x9e1f, 0x9e1f, 0x0000, 0x0000, 0x6d1f, 0x6d1f, 0x6d1f, 0x6d1f, 0x6d1f, 0x6d1f, 
	0x0000, 0x0000, 0x9e1f, 0x9e1f, 0x9e1f, 0x9e1f, 0x9e1f, 0x9e1f, 0x0000, 0x0000, 0x6d1f, 0x6d1f, 0x6d1f, 0x6d1f, 0x6d1f, 0x6d1f, 
	0x0000, 0x0000, 0x9e1f, 0x9e1f, 0x9e1f, 0x9e1f, 0x9e1f, 0x9e1f, 0x0000, 0x0000, 0x6d1f, 0x6d1f, 0x6d1f, 0x6d1f, 0x6d1f, 0x6d1f, 
	0x0000, 0x0000, 0x0000, 0xffff, 0xffff, 0x0000, 0x0000, 0x0000, 0x9e1f, 0x9e1f, 0x9e1f, 0x9e1f, 0x9e1f, 0x9e1f, 0x0000, 0x0000, 
	0x6d1f, 0x6d1f, 0x6d1f, 0x6d1f, 0x6d1f, 0x6d1f, 0x0000, 0x0000, 0x9e1f, 0x9e1f, 0x9e1f, 0x9e1f, 0x9e1f, 0x9e1f, 0x0000, 0x0000, 
	0x6d1f, 0x6d1f, 0x6d1f, 0x6d1f, 0x6d1f, 0x6d1f, 0x0000, 0x0000, 0x9e1f, 0x9e1f, 0x9e1f, 0x9e1f, 0x9e1f, 0x9e1f, 0x0000, 0x0000, 
	0x6d1f, 0x6d1f, 0x6d1f, 0x6d1f, 0x6d1f, 0x6d1f, 0x0000, 0x0000, 0x0000, 0xffff, 0xffff, 0x0000, 0x0000, 0x0000, 0x9e1f, 0x9e1f, 
	0x9e1f, 0x9e1f, 0x9e1f, 0x9e1f, 0x0000, 0x0000, 0x6d1f, 0x6d1f, 0x6d1f, 0x6d1f, 0x6d1f, 0x6d1f, 0x0000, 0x0000, 0x9e1f, 0x9e1f, 
	0x9e1f, 0x9e1f, 0x9e1f, 0x9e1f, 0x0000, 0x0000, 0x6d1f, 0x6d1f, 0x6d1f, 0x6d1f, 0x6d1f, 0x6d1f, 0x0000, 0x0000, 0x9e1f, 0x9e1f, 
	0x9e1f, 0x9e1f, 0x9e1f, 0x9e1f, 0x0000, 0x0000, 0x6d1f, 0x6d1f, 0x6d1f, 0x6d1f, 0x6d1f, 0x6d1f, 0x0000, 0x0000, 0x0000, 0xffff, 
	0xffff, 0x0000, 0x0000, 0x0000, 0x9e1f, 0x9e1f, 0x9e1f, 0x9e1f, 0x9e1f, 0x9e1f, 0x0000, 0x0000, 0x6d1f, 0x6d1f, 0x6d1f, 0x6d1f, 
	0x6d1f, 0x6d1f, 0x0000, 0x0000, 0x9e1f, 0x9e1f, 0x9e1f, 0x9e1f, 0x9e1f, 0x9e1f, 0x0000, 0x0000, 0x6d1f, 0x6d1f, 0x6d1f, 0x6d1f, 
	0x6d1f, 0x6d1f, 0x0000, 0x0000, 0x9e1f, 0x9e1f, 0x9e1f, 0x9e1f, 0x9e1f, 0x9e1f, 0x0000, 0x0000, 0x6d1f, 0x6d1f, 0x6d1f, 0x6d1f, 
	0x6d1f, 0x6d1f, 0x0000, 0x0000, 0x0000, 0xffff, 0xffff, 0x0000, 0x0000, 0x0000, 0x9e1f, 0x9e1f, 0x9e1f, 0x9e1f, 0x9e1f, 0x9e1f, 
	0x0000, 0x0000, 0x6d1f, 0x6d1f, 0x6d1f, 0x6d1f, 0x6d1f, 0x6d1f, 0x0000, 0x0000, 0x9e1f, 0x9e1f, 0x9e1f, 0x9e1f, 0x9e1f, 0x9e1f, 
	0x0000, 0x0000, 0x6d1f, 0x6d1f, 0x6d1f, 0x6d1f, 0x6d1f, 0x6d1f, 0x0000, 0x0000, 0x9e1f, 0x9e1f, 0x9e1f, 0x9e1f, 0x9e1f, 0x9e1f, 
	0x0000, 0x0000, 0x6d1f, 0x6d1f, 0x6d1f, 0x6d1f, 0x6d1f, 0x6d1f, 0x0000, 0x0000, 0x0000, 0xffff, 0xffff, 0x0000, 0x0000, 0x0000, 
	0x0000, 0x0000, 0x0000, 0x0000, 0x0000, 0x0000, 0x0000, 0x0000, 0x0000, 0x0000, 0x0000, 0x0000, 0x0000, 0x0000, 0x0000, 0x0000, 
	0x0000, 0x0000, 0x0000, 0x0000, 0x0000, 0x0000, 0x0000, 0x0000, 0x0000, 0x0000, 0x0000, 0x0000, 0x0000, 0x0000, 0x0000, 0x0000, 
	0x0000, 0x0000, 0x0000, 0x0000, 0x0000, 0x0000, 0x0000, 0x0000, 0x0000, 0x0000, 0x0000, 0x0000, 0x0000, 0x0000, 0x0000, 0x0000, 
	0x0000, 0xffff, 0xffff, 0x0000, 0x0000, 0x0000, 0x0000, 0x0000, 0x0000, 0x0000, 0x0000, 0x0000, 0x0000, 0x0000, 0x0000, 0x0000, 
	0x0000, 0x0000, 0x0000, 0x0000, 0x0000, 0x0000, 0x0000, 0x0000, 0x0000, 0x0000, 0x0000, 0x0000, 0x0000, 0x0000, 0x0000, 0x0000, 
	0x0000, 0x0000, 0x0000, 0x0000, 0x0000, 0x0000, 0x0000, 0x0000, 0x0000, 0x0000, 0x0000, 0x0000, 0x0000, 0x0000, 0x0000, 0x0000, 
	0x0000, 0x0000, 0x0000, 0x0000, 0x0000, 0x0000, 0x0000, 0xffff, 0xffff, 0x0000, 0x0000, 0x0000, 0x6d1f, 0x6d1f, 0x6d1f, 0x6d1f, 
	0x6d1f, 0x6d1f, 0x0000, 0x0000, 0x9e1f, 0x9e1f, 0x9e1f, 0x9e1f, 0x9e1f, 0x9e1f, 0x0000, 0x0000, 0x6d1f, 0x6d1f, 0x6d1f, 0x6d1f, 
	0x6d1f, 0x6d1f, 0x0000, 0x0000, 0x9e1f, 0x9e1f, 0x9e1f, 0x9e1f, 0x9e1f, 0x9e1f, 0x0000, 0x0000, 0x6d1f, 0x6d1f, 0x6d1f, 0x6d1f, 
	0x6d1f, 0x6d1f, 0x0000, 0x0000, 0x9e1f, 0x9e1f, 0x9e1f, 0x9e1f, 0x9e1f, 0x9e1f, 0x0000, 0x0000, 0x0000, 0xffff, 0xffff, 0x0000, 
	0x0000, 0x0000, 0x6d1f, 0x6d1f, 0x6d1f, 0x6d1f, 0x6d1f, 0x6d1f, 0x0000, 0x0000, 0x9e1f, 0x9e1f, 0x9e1f, 0x9e1f, 0x9e1f, 0x9e1f, 
	0x0000, 0x0000, 0x6d1f, 0x6d1f, 0x6d1f, 0x6d1f, 0x6d1f, 0x6d1f, 0x0000, 0x0000, 0x9e1f, 0x9e1f, 0x9e1f, 0x9e1f, 0x9e1f, 0x9e1f, 
	0x0000, 0x0000, 0x6d1f, 0x6d1f, 0x6d1f, 0x6d1f, 0x6d1f, 0x6d1f, 0x0000, 0x0000, 0x9e1f, 0x9e1f, 0x9e1f, 0x9e1f, 0x9e1f, 0x9e1f, 
	0x0000, 0x0000, 0x0000, 0xffff, 0xffff, 0x0000, 0x0000, 0x0000, 0x6d1f, 0x6d1f, 0x6d1f, 0x6d1f, 0x6d1f, 0x6d1f, 0x0000, 0x0000, 
	0x9e1f, 0x9e1f, 0x9e1f, 0x9e1f, 0x9e1f, 0x9e1f, 0x0000, 0x0000, 0x6d1f, 0x6d1f, 0x6d1f, 0x6d1f, 0x6d1f, 0x6d1f, 0x0000, 0x0000, 
	0x9e1f, 0x9e1f, 0x9e1f, 0x9e1f, 0x9e1f, 0x9e1f, 0x0000, 0x0000, 0x6d1f, 0x6d1f, 0x6d1f, 0x6d1f, 0x6d1f, 0x6d1f, 0x0000, 0x0000, 
	0x9e1f, 0x9e1f, 0x9e1f, 0x9e1f, 0x9e1f, 0x9e1f, 0x0000, 0x0000, 0x0000, 0xffff, 0xffff, 0x0000, 0x0000, 0x0000, 0x6d1f, 0x6d1f, 
	0x6d1f, 0x6d1f, 0x6d1f, 0x6d1f, 0x0000, 0x0000, 0x9e1f, 0x9e1f, 0x9e1f, 0x9e1f, 0x9e1f, 0x9e1f, 0x0000, 0x0000, 0x6d1f, 0x6d1f, 
	0x6d1f, 0x6d1f, 0x6d1f, 0x6d1f, 0x0000, 0x0000, 0x9e1f, 0x9e1f, 0x9e1f, 0x9e1f, 0x9e1f, 0x9e1f, 0x0000, 0x0000, 0x6d1f, 0x6d1f, 
	0x6d1f, 0x6d1f, 0x6d1f, 0x6d1f, 0x0000, 0x0000, 0x9e1f, 0x9e1f, 0x9e1f, 0x9e1f, 0x9e1f, 0x9e1f, 0x0000, 0x0000, 0x0000, 0xffff, 
	0xffff, 0x0000, 0x0000, 0x0000, 0x6d1f, 0x6d1f, 0x6d1f, 0x6d1f, 0x6d1f, 0x6d1f, 0x0000, 0x0000, 0x9e1f, 0x9e1f, 0x9e1f, 0x9e1f, 
	0x9e1f, 0x9e1f, 0x0000, 0x0000, 0x6d1f, 0x6d1f, 0x6d1f, 0x6d1f, 0x6d1f, 0x6d1f, 0x0000, 0x0000, 0x9e1f, 0x9e1f, 0x9e1f, 0x9e1f, 
	0x9e1f, 0x9e1f, 0x0000, 0x0000, 0x6d1f, 0x6d1f, 0x6d1f, 0x6d1f, 0x6d1f, 0x6d1f, 0x0000, 0x0000, 0x9e1f, 0x9e1f, 0x9e1f, 0x9e1f, 
	0x9e1f, 0x9e1f, 0x0000, 0x0000, 0x0000, 0xffff, 0xffff, 0x0000, 0x0000, 0x0000, 0x6d1f, 0x6d1f, 0x6d1f, 0x6d1f, 0x6d1f, 0x6d1f, 
	0x0000, 0x0000, 0x9e1f, 0x9e1f, 0x9e1f, 0x9e1f, 0x9e1f, 0x9e1f, 0x0000, 0x0000, 0x6d1f, 0x6d1f, 0x6d1f, 0x6d1f, 0x6d1f, 0x6d1f, 
	0x0000, 0x0000, 0x9e1f, 0x9e1f, 0x9e1f, 0x9e1f, 0x9e1f, 0x9e1f, 0x0000, 0x0000, 0x6d1f, 0x6d1f, 0x6d1f, 0x6d1f, 0x6d1f, 0x6d1f, 
	0x0000, 0x0000, 0x9e1f, 0x9e1f, 0x9e1f, 0x9e1f, 0x9e1f, 0x9e1f, 0x0000, 0x0000, 0x0000, 0xffff, 0xffff, 0x0000, 0x0000, 0x0000, 
	0x0000, 0x0000, 0x0000, 0x0000, 0x0000, 0x0000, 0x0000, 0x0000, 0x0000, 0x0000, 0x0000, 0x0000, 0x0000, 0x0000, 0x0000, 0x0000, 
	0x0000, 0x0000, 0x0000, 0x0000, 0x0000, 0x0000, 0x0000, 0x0000, 0x0000, 0x0000, 0x0000, 0x0000, 0x0000, 0x0000, 0x0000, 0x0000, 
	0x0000, 0x0000, 0x0000, 0x0000, 0x0000, 0x0000, 0x0000, 0x0000, 0x0000, 0x0000, 0x0000, 0x0000, 0x0000, 0x0000, 0x0000, 0x0000, 
	0x0000, 0xffff, 0xffff, 0x0000, 0x0000, 0x0000, 0x0000, 0x0000, 0x0000, 0x0000, 0x0000, 0x0000, 0x0000, 0x0000, 0x0000, 0x0000, 
	0x0000, 0x0000, 0x0000, 0x0000, 0x0000, 0x0000, 0x0000, 0x0000, 0x0000, 0x0000, 0x0000, 0x0000, 0x0000, 0x0000, 0x0000, 0x0000, 
	0x0000, 0x0000, 0x0000, 0x0000, 0x0000, 0x0000, 0x0000, 0x0000, 0x0000, 0x0000, 0x0000, 0x0000, 0x0000, 0x0000, 0x0000, 0x0000, 
	0x0000, 0x0000, 0x0000, 0x0000, 0x0000, 0x0000, 0x0000, 0xffff, 0xffff, 0x0000, 0x0000, 0x0000, 0x9e1f, 0x9e1f, 0x9e1f, 0x9e1f, 
	0x9e1f, 0x9e1f, 0x0000, 0x0000, 0x6d1f, 0x6d1f, 0x6d1f, 0x6d1f, 0x6d1f, 0x6d1f, 0x0000, 0x0000, 0x9e1f, 0x9e1f, 0x9e1f, 0x9e1f, 
	0x9e1f, 0x9e1f, 0x0000, 0x0000, 0x6d1f, 0x6d1f, 0x6d1f, 0x6d1f, 0x6d1f, 0x6d1f, 0x0000, 0x0000, 0x9e1f, 0x9e1f, 0x9e1f, 0x9e1f, 
	0x9e1f, 0x9e1f, 0x0000, 0x0000, 0x6d1f, 0x6d1f, 0x6d1f, 0x6d1f, 0x6d1f, 0x6d1f, 0x0000, 0x0000, 0x0000, 0xffff, 0xffff, 0x0000, 
	0x0000, 0x0000, 0x9e1f, 0x9e1f, 0x9e1f, 0x9e1f, 0x9e1f, 0x9e1f, 0x0000, 0x0000, 0x6d1f, 0x6d1f, 0x6d1f, 0x6d1f, 0x6d1f, 0x6d1f, 
	0x0000, 0x0000, 0x9e1f, 0x9e1f, 0x9e1f, 0x9e1f, 0x9e1f, 0x9e1f, 0x0000, 0x0000, 0x6d1f, 0x6d1f, 0x6d1f, 0x6d1f, 0x6d1f, 0x6d1f, 
	0x0000, 0x0000, 0x9e1f, 0x9e1f, 0x9e1f, 0x9e1f, 0x9e1f, 0x9e1f, 0x0000, 0x0000, 0x6d1f, 0x6d1f, 0x6d1f, 0x6d1f, 0x6d1f, 0x6d1f, 
	0x0000, 0x0000, 0x0000, 0xffff, 0xffff, 0x0000, 0x0000, 0x0000, 0x9e1f, 0x9e1f, 0x9e1f, 0x9e1f, 0x9e1f, 0x9e1f, 0x0000, 0x0000, 
	0x6d1f, 0x6d1f, 0x6d1f, 0x6d1f, 0x6d1f, 0x6d1f, 0x0000, 0x0000, 0x9e1f, 0x9e1f, 0x9e1f, 0x9e1f, 0x9e1f, 0x9e1f, 0x0000, 0x0000, 
	0x6d1f, 0x6d1f, 0x6d1f, 0x6d1f, 0x6d1f, 0x6d1f, 0x0000, 0x0000, 0x9e1f, 0x9e1f, 0x9e1f, 0x9e1f, 0x9e1f, 0x9e1f, 0x0000, 0x0000, 
	0x6d1f, 0x6d1f, 0x6d1f, 0x6d1f, 0x6d1f, 0x6d1f, 0x0000, 0x0000, 0x0000, 0xffff, 0xffff, 0x0000, 0x0000, 0x0000, 0x9e1f, 0x9e1f, 
	0x9e1f, 0x9e1f, 0x9e1f, 0x9e1f, 0x0000, 0x0000, 0x6d1f, 0x6d1f, 0x6d1f, 0x6d1f, 0x6d1f, 0x6d1f, 0x0000, 0x0000, 0x9e1f, 0x9e1f, 
	0x9e1f, 0x9e1f, 0x9e1f, 0x9e1f, 0x0000, 0x0000, 0x6d1f, 0x6d1f, 0x6d1f, 0x6d1f, 0x6d1f, 0x6d1f, 0x0000, 0x0000, 0x9e1f, 0x9e1f, 
	0x9e1f, 0x9e1f, 0x9e1f, 0x9e1f, 0x0000, 0x0000, 0x6d1f, 0x6d1f, 0x6d1f, 0x6d1f, 0x6d1f, 0x6d1f, 0x0000, 0x0000, 0x0000, 0xffff, 
	0xffff, 0x0000, 0x0000, 0x0000, 0x9e1f, 0x9e1f, 0x9e1f, 0x9e1f, 0x9e1f, 0x9e1f, 0x0000, 0x0000, 0x6d1f, 0x6d1f, 0x6d1f, 0x6d1f, 
	0x6d1f, 0x6d1f, 0x0000, 0x0000, 0x9e1f, 0x9e1f, 0x9e1f, 0x9e1f, 0x9e1f, 0x9e1f, 0x0000, 0x0000, 0x6d1f, 0x6d1f, 0x6d1f, 0x6d1f, 
	0x6d1f, 0x6d1f, 0x0000, 0x0000, 0x9e1f, 0x9e1f, 0x9e1f, 0x9e1f, 0x9e1f, 0x9e1f, 0x0000, 0x0000, 0x6d1f, 0x6d1f, 0x6d1f, 0x6d1f, 
	0x6d1f, 0x6d1f, 0x0000, 0x0000, 0x0000, 0xffff, 0xffff, 0x0000, 0x0000, 0x0000, 0x9e1f, 0x9e1f, 0x9e1f, 0x9e1f, 0x9e1f, 0x9e1f, 
	0x0000, 0x0000, 0x6d1f, 0x6d1f, 0x6d1f, 0x6d1f, 0x6d1f, 0x6d1f, 0x0000, 0x0000, 0x9e1f, 0x9e1f, 0x9e1f, 0x9e1f, 0x9e1f, 0x9e1f, 
	0x0000, 0x0000, 0x6d1f, 0x6d1f, 0x6d1f, 0x6d1f, 0x6d1f, 0x6d1f, 0x0000, 0x0000, 0x9e1f, 0x9e1f, 0x9e1f, 0x9e1f, 0x9e1f, 0x9e1f, 
	0x0000, 0x0000, 0x6d1f, 0x6d1f, 0x6d1f, 0x6d1f, 0x6d1f, 0x6d1f, 0x0000, 0x0000, 0x0000, 0xffff, 0xffff, 0x0000, 0x0000, 0x0000, 
	0x0000, 0x0000, 0x0000, 0x0000, 0x0000, 0x0000, 0x0000, 0x0000, 0x0000, 0x0000, 0x0000, 0x0000, 0x0000, 0x0000, 0x0000, 0x0000, 
	0x0000, 0x0000, 0x0000, 0x0000, 0x0000, 0x0000, 0x0000, 0x0000, 0x0000, 0x0000, 0x0000, 0x0000, 0x0000, 0x0000, 0x0000, 0x0000, 
	0x0000, 0x0000, 0x0000, 0x0000, 0x0000, 0x0000, 0x0000, 0x0000, 0x0000, 0x0000, 0x0000, 0x0000, 0x0000, 0x0000, 0x0000, 0x0000, 
	0x0000, 0xffff, 0xffff, 0x0000, 0x0000, 0x0000, 0x0000, 0x0000, 0x0000, 0x0000, 0x0000, 0x0000, 0x0000, 0x0000, 0x0000, 0x0000, 
	0x0000, 0x0000, 0x0000, 0x0000, 0x0000, 0x0000, 0x0000, 0x0000, 0x0000, 0x0000, 0x0000, 0x0000, 0x0000, 0x0000, 0x0000, 0x0000, 
	0x0000, 0x0000, 0x0000, 0x0000, 0x0000, 0x0000, 0x0000, 0x0000, 0x0000, 0x0000, 0x0000, 0x0000, 0x0000, 0x0000, 0x0000, 0x0000, 
	0x0000, 0x0000, 0x0000, 0x0000, 0x0000, 0x0000, 0x0000, 0xffff, 0xffff, 0x0000, 0x0000, 0x0000, 0x6d1f, 0x6d1f, 0x6d1f, 0x6d1f, 
	0x6d1f, 0x6d1f, 0x0000, 0x0000, 0x9e1f, 0x9e1f, 0x9e1f, 0x9e1f, 0x9e1f, 0x9e1f, 0x0000, 0x0000, 0x6d1f, 0x6d1f, 0x6d1f, 0x6d1f, 
	0x6d1f, 0x6d1f, 0x0000, 0x0000, 0x9e1f, 0x9e1f, 0x9e1f, 0x9e1f, 0x9e1f, 0x9e1f, 0x0000, 0x0000, 0x6d1f, 0x6d1f, 0x6d1f, 0x6d1f, 
	0x6d1f, 0x6d1f, 0x0000, 0x0000, 0x9e1f, 0x9e1f, 0x9e1f, 0x9e1f, 0x9e1f, 0x9e1f, 0x0000, 0x0000, 0x0000, 0xffff, 0xffff, 0x0000, 
	0x0000, 0x0000, 0x6d1f, 0x6d1f, 0x6d1f, 0x6d1f, 0x6d1f, 0x6d1f, 0x0000, 0x0000, 0x9e1f, 0x9e1f, 0x9e1f, 0x9e1f, 0x9e1f, 0x9e1f, 
	0x0000, 0x0000, 0x6d1f, 0x6d1f, 0x6d1f, 0x6d1f, 0x6d1f, 0x6d1f, 0x0000, 0x0000, 0x9e1f, 0x9e1f, 0x9e1f, 0x9e1f, 0x9e1f, 0x9e1f, 
	0x0000, 0x0000, 0x6d1f, 0x6d1f, 0x6d1f, 0x6d1f, 0x6d1f, 0x6d1f, 0x0000, 0x0000, 0x9e1f, 0x9e1f, 0x9e1f, 0x9e1f, 0x9e1f, 0x9e1f, 
	0x0000, 0x0000, 0x0000, 0xffff, 0xffff, 0x0000, 0x0000, 0x0000, 0x6d1f, 0x6d1f, 0x6d1f, 0x6d1f, 0x6d1f, 0x6d1f, 0x0000, 0x0000, 
	0x9e1f, 0x9e1f, 0x9e1f, 0x9e1f, 0x9e1f, 0x9e1f, 0x0000, 0x0000, 0x6d1f, 0x6d1f, 0x6d1f, 0x6d1f, 0x6d1f, 0x6d1f, 0x0000, 0x0000, 
	0x9e1f, 0x9e1f, 0x9e1f, 0x9e1f, 0x9e1f, 0x9e1f, 0x0000, 0x0000, 0x6d1f, 0x6d1f, 0x6d1f, 0x6d1f, 0x6d1f, 0x6d1f, 0x0000, 0x0000, 
	0x9e1f, 0x9e1f, 0x9e1f, 0x9e1f, 0x9e1f, 0x9e1f, 0x0000, 0x0000, 0x0000, 0xffff, 0xffff, 0x0000, 0x0000, 0x0000, 0x6d1f, 0x6d1f, 
	0x6d1f, 0x6d1f, 0x6d1f, 0x6d1f, 0x0000, 0x0000, 0x9e1f, 0x9e1f, 0x9e1f, 0x9e1f, 0x9e1f, 0x9e1f, 0x0000, 0x0000, 0x6d1f, 0x6d1f, 
	0x6d1f, 0x6d1f, 0x6d1f, 0x6d1f, 0x0000, 0x0000, 0x9e1f, 0x9e1f, 0x9e1f, 0x9e1f, 0x9e1f, 0x9e1f, 0x0000, 0x0000, 0x6d1f, 0x6d1f, 
	0x6d1f, 0x6d1f, 0x6d1f, 0x6d1f, 0x0000, 0x0000, 0x9e1f, 0x9e1f, 0x9e1f, 0x9e1f, 0x9e1f, 0x9e1f, 0x0000, 0x0000, 0x0000, 0xffff, 
	0xffff, 0x0000, 0x0000, 0x0000, 0x6d1f, 0x6d1f, 0x6d1f, 0x6d1f, 0x6d1f, 0x6d1f, 0x0000, 0x0000, 0x9e1f, 0x9e1f, 0x9e1f, 0x9e1f, 
	0x9e1f, 0x9e1f, 0x0000, 0x0000, 0x6d1f, 0x6d1f, 0x6d1f, 0x6d1f, 0x6d1f, 0x6d1f, 0x0000, 0x0000, 0x9e1f, 0x9e1f, 0x9e1f, 0x9e1f, 
	0x9e1f, 0x9e1f, 0x0000, 0x0000, 0x6d1f, 0x6d1f, 0x6d1f, 0x6d1f, 0x6d1f, 0x6d1f, 0x0000, 0x0000, 0x9e1f, 0x9e1f, 0x9e1f, 0x9e1f, 
	0x9e1f, 0x9e1f, 0x0000, 0x0000, 0x0000, 0xffff, 0xffff, 0x0000, 0x0000, 0x0000, 0x6d1f, 0x6d1f, 0x6d1f, 0x6d1f, 0x6d1f, 0x6d1f, 
	0x0000, 0x0000, 0x9e1f, 0x9e1f, 0x9e1f, 0x9e1f, 0x9e1f, 0x9e1f, 0x0000, 0x0000, 0x6d1f, 0x6d1f, 0x6d1f, 0x6d1f, 0x6d1f, 0x6d1f, 
	0x0000, 0x0000, 0x9e1f, 0x9e1f, 0x9e1f, 0x9e1f, 0x9e1f, 0x9e1f, 0x0000, 0x0000, 0x6d1f, 0x6d1f, 0x6d1f, 0x6d1f, 0x6d1f, 0x6d1f, 
	0x0000, 0x0000, 0x9e1f, 0x9e1f, 0x9e1f, 0x9e1f, 0x9e1f, 0x9e1f, 0x0000, 0x0000, 0x0000, 0xffff, 0xffff, 0x0000, 0x0000, 0x0000, 
	0x0000, 0x0000, 0x0000, 0x0000, 0x0000, 0x0000, 0x0000, 0x0000, 0x0000, 0x0000, 0x0000, 0x0000, 0x0000, 0x0000, 0x0000, 0x0000, 
	0x0000, 0x0000, 0x0000, 0x0000, 0x0000, 0x0000, 0x0000, 0x0000, 0x0000, 0x0000, 0x0000, 0x0000, 0x0000, 0x0000, 0x0000, 0x0000, 
	0x0000, 0x0000, 0x0000, 0x0000, 0x0000, 0x0000, 0x0000, 0x0000, 0x0000, 0x0000, 0x0000, 0x0000, 0x0000, 0x0000, 0x0000, 0x0000, 
	0x0000, 0xffff, 0xffff, 0x0000, 0x0000, 0x0000, 0x0000, 0x0000, 0x0000, 0x0000, 0x0000, 0x0000, 0x0000, 0x0000, 0x0000, 0x0000, 
	0x0000, 0x0000, 0x0000, 0x0000, 0x0000, 0x0000, 0x0000, 0x0000, 0x0000, 0x0000, 0x0000, 0x0000, 0x0000, 0x0000, 0x0000, 0x0000, 
	0x0000, 0x0000, 0x0000, 0x0000, 0x0000, 0x0000, 0x0000, 0x0000, 0x0000, 0x0000, 0x0000, 0x0000, 0x0000, 0x0000, 0x0000, 0x0000, 
	0x0000, 0x0000, 0x0000, 0x0000, 0x0000, 0x0000, 0x0000, 0xffff, 0xffff, 0x0000, 0x0000, 0x0000, 0x9e1f, 0x9e1f, 0x9e1f, 0x9e1f, 
	0x9e1f, 0x9e1f, 0x0000, 0x0000, 0x6d1f, 0x6d1f, 0x6d1f, 0x6d1f, 0x6d1f, 0x6d1f, 0x0000, 0x0000, 0x9e1f, 0x9e1f, 0x9e1f, 0x9e1f, 
	0x9e1f, 0x9e1f, 0x0000, 0x0000, 0x6d1f, 0x6d1f, 0x6d1f, 0x6d1f, 0x6d1f, 0x6d1f, 0x0000, 0x0000, 0x9e1f, 0x9e1f, 0x9e1f, 0x9e1f, 
	0x9e1f, 0x9e1f, 0x0000, 0x0000, 0x6d1f, 0x6d1f, 0x6d1f, 0x6d1f, 0x6d1f, 0x6d1f, 0x0000, 0x0000, 0x0000, 0xffff, 0xffff, 0x0000, 
	0x0000, 0x0000, 0x9e1f, 0x9e1f, 0x9e1f, 0x9e1f, 0x9e1f, 0x9e1f, 0x0000, 0x0000, 0x6d1f, 0x6d1f, 0x6d1f, 0x6d1f, 0x6d1f, 0x6d1f, 
	0x0000, 0x0000, 0x9e1f, 0x9e1f, 0x9e1f, 0x9e1f, 0x9e1f, 0x9e1f, 0x0000, 0x0000, 0x6d1f, 0x6d1f, 0x6d1f, 0x6d1f, 0x6d1f, 0x6d1f, 
	0x0000, 0x0000, 0x9e1f, 0x9e1f, 0x9e1f, 0x9e1f, 0x9e1f, 0x9e1f, 0x0000, 0x0000, 0x6d1f, 0x6d1f, 0x6d1f, 0x6d1f, 0x6d1f, 0x6d1f, 
	0x0000, 0x0000, 0x0000, 0xffff, 0xffff, 0x0000, 0x0000, 0x0000, 0x9e1f, 0x9e1f, 0x9e1f, 0x9e1f, 0x9e1f, 0x9e1f, 0x0000, 0x0000, 
	0x6d1f, 0x6d1f, 0x6d1f, 0x6d1f, 0x6d1f, 0x6d1f, 0x0000, 0x0000, 0x9e1f, 0x9e1f, 0x9e1f, 0x9e1f, 0x9e1f, 0x9e1f, 0x0000, 0x0000, 
	0x6d1f, 0x6d1f, 0x6d1f, 0x6d1f, 0x6d1f, 0x6d1f, 0x0000, 0x0000, 0x9e1f, 0x9e1f, 0x9e1f, 0x9e1f, 0x9e1f, 0x9e1f, 0x0000, 0x0000, 
	0x6d1f, 0x6d1f, 0x6d1f, 0x6d1f, 0x6d1f, 0x6d1f, 0x0000, 0x0000, 0x0000, 0xffff, 0xffff, 0x0000, 0x0000, 0x0000, 0x9e1f, 0x9e1f, 
	0x9e1f, 0x9e1f, 0x9e1f, 0x9e1f, 0x0000, 0x0000, 0x6d1f, 0x6d1f, 0x6d1f, 0x6d1f, 0x6d1f, 0x6d1f, 0x0000, 0x0000, 0x9e1f, 0x9e1f, 
	0x9e1f, 0x9e1f, 0x9e1f, 0x9e1f, 0x0000, 0x0000, 0x6d1f, 0x6d1f, 0x6d1f, 0x6d1f, 0x6d1f, 0x6d1f, 0x0000, 0x0000, 0x9e1f, 0x9e1f, 
	0x9e1f, 0x9e1f, 0x9e1f, 0x9e1f, 0x0000, 0x0000, 0x6d1f, 0x6d1f, 0x6d1f, 0x6d1f, 0x6d1f, 0x6d1f, 0x0000, 0x0000, 0x0000, 0xffff, 
	0xffff, 0x0000, 0x0000, 0x0000, 0x9e1f, 0x9e1f, 0x9e1f, 0x9e1f, 0x9e1f, 0x9e1f, 0x0000, 0x0000, 0x6d1f, 0x6d1f, 0x6d1f, 0x6d1f, 
	0x6d1f, 0x6d1f, 0x0000, 0x0000, 0x9e1f, 0x9e1f, 0x9e1f, 0x9e1f, 0x9e1f, 0x9e1f, 0x0000, 0x0000, 0x6d1f, 0x6d1f, 0x6d1f, 0x6d1f, 
	0x6d1f, 0x6d1f, 0x0000, 0x0000, 0x9e1f, 0x9e1f, 0x9e1f, 0x9e1f, 0x9e1f, 0x9e1f, 0x0000, 0x0000, 0x6d1f, 0x6d1f, 0x6d1f, 0x6d1f, 
	0x6d1f, 0x6d1f, 0x0000, 0x0000, 0x0000, 0xffff, 0xffff, 0x0000, 0x0000, 0x0000, 0x9e1f, 0x9e1f, 0x9e1f, 0x9e1f, 0x9e1f, 0x9e1f, 
	0x0000, 0x0000, 0x6d1f, 0x6d1f, 0x6d1f, 0x6d1f, 0x6d1f, 0x6d1f, 0x0000, 0x0000, 0x9e1f, 0x9e1f, 0x9e1f, 0x9e1f, 0x9e1f, 0x9e1f, 
	0x0000, 0x0000, 0x6d1f, 0x6d1f, 0x6d1f, 0x6d1f, 0x6d1f, 0x6d1f, 0x0000, 0x0000, 0x9e1f, 0x9e1f, 0x9e1f, 0x9e1f, 0x9e1f, 0x9e1f, 
	0x0000, 0x0000, 0x6d1f, 0x6d1f, 0x6d1f, 0x6d1f, 0x6d1f, 0x6d1f, 0x0000, 0x0000, 0x0000, 0xffff, 0xffff, 0x0000, 0x0000, 0x0000, 
	0x0000, 0x0000, 0x0000, 0x0000, 0x0000, 0x0000, 0x0000, 0x0000, 0x0000, 0x0000, 0x0000, 0x0000, 0x0000, 0x0000, 0x0000, 0x0000, 
	0x0000, 0x0000, 0x0000, 0x0000, 0x0000, 0x0000, 0x0000, 0x0000, 0x0000, 0x0000, 0x0000, 0x0000, 0x0000, 0x0000, 0x0000, 0x0000, 
	0x0000, 0x0000, 0x0000, 0x0000, 0x0000, 0x0000, 0x0000, 0x0000, 0x0000, 0x0000, 0x0000, 0x0000, 0x0000, 0x0000, 0x0000, 0x0000, 
	0x0000, 0xffff, 0xffff, 0x0000, 0x0000, 0x0000, 0x0000, 0x0000, 0x0000, 0x0000, 0x0000, 0x0000, 0x0000, 0x0000, 0x0000, 0x0000, 
	0x0000, 0x0000, 0x0000, 0x0000, 0x0000, 0x0000, 0x0000, 0x0000, 0x0000, 0x0000, 0x0000, 0x0000, 0x0000, 0x0000, 0x0000, 0x0000, 
	0x0000, 0x0000, 0x0000, 0x0000, 0x0000, 0x0000, 0x0000, 0x0000, 0x0000, 0x0000, 0x0000, 0x0000, 0x0000, 0x0000, 0x0000, 0x0000, 
	0x0000, 0x0000, 0x0000, 0x0000, 0x0000, 0x0000, 0x0000, 0xffff, 0xffff, 0x0000, 0x0000, 0x0000, 0x0000, 0x0000, 0x0000, 0x0000, 
	0x0000, 0x0000, 0x0000, 0x0000, 0x0000, 0x0000, 0x0000, 0x0000, 0x0000, 0x0000, 0x0000, 0x0000, 0x0000, 0x0000, 0x0000, 0x0000, 
	0x0000, 0x0000, 0x0000, 0x0000, 0x0000, 0x0000, 0x0000, 0x0000, 0x0000, 0x0000, 0x0000, 0x0000, 0x0000, 0x0000, 0x0000, 0x0000, 
	0x0000, 0x0000, 0x0000, 0x0000, 0x0000, 0x0000, 0x0000, 0x0000, 0x0000, 0x0000, 0x0000, 0x0000, 0x0000, 0xffff, 0xffff, 0xffff, 
	0xffff, 0xffff, 0xffff, 0xffff, 0xffff, 0xffff, 0xffff, 0xffff, 0xffff, 0xffff, 0xffff, 0xffff, 0xffff, 0xffff, 0xffff, 0xffff, 
	0xffff, 0xffff, 0xffff, 0xffff, 0xffff, 0xffff, 0xffff, 0xffff, 0xffff, 0xffff, 0xffff, 0xffff, 0xffff, 0xffff, 0xffff, 0xffff, 
	0xffff, 0xffff, 0xffff, 0xffff, 0xffff, 0xffff, 0xffff, 0xffff, 0xffff, 0xffff, 0xffff, 0xffff, 0xffff, 0xffff, 0xffff, 0xffff, 
	0xffff, 0xffff, 0xffff, 0xffff
};

const uint16_t sevenbuttonD[] PROGMEM = {
	0xffff, 0xffff, 0xffff, 0xffff, 0xffff, 0xffff, 0xffff, 0xffff, 0xffff, 0xffff, 0xffff, 0xffff, 0xffff, 0xffff, 0xffff, 0xffff, 
	0xffff, 0xffff, 0xffff, 0xffff, 0xffff, 0xffff, 0xffff, 0xffff, 0xffff, 0xffff, 0xffff, 0xffff, 0xffff, 0xffff, 0xffff, 0xffff, 
	0xffff, 0xffff, 0xffff, 0xffff, 0xffff, 0xffff, 0xffff, 0xffff, 0xffff, 0xffff, 0xffff, 0xffff, 0xffff, 0xffff, 0xffff, 0xffff, 
	0xffff, 0xffff, 0xffff, 0xffff, 0xffff, 0xffff, 0xffff, 0x0000, 0x0000, 0x0000, 0x0000, 0x0000, 0x0000, 0x0000, 0x0000, 0x0000, 
	0x0000, 0x0000, 0x0000, 0x0000, 0x0000, 0x0000, 0x0000, 0x0000, 0x0000, 0x0000, 0x0000, 0x0000, 0x0000, 0x0000, 0x0000, 0x0000, 
	0x0000, 0x0000, 0x0000, 0x0000, 0x0000, 0x0000, 0x0000, 0x0000, 0x0000, 0x0000, 0x0000, 0x0000, 0x0000, 0x0000, 0x0000, 0x0000, 
	0x0000, 0x0000, 0x0000, 0x0000, 0x0000, 0x0000, 0x0000, 0x0000, 0x0000, 0x0000, 0x0000, 0xffff, 0xffff, 0x0000, 0x0000, 0x0000, 
	0x0000, 0x0000, 0x0000, 0x0000, 0x0000, 0x0000, 0x0000, 0x0000, 0x0000, 0x0000, 0x0000, 0x0000, 0x0000, 0x0000, 0x0000, 0x0000, 
	0x0000, 0x0000, 0x0000, 0x0000, 0x0000, 0x0000, 0x0000, 0x0000, 0x0000, 0x0000, 0x0000, 0x0000, 0x0000, 0x0000, 0x0000, 0x0000, 
	0x0000, 0x0000, 0x0000, 0x0000, 0x0000, 0x0000, 0x0000, 0x0000, 0x0000, 0x0000, 0x0000, 0x0000, 0x0000, 0x0000, 0x0000, 0x0000, 
	0x0000, 0xffff, 0xffff, 0x0000, 0x0000, 0x0000, 0x0000, 0x0000, 0x0000, 0x0000, 0x0000, 0x0000, 0x0000, 0x0000, 0x0000, 0x0000, 
	0x0000, 0x0000, 0x0000, 0x0000, 0x0000, 0x0000, 0x0000, 0x0000, 0x0000, 0x0000, 0x0000, 0x0000, 0x0000, 0x0000, 0x0000, 0x0000, 
	0x0000, 0x0000, 0x0000, 0x0000, 0x0000, 0x0000, 0x0000, 0x0000, 0x0000, 0x0000, 0x0000, 0x0000, 0x0000, 0x0000, 0x0000, 0x0000, 
	0x0000, 0x0000, 0x0000, 0x0000, 0x0000, 0x0000, 0x0000, 0xffff, 0xffff, 0x0000, 0x0000, 0x0000, 0x6d1f, 0x6d1f, 0x6d1f, 0x6d1f, 
	0x0000, 0x0000, 0x0000, 0x9e1f, 0x9e1f, 0x9e1f, 0x9e1f, 0x0000, 0x0000, 0x0000, 0x6d1f, 0x6d1f, 0x6d1f, 0x6d1f, 0x0000, 0x0000, 
	0x0000, 0x9e1f, 0x9e1f, 0x9e1f, 0x9e1f, 0x0000, 0x0000, 0x0000, 0x6d1f, 0x6d1f, 0x6d1f, 0x6d1f, 0x0000, 0x0000, 0x0000, 0x9e1f, 
	0x9e1f, 0x9e1f, 0x9e1f, 0x0000, 0x0000, 0x0000, 0x6d1f, 0x6d1f, 0x6d1f, 0x6d1f, 0x0000, 0x0000, 0x0000, 0xffff, 0xffff, 0x0000, 
	0x0000, 0x0000, 0x6d1f, 0x6d1f, 0x6d1f, 0x6d1f, 0x0000, 0x0000, 0x0000, 0x9e1f, 0x9e1f, 0x9e1f, 0x9e1f, 0x0000, 0x0000, 0x0000, 
	0x6d1f, 0x6d1f, 0x6d1f, 0x6d1f, 0x0000, 0x0000, 0x0000, 0x9e1f, 0x9e1f, 0x9e1f, 0x9e1f, 0x0000, 0x0000, 0x0000, 0x6d1f, 0x6d1f, 
	0x6d1f, 0x6d1f, 0x0000, 0x0000, 0x0000, 0x9e1f, 0x9e1f, 0x9e1f, 0x9e1f, 0x0000, 0x0000, 0x0000, 0x6d1f, 0x6d1f, 0x6d1f, 0x6d1f, 
	0x0000, 0x0000, 0x0000, 0xffff, 0xffff, 0x0000, 0x0000, 0x0000, 0x6d1f, 0x6d1f, 0x6d1f, 0x6d1f, 0x0000, 0x0000, 0x0000, 0x9e1f, 
	0x9e1f, 0x9e1f, 0x9e1f, 0x0000, 0x0000, 0x0000, 0x6d1f, 0x6d1f, 0x6d1f, 0x6d1f, 0x0000, 0x0000, 0x0000, 0x9e1f, 0x9e1f, 0x9e1f, 
	0x9e1f, 0x0000, 0x0000, 0x0000, 0x6d1f, 0x6d1f, 0x6d1f, 0x6d1f, 0x0000, 0x0000, 0x0000, 0x9e1f, 0x9e1f, 0x9e1f, 0x9e1f, 0x0000, 
	0x0000, 0x0000, 0x6d1f, 0x6d1f, 0x6d1f, 0x6d1f, 0x0000, 0x0000, 0x0000, 0xffff, 0xffff, 0x0000, 0x0000, 0x0000, 0x6d1f, 0x6d1f, 
	0x6d1f, 0x6d1f, 0x0000, 0x0000, 0x0000, 0x9e1f, 0x9e1f, 0x9e1f, 0x9e1f, 0x0000, 0x0000, 0x0000, 0x6d1f, 0x6d1f, 0x6d1f, 0x6d1f, 
	0x0000, 0x0000, 0x0000, 0x9e1f, 0x9e1f, 0x9e1f, 0x9e1f, 0x0000, 0x0000, 0x0000, 0x6d1f, 0x6d1f, 0x6d1f, 0x6d1f, 0x0000, 0x0000, 
	0x0000, 0x9e1f, 0x9e1f, 0x9e1f, 0x9e1f, 0x0000, 0x0000, 0x0000, 0x6d1f, 0x6d1f, 0x6d1f, 0x6d1f, 0x0000, 0x0000, 0x0000, 0xffff, 
	0xffff, 0x0000, 0x0000, 0x0000, 0x0000, 0x0000, 0x0000, 0x0000, 0x0000, 0x0000, 0x0000, 0x0000, 0x0000, 0x0000, 0x0000, 0x0000, 
	0x0000, 0x0000, 0x0000, 0x0000, 0x0000, 0x0000, 0x0000, 0x0000, 0x0000, 0x0000, 0x0000, 0x0000, 0x0000, 0x0000, 0x0000, 0x0000, 
	0x0000, 0x0000, 0x0000, 0x0000, 0x0000, 0x0000, 0x0000, 0x0000, 0x0000, 0x0000, 0x0000, 0x0000, 0x0000, 0x0000, 0x0000, 0x0000, 
	0x0000, 0x0000, 0x0000, 0x0000, 0x0000, 0xffff, 0xffff, 0x0000, 0x0000, 0x0000, 0x0000, 0x0000, 0x0000, 0x0000, 0x0000, 0x0000, 
	0x0000, 0x0000, 0x0000, 0x0000, 0x0000, 0x0000, 0x0000, 0x0000, 0x0000, 0x0000, 0x0000, 0x0000, 0x0000, 0x0000, 0x0000, 0x0000, 
	0x0000, 0x0000, 0x0000, 0x0000, 0x0000, 0x0000, 0x0000, 0x0000, 0x0000, 0x0000, 0x0000, 0x0000, 0x0000, 0x0000, 0x0000, 0x0000, 
	0x0000, 0x0000, 0x0000, 0x0000, 0x0000, 0x0000, 0x0000, 0x0000, 0x0000, 0x0000, 0x0000, 0xffff, 0xffff, 0x0000, 0x0000, 0x0000, 
	0x0000, 0x0000, 0x0000, 0x0000, 0x0000, 0x0000, 0x0000, 0x0000, 0x0000, 0x0000, 0x0000, 0x0000, 0x0000, 0x0000, 0x0000, 0x0000, 
	0x0000, 0x0000, 0x0000, 0x0000, 0x0000, 0x0000, 0x0000, 0x0000, 0x0000, 0x0000, 0x0000, 0x0000, 0x0000, 0x0000, 0x0000, 0x0000, 
	0x0000, 0x0000, 0x0000, 0x0000, 0x0000, 0x0000, 0x0000, 0x0000, 0x0000, 0x0000, 0x0000, 0x0000, 0x0000, 0x0000, 0x0000, 0x0000, 
	0x0000, 0xffff, 0xffff, 0x0000, 0x0000, 0x0000, 0x9e1f, 0x9e1f, 0x9e1f, 0x9e1f, 0x0000, 0x0000, 0x0000, 0x6d1f, 0x6d1f, 0x6d1f, 
	0x6d1f, 0x0000, 0x0000, 0x0000, 0x9e1f, 0x9e1f, 0x9e1f, 0x9e1f, 0x0000, 0x0000, 0x0000, 0x6d1f, 0x6d1f, 0x6d1f, 0x6d1f, 0x0000, 
	0x0000, 0x0000, 0x9e1f, 0x9e1f, 0x9e1f, 0x9e1f, 0x0000, 0x0000, 0x0000, 0x6d1f, 0x6d1f, 0x6d1f, 0x6d1f, 0x0000, 0x0000, 0x0000, 
	0x9e1f, 0x9e1f, 0x9e1f, 0x9e1f, 0x0000, 0x0000, 0x0000, 0xffff, 0xffff, 0x0000, 0x0000, 0x0000, 0x9e1f, 0x9e1f, 0x9e1f, 0x9e1f, 
	0x0000, 0x0000, 0x0000, 0x6d1f, 0x6d1f, 0x6d1f, 0x6d1f, 0x0000, 0x0000, 0x0000, 0x9e1f, 0x9e1f, 0x9e1f, 0x9e1f, 0x0000, 0x0000, 
	0x0000, 0x6d1f, 0x6d1f, 0x6d1f, 0x6d1f, 0x0000, 0x0000, 0x0000, 0x9e1f, 0x9e1f, 0x9e1f, 0x9e1f, 0x0000, 0x0000, 0x0000, 0x6d1f, 
	0x6d1f, 0x6d1f, 0x6d1f, 0x0000, 0x0000, 0x0000, 0x9e1f, 0x9e1f, 0x9e1f, 0x9e1f, 0x0000, 0x0000, 0x0000, 0xffff, 0xffff, 0x0000, 
	0x0000, 0x0000, 0x9e1f, 0x9e1f, 0x9e1f, 0x9e1f, 0x0000, 0x0000, 0x0000, 0x6d1f, 0x6d1f, 0x6d1f, 0x6d1f, 0x0000, 0x0000, 0x0000, 
	0x9e1f, 0x9e1f, 0x9e1f, 0x9e1f, 0x0000, 0x0000, 0x0000, 0x6d1f, 0x6d1f, 0x6d1f, 0x6d1f, 0x0000, 0x0000, 0x0000, 0x9e1f, 0x9e1f, 
	0x9e1f, 0x9e1f, 0x0000, 0x0000, 0x0000, 0x6d1f, 0x6d1f, 0x6d1f, 0x6d1f, 0x0000, 0x0000, 0x0000, 0x9e1f, 0x9e1f, 0x9e1f, 0x9e1f, 
	0x0000, 0x0000, 0x0000, 0xffff, 0xffff, 0x0000, 0x0000, 0x0000, 0x9e1f, 0x9e1f, 0x9e1f, 0x9e1f, 0x0000, 0x0000, 0x0000, 0x6d1f, 
	0x6d1f, 0x6d1f, 0x6d1f, 0x0000, 0x0000, 0x0000, 0x9e1f, 0x9e1f, 0x9e1f, 0x9e1f, 0x0000, 0x0000, 0x0000, 0x6d1f, 0x6d1f, 0x6d1f, 
	0x6d1f, 0x0000, 0x0000, 0x0000, 0x9e1f, 0x9e1f, 0x9e1f, 0x9e1f, 0x0000, 0x0000, 0x0000, 0x6d1f, 0x6d1f, 0x6d1f, 0x6d1f, 0x0000, 
	0x0000, 0x0000, 0x9e1f, 0x9e1f, 0x9e1f, 0x9e1f, 0x0000, 0x0000, 0x0000, 0xffff, 0xffff, 0x0000, 0x0000, 0x0000, 0x0000, 0x0000, 
	0x0000, 0x0000, 0x0000, 0x0000, 0x0000, 0x0000, 0x0000, 0x0000, 0x0000, 0x0000, 0x0000, 0x0000, 0x0000, 0x0000, 0x0000, 0x0000, 
	0x0000, 0x0000, 0x0000, 0x0000, 0x0000, 0x0000, 0x0000, 0x0000, 0x0000, 0x0000, 0x0000, 0x0000, 0x0000, 0x0000, 0x0000, 0x0000, 
	0x0000, 0x0000, 0x0000, 0x0000, 0x0000, 0x0000, 0x0000, 0x0000, 0x0000, 0x0000, 0x0000, 0x0000, 0x0000, 0x0000, 0x0000, 0xffff, 
	0xffff, 0x0000, 0x0000, 0x0000, 0x0000, 0x0000, 0x0000, 0x0000, 0x0000, 0x0000, 0x0000, 0x0000, 0x0000, 0x0000, 0x0000, 0x0000, 
	0x0000, 0x0000, 0x0000, 0x0000, 0x0000, 0x0000, 0x0000, 0x0000, 0x0000, 0x0000, 0x0000, 0x0000, 0x0000, 0x0000, 0x0000, 0x0000, 
	0x0000, 0x0000, 0x0000, 0x0000, 0x0000, 0x0000, 0x0000, 0x0000, 0x0000, 0x0000, 0x0000, 0x0000, 0x0000, 0x0000, 0x0000, 0x0000, 
	0x0000, 0x0000, 0x0000, 0x0000, 0x0000, 0xffff, 0xffff, 0x0000, 0x0000, 0x0000, 0x0000, 0x0000, 0x0000, 0x0000, 0x0000, 0x0000, 
	0x0000, 0x0000, 0x0000, 0x0000, 0x0000, 0x0000, 0x0000, 0x0000, 0x0000, 0x0000, 0x0000, 0x0000, 0x0000, 0x0000, 0x0000, 0x0000, 
	0x0000, 0x0000, 0x0000, 0x0000, 0x0000, 0x0000, 0x0000, 0x0000, 0x0000, 0x0000, 0x0000, 0x0000, 0x0000, 0x0000, 0x0000, 0x0000, 
	0x0000, 0x0000, 0x0000, 0x0000, 0x0000, 0x0000, 0x0000, 0x0000, 0x0000, 0x0000, 0x0000, 0xffff, 0xffff, 0x0000, 0x0000, 0x0000, 
	0x6d1f, 0x6d1f, 0x6d1f, 0x6d1f, 0x0000, 0x0000, 0x0000, 0x9e1f, 0x9e1f, 0x9e1f, 0x9e1f, 0x0000, 0x0000, 0x0000, 0x6d1f, 0x6d1f, 
	0x6d1f, 0x6d1f, 0x0000, 0x0000, 0x0000, 0x9e1f, 0x9e1f, 0x9e1f, 0x9e1f, 0x0000, 0x0000, 0x0000, 0x6d1f, 0x6d1f, 0x6d1f, 0x6d1f, 
	0x0000, 0x0000, 0x0000, 0x9e1f, 0x9e1f, 0x9e1f, 0x9e1f, 0x0000, 0x0000, 0x0000, 0x6d1f, 0x6d1f, 0x6d1f, 0x6d1f, 0x0000, 0x0000, 
	0x0000, 0xffff, 0xffff, 0x0000, 0x0000, 0x0000, 0x6d1f, 0x6d1f, 0x6d1f, 0x6d1f, 0x0000, 0x0000, 0x0000, 0x9e1f, 0x9e1f, 0x9e1f, 
	0x9e1f, 0x0000, 0x0000, 0x0000, 0x6d1f, 0x6d1f, 0x6d1f, 0x6d1f, 0x0000, 0x0000, 0x0000, 0x9e1f, 0x9e1f, 0x9e1f, 0x9e1f, 0x0000, 
	0x0000, 0x0000, 0x6d1f, 0x6d1f, 0x6d1f, 0x6d1f, 0x0000, 0x0000, 0x0000, 0x9e1f, 0x9e1f, 0x9e1f, 0x9e1f, 0x0000, 0x0000, 0x0000, 
	0x6d1f, 0x6d1f, 0x6d1f, 0x6d1f, 0x0000, 0x0000, 0x0000, 0xffff, 0xffff, 0x0000, 0x0000, 0x0000, 0x6d1f, 0x6d1f, 0x6d1f, 0x6d1f, 
	0x0000, 0x0000, 0x0000, 0x9e1f, 0x9e1f, 0x9e1f, 0x9e1f, 0x0000, 0x0000, 0x0000, 0x6d1f, 0x6d1f, 0x6d1f, 0x6d1f, 0x0000, 0x0000, 
	0x0000, 0x9e1f, 0x9e1f, 0x9e1f, 0x9e1f, 0x0000, 0x0000, 0x0000, 0x6d1f, 0x6d1f, 0x6d1f, 0x6d1f, 0x0000, 0x0000, 0x0000, 0x9e1f, 
	0x9e1f, 0x9e1f, 0x9e1f, 0x0000, 0x0000, 0x0000, 0x6d1f, 0x6d1f, 0x6d1f, 0x6d1f, 0x0000, 0x0000, 0x0000, 0xffff, 0xffff, 0x0000, 
	0x0000, 0x0000, 0x6d1f, 0x6d1f, 0x6d1f, 0x6d1f, 0x0000, 0x0000, 0x0000, 0x9e1f, 0x9e1f, 0x9e1f, 0x9e1f, 0x0000, 0x0000, 0x0000, 
	0x6d1f, 0x6d1f, 0x6d1f, 0x6d1f, 0x0000, 0x0000, 0x0000, 0x9e1f, 0x9e1f, 0x9e1f, 0x9e1f, 0x0000, 0x0000, 0x0000, 0x6d1f, 0x6d1f, 
	0x6d1f, 0x6d1f, 0x0000, 0x0000, 0x0000, 0x9e1f, 0x9e1f, 0x9e1f, 0x9e1f, 0x0000, 0x0000, 0x0000, 0x6d1f, 0x6d1f, 0x6d1f, 0x6d1f, 
	0x0000, 0x0000, 0x0000, 0xffff, 0xffff, 0x0000, 0x0000, 0x0000, 0x0000, 0x0000, 0x0000, 0x0000, 0x0000, 0x0000, 0x0000, 0x0000, 
	0x0000, 0x0000, 0x0000, 0x0000, 0x0000, 0x0000, 0x0000, 0x0000, 0x0000, 0x0000, 0x0000, 0x0000, 0x0000, 0x0000, 0x0000, 0x0000, 
	0x0000, 0x0000, 0x0000, 0x0000, 0x0000, 0x0000, 0x0000, 0x0000, 0x0000, 0x0000, 0x0000, 0x0000, 0x0000, 0x0000, 0x0000, 0x0000, 
	0x0000, 0x0000, 0x0000, 0x0000, 0x0000, 0x0000, 0x0000, 0x0000, 0x0000, 0xffff, 0xffff, 0x0000, 0x0000, 0x0000, 0x0000, 0x0000, 
	0x0000, 0x0000, 0x0000, 0x0000, 0x0000, 0x0000, 0x0000, 0x0000, 0x0000, 0x0000, 0x0000, 0x0000, 0x0000, 0x0000, 0x0000, 0x0000, 
	0x0000, 0x0000, 0x0000, 0x0000, 0x0000, 0x0000, 0x0000, 0x0000, 0x0000, 0x0000, 0x0000, 0x0000, 0x0000, 0x0000, 0x0000, 0x0000, 
	0x0000, 0x0000, 0x0000, 0x0000, 0x0000, 0x0000, 0x0000, 0x0000, 0x0000, 0x0000, 0x0000, 0x0000, 0x0000, 0x0000, 0x0000, 0xffff, 
	0xffff, 0x0000, 0x0000, 0x0000, 0x0000, 0x0000, 0x0000, 0x0000, 0x0000, 0x0000, 0x0000, 0x0000, 0x0000, 0x0000, 0x0000, 0x0000, 
	0x0000, 0x0000, 0x0000, 0x0000, 0x0000, 0x0000, 0x0000, 0x0000, 0x0000, 0x0000, 0x0000, 0x0000, 0x0000, 0x0000, 0x0000, 0x0000, 
	0x0000, 0x0000, 0x0000, 0x0000, 0x0000, 0x0000, 0x0000, 0x0000, 0x0000, 0x0000, 0x0000, 0x0000, 0x0000, 0x0000, 0x0000, 0x0000, 
	0x0000, 0x0000, 0x0000, 0x0000, 0x0000, 0xffff, 0xffff, 0x0000, 0x0000, 0x0000, 0x9e1f, 0x9e1f, 0x9e1f, 0x9e1f, 0x0000, 0x0000, 
	0x0000, 0x6d1f, 0x6d1f, 0x6d1f, 0x6d1f, 0x0000, 0x0000, 0x0000, 0x9e1f, 0x9e1f, 0x9e1f, 0x9e1f, 0x0000, 0x0000, 0x0000, 0x6d1f, 
	0x6d1f, 0x6d1f, 0x6d1f, 0x0000, 0x0000, 0x0000, 0x9e1f, 0x9e1f, 0x9e1f, 0x9e1f, 0x0000, 0x0000, 0x0000, 0x6d1f, 0x6d1f, 0x6d1f, 
	0x6d1f, 0x0000, 0x0000, 0x0000, 0x9e1f, 0x9e1f, 0x9e1f, 0x9e1f, 0x0000, 0x0000, 0x0000, 0xffff, 0xffff, 0x0000, 0x0000, 0x0000, 
	0x9e1f, 0x9e1f, 0x9e1f, 0x9e1f, 0x0000, 0x0000, 0x0000, 0x6d1f, 0x6d1f, 0x6d1f, 0x6d1f, 0x0000, 0x0000, 0x0000, 0x9e1f, 0x9e1f, 
	0x9e1f, 0x9e1f, 0x0000, 0x0000, 0x0000, 0x6d1f, 0x6d1f, 0x6d1f, 0x6d1f, 0x0000, 0x0000, 0x0000, 0x9e1f, 0x9e1f, 0x9e1f, 0x9e1f, 
	0x0000, 0x0000, 0x0000, 0x6d1f, 0x6d1f, 0x6d1f, 0x6d1f, 0x0000, 0x0000, 0x0000, 0x9e1f, 0x9e1f, 0x9e1f, 0x9e1f, 0x0000, 0x0000, 
	0x0000, 0xffff, 0xffff, 0x0000, 0x0000, 0x0000, 0x9e1f, 0x9e1f, 0x9e1f, 0x9e1f, 0x0000, 0x0000, 0x0000, 0x6d1f, 0x6d1f, 0x6d1f, 
	0x6d1f, 0x0000, 0x0000, 0x0000, 0x9e1f, 0x9e1f, 0x9e1f, 0x9e1f, 0x0000, 0x0000, 0x0000, 0x6d1f, 0x6d1f, 0x6d1f, 0x6d1f, 0x0000, 
	0x0000, 0x0000, 0x9e1f, 0x9e1f, 0x9e1f, 0x9e1f, 0x0000, 0x0000, 0x0000, 0x6d1f, 0x6d1f, 0x6d1f, 0x6d1f, 0x0000, 0x0000, 0x0000, 
	0x9e1f, 0x9e1f, 0x9e1f, 0x9e1f, 0x0000, 0x0000, 0x0000, 0xffff, 0xffff, 0x0000, 0x0000, 0x0000, 0x9e1f, 0x9e1f, 0x9e1f, 0x9e1f, 
	0x0000, 0x0000, 0x0000, 0x6d1f, 0x6d1f, 0x6d1f, 0x6d1f, 0x0000, 0x0000, 0x0000, 0x9e1f, 0x9e1f, 0x9e1f, 0x9e1f, 0x0000, 0x0000, 
	0x0000, 0x6d1f, 0x6d1f, 0x6d1f, 0x6d1f, 0x0000, 0x0000, 0x0000, 0x9e1f, 0x9e1f, 0x9e1f, 0x9e1f, 0x0000, 0x0000, 0x0000, 0x6d1f, 
	0x6d1f, 0x6d1f, 0x6d1f, 0x0000, 0x0000, 0x0000, 0x9e1f, 0x9e1f, 0x9e1f, 0x9e1f, 0x0000, 0x0000, 0x0000, 0xffff, 0xffff, 0x0000, 
	0x0000, 0x0000, 0x0000, 0x0000, 0x0000, 0x0000, 0x0000, 0x0000, 0x0000, 0x0000, 0x0000, 0x0000, 0x0000, 0x0000, 0x0000, 0x0000, 
	0x0000, 0x0000, 0x0000, 0x0000, 0x0000, 0x0000, 0x0000, 0x0000, 0x0000, 0x0000, 0x0000, 0x0000, 0x0000, 0x0000, 0x0000, 0x0000, 
	0x0000, 0x0000, 0x0000, 0x0000, 0x0000, 0x0000, 0x0000, 0x0000, 0x0000, 0x0000, 0x0000, 0x0000, 0x0000, 0x0000, 0x0000, 0x0000, 
	0x0000, 0x0000, 0x0000, 0xffff, 0xffff, 0x0000, 0x0000, 0x0000, 0x0000, 0x0000, 0x0000, 0x0000, 0x0000, 0x0000, 0x0000, 0x0000, 
	0x0000, 0x0000, 0x0000, 0x0000, 0x0000, 0x0000, 0x0000, 0x0000, 0x0000, 0x0000, 0x0000, 0x0000, 0x0000, 0x0000, 0x0000, 0x0000, 
	0x0000, 0x0000, 0x0000, 0x0000, 0x0000, 0x0000, 0x0000, 0x0000, 0x0000, 0x0000, 0x0000, 0x0000, 0x0000, 0x0000, 0x0000, 0x0000, 
	0x0000, 0x0000, 0x0000, 0x0000, 0x0000, 0x0000, 0x0000, 0x0000, 0x0000, 0xffff, 0xffff, 0x0000, 0x0000, 0x0000, 0x0000, 0x0000, 
	0x0000, 0x0000, 0x0000, 0x0000, 0x0000, 0x0000, 0x0000, 0x0000, 0x0000, 0x0000, 0x0000, 0x0000, 0x0000, 0x0000, 0x0000, 0x0000, 
	0x0000, 0x0000, 0x0000, 0x0000, 0x0000, 0x0000, 0x0000, 0x0000, 0x0000, 0x0000, 0x0000, 0x0000, 0x0000, 0x0000, 0x0000, 0x0000, 
	0x0000, 0x0000, 0x0000, 0x0000, 0x0000, 0x0000, 0x0000, 0x0000, 0x0000, 0x0000, 0x0000, 0x0000, 0x0000, 0x0000, 0x0000, 0xffff, 
	0xffff, 0x0000, 0x0000, 0x0000, 0x6d1f, 0x6d1f, 0x6d1f, 0x6d1f, 0x0000, 0x0000, 0x0000, 0x9e1f, 0x9e1f, 0x9e1f, 0x9e1f, 0x0000, 
	0x0000, 0x0000, 0x6d1f, 0x6d1f, 0x6d1f, 0x6d1f, 0x0000, 0x0000, 0x0000, 0x9e1f, 0x9e1f, 0x9e1f, 0x9e1f, 0x0000, 0x0000, 0x0000, 
	0x6d1f, 0x6d1f, 0x6d1f, 0x6d1f, 0x0000, 0x0000, 0x0000, 0x9e1f, 0x9e1f, 0x9e1f, 0x9e1f, 0x0000, 0x0000, 0x0000, 0x6d1f, 0x6d1f, 
	0x6d1f, 0x6d1f, 0x0000, 0x0000, 0x0000, 0xffff, 0xffff, 0x0000, 0x0000, 0x0000, 0x6d1f, 0x6d1f, 0x6d1f, 0x6d1f, 0x0000, 0x0000, 
	0x0000, 0x9e1f, 0x9e1f, 0x9e1f, 0x9e1f, 0x0000, 0x0000, 0x0000, 0x6d1f, 0x6d1f, 0x6d1f, 0x6d1f, 0x0000, 0x0000, 0x0000, 0x9e1f, 
	0x9e1f, 0x9e1f, 0x9e1f, 0x0000, 0x0000, 0x0000, 0x6d1f, 0x6d1f, 0x6d1f, 0x6d1f, 0x0000, 0x0000, 0x0000, 0x9e1f, 0x9e1f, 0x9e1f, 
	0x9e1f, 0x0000, 0x0000, 0x0000, 0x6d1f, 0x6d1f, 0x6d1f, 0x6d1f, 0x0000, 0x0000, 0x0000, 0xffff, 0xffff, 0x0000, 0x0000, 0x0000, 
	0x6d1f, 0x6d1f, 0x6d1f, 0x6d1f, 0x0000, 0x0000, 0x0000, 0x9e1f, 0x9e1f, 0x9e1f, 0x9e1f, 0x0000, 0x0000, 0x0000, 0x6d1f, 0x6d1f, 
	0x6d1f, 0x6d1f, 0x0000, 0x0000, 0x0000, 0x9e1f, 0x9e1f, 0x9e1f, 0x9e1f, 0x0000, 0x0000, 0x0000, 0x6d1f, 0x6d1f, 0x6d1f, 0x6d1f, 
	0x0000, 0x0000, 0x0000, 0x9e1f, 0x9e1f, 0x9e1f, 0x9e1f, 0x0000, 0x0000, 0x0000, 0x6d1f, 0x6d1f, 0x6d1f, 0x6d1f, 0x0000, 0x0000, 
	0x0000, 0xffff, 0xffff, 0x0000, 0x0000, 0x0000, 0x6d1f, 0x6d1f, 0x6d1f, 0x6d1f, 0x0000, 0x0000, 0x0000, 0x9e1f, 0x9e1f, 0x9e1f, 
	0x9e1f, 0x0000, 0x0000, 0x0000, 0x6d1f, 0x6d1f, 0x6d1f, 0x6d1f, 0x0000, 0x0000, 0x0000, 0x9e1f, 0x9e1f, 0x9e1f, 0x9e1f, 0x0000, 
	0x0000, 0x0000, 0x6d1f, 0x6d1f, 0x6d1f, 0x6d1f, 0x0000, 0x0000, 0x0000, 0x9e1f, 0x9e1f, 0x9e1f, 0x9e1f, 0x0000, 0x0000, 0x0000, 
	0x6d1f, 0x6d1f, 0x6d1f, 0x6d1f, 0x0000, 0x0000, 0x0000, 0xffff, 0xffff, 0x0000, 0x0000, 0x0000, 0x0000, 0x0000, 0x0000, 0x0000, 
	0x0000, 0x0000, 0x0000, 0x0000, 0x0000, 0x0000, 0x0000, 0x0000, 0x0000, 0x0000, 0x0000, 0x0000, 0x0000, 0x0000, 0x0000, 0x0000, 
	0x0000, 0x0000, 0x0000, 0x0000, 0x0000, 0x0000, 0x0000, 0x0000, 0x0000, 0x0000, 0x0000, 0x0000, 0x0000, 0x0000, 0x0000, 0x0000, 
	0x0000, 0x0000, 0x0000, 0x0000, 0x0000, 0x0000, 0x0000, 0x0000, 0x0000, 0x0000, 0x0000, 0x0000, 0x0000, 0xffff, 0xffff, 0x0000, 
	0x0000, 0x0000, 0x0000, 0x0000, 0x0000, 0x0000, 0x0000, 0x0000, 0x0000, 0x0000, 0x0000, 0x0000, 0x0000, 0x0000, 0x0000, 0x0000, 
	0x0000, 0x0000, 0x0000, 0x0000, 0x0000, 0x0000, 0x0000, 0x0000, 0x0000, 0x0000, 0x0000, 0x0000, 0x0000, 0x0000, 0x0000, 0x0000, 
	0x0000, 0x0000, 0x0000, 0x0000, 0x0000, 0x0000, 0x0000, 0x0000, 0x0000, 0x0000, 0x0000, 0x0000, 0x0000, 0x0000, 0x0000, 0x0000, 
	0x0000, 0x0000, 0x0000, 0xffff, 0xffff, 0x0000, 0x0000, 0x0000, 0x0000, 0x0000, 0x0000, 0x0000, 0x0000, 0x0000, 0x0000, 0x0000, 
	0x0000, 0x0000, 0x0000, 0x0000, 0x0000, 0x0000, 0x0000, 0x0000, 0x0000, 0x0000, 0x0000, 0x0000, 0x0000, 0x0000, 0x0000, 0x0000, 
	0x0000, 0x0000, 0x0000, 0x0000, 0x0000, 0x0000, 0x0000, 0x0000, 0x0000, 0x0000, 0x0000, 0x0000, 0x0000, 0x0000, 0x0000, 0x0000, 
	0x0000, 0x0000, 0x0000, 0x0000, 0x0000, 0x0000, 0x0000, 0x0000, 0x0000, 0xffff, 0xffff, 0x0000, 0x0000, 0x0000, 0x9e1f, 0x9e1f, 
	0x9e1f, 0x9e1f, 0x0000, 0x0000, 0x0000, 0x6d1f, 0x6d1f, 0x6d1f, 0x6d1f, 0x0000, 0x0000, 0x0000, 0x9e1f, 0x9e1f, 0x9e1f, 0x9e1f, 
	0x0000, 0x0000, 0x0000, 0x6d1f, 0x6d1f, 0x6d1f, 0x6d1f, 0x0000, 0x0000, 0x0000, 0x9e1f, 0x9e1f, 0x9e1f, 0x9e1f, 0x0000, 0x0000, 
	0x0000, 0x6d1f, 0x6d1f, 0x6d1f, 0x6d1f, 0x0000, 0x0000, 0x0000, 0x9e1f, 0x9e1f, 0x9e1f, 0x9e1f, 0x0000, 0x0000, 0x0000, 0xffff, 
	0xffff, 0x0000, 0x0000, 0x0000, 0x9e1f, 0x9e1f, 0x9e1f, 0x9e1f, 0x0000, 0x0000, 0x0000, 0x6d1f, 0x6d1f, 0x6d1f, 0x6d1f, 0x0000, 
	0x0000, 0x0000, 0x9e1f, 0x9e1f, 0x9e1f, 0x9e1f, 0x0000, 0x0000, 0x0000, 0x6d1f, 0x6d1f, 0x6d1f, 0x6d1f, 0x0000, 0x0000, 0x0000, 
	0x9e1f, 0x9e1f, 0x9e1f, 0x9e1f, 0x0000, 0x0000, 0x0000, 0x6d1f, 0x6d1f, 0x6d1f, 0x6d1f, 0x0000, 0x0000, 0x0000, 0x9e1f, 0x9e1f, 
	0x9e1f, 0x9e1f, 0x0000, 0x0000, 0x0000, 0xffff, 0xffff, 0x0000, 0x0000, 0x0000, 0x9e1f, 0x9e1f, 0x9e1f, 0x9e1f, 0x0000, 0x0000, 
	0x0000, 0x6d1f, 0x6d1f, 0x6d1f, 0x6d1f, 0x0000, 0x0000, 0x0000, 0x9e1f, 0x9e1f, 0x9e1f, 0x9e1f, 0x0000, 0x0000, 0x0000, 0x6d1f, 
	0x6d1f, 0x6d1f, 0x6d1f, 0x0000, 0x0000, 0x0000, 0x9e1f, 0x9e1f, 0x9e1f, 0x9e1f, 0x0000, 0x0000, 0x0000, 0x6d1f, 0x6d1f, 0x6d1f, 
	0x6d1f, 0x0000, 0x0000, 0x0000, 0x9e1f, 0x9e1f, 0x9e1f, 0x9e1f, 0x0000, 0x0000, 0x0000, 0xffff, 0xffff, 0x0000, 0x0000, 0x0000, 
	0x9e1f, 0x9e1f, 0x9e1f, 0x9e1f, 0x0000, 0x0000, 0x0000, 0x6d1f, 0x6d1f, 0x6d1f, 0x6d1f, 0x0000, 0x0000, 0x0000, 0x9e1f, 0x9e1f, 
	0x9e1f, 0x9e1f, 0x0000, 0x0000, 0x0000, 0x6d1f, 0x6d1f, 0x6d1f, 0x6d1f, 0x0000, 0x0000, 0x0000, 0x9e1f, 0x9e1f, 0x9e1f, 0x9e1f, 
	0x0000, 0x0000, 0x0000, 0x6d1f, 0x6d1f, 0x6d1f, 0x6d1f, 0x0000, 0x0000, 0x0000, 0x9e1f, 0x9e1f, 0x9e1f, 0x9e1f, 0x0000, 0x0000, 
	0x0000, 0xffff, 0xffff, 0x0000, 0x0000, 0x0000, 0x0000, 0x0000, 0x0000, 0x0000, 0x0000, 0x0000, 0x0000, 0x0000, 0x0000, 0x0000, 
	0x0000, 0x0000, 0x0000, 0x0000, 0x0000, 0x0000, 0x0000, 0x0000, 0x0000, 0x0000, 0x0000, 0x0000, 0x0000, 0x0000, 0x0000, 0x0000, 
	0x0000, 0x0000, 0x0000, 0x0000, 0x0000, 0x0000, 0x0000, 0x0000, 0x0000, 0x0000, 0x0000, 0x0000, 0x0000, 0x0000, 0x0000, 0x0000, 
	0x0000, 0x0000, 0x0000, 0x0000, 0x0000, 0x0000, 0x0000, 0xffff, 0xffff, 0x0000, 0x0000, 0x0000, 0x0000, 0x0000, 0x0000, 0x0000, 
	0x0000, 0x0000, 0x0000, 0x0000, 0x0000, 0x0000, 0x0000, 0x0000, 0x0000, 0x0000, 0x0000, 0x0000, 0x0000, 0x0000, 0x0000, 0x0000, 
	0x0000, 0x0000, 0x0000, 0x0000, 0x0000, 0x0000, 0x0000, 0x0000, 0x0000, 0x0000, 0x0000, 0x0000, 0x0000, 0x0000, 0x0000, 0x0000, 
	0x0000, 0x0000, 0x0000, 0x0000, 0x0000, 0x0000, 0x0000, 0x0000, 0x0000, 0x0000, 0x0000, 0x0000, 0x0000, 0xffff, 0xffff, 0x0000, 
	0x0000, 0x0000, 0x0000, 0x0000, 0x0000, 0x0000, 0x0000, 0x0000, 0x0000, 0x0000, 0x0000, 0x0000, 0x0000, 0x0000, 0x0000, 0x0000, 
	0x0000, 0x0000, 0x0000, 0x0000, 0x0000, 0x0000, 0x0000, 0x0000, 0x0000, 0x0000, 0x0000, 0x0000, 0x0000, 0x0000, 0x0000, 0x0000, 
	0x0000, 0x0000, 0x0000, 0x0000, 0x0000, 0x0000, 0x0000, 0x0000, 0x0000, 0x0000, 0x0000, 0x0000, 0x0000, 0x0000, 0x0000, 0x0000, 
	0x0000, 0x0000, 0x0000, 0xffff, 0xffff, 0x0000, 0x0000, 0x0000, 0x6d1f, 0x6d1f, 0x6d1f, 0x6d1f, 0x0000, 0x0000, 0x0000, 0x9e1f, 
	0x9e1f, 0x9e1f, 0x9e1f, 0x0000, 0x0000, 0x0000, 0x6d1f, 0x6d1f, 0x6d1f, 0x6d1f, 0x0000, 0x0000, 0x0000, 0x9e1f, 0x9e1f, 0x9e1f, 
	0x9e1f, 0x0000, 0x0000, 0x0000, 0x6d1f, 0x6d1f, 0x6d1f, 0x6d1f, 0x0000, 0x0000, 0x0000, 0x9e1f, 0x9e1f, 0x9e1f, 0x9e1f, 0x0000, 
	0x0000, 0x0000, 0x6d1f, 0x6d1f, 0x6d1f, 0x6d1f, 0x0000, 0x0000, 0x0000, 0xffff, 0xffff, 0x0000, 0x0000, 0x0000, 0x6d1f, 0x6d1f, 
	0x6d1f, 0x6d1f, 0x0000, 0x0000, 0x0000, 0x9e1f, 0x9e1f, 0x9e1f, 0x9e1f, 0x0000, 0x0000, 0x0000, 0x6d1f, 0x6d1f, 0x6d1f, 0x6d1f, 
	0x0000, 0x0000, 0x0000, 0x9e1f, 0x9e1f, 0x9e1f, 0x9e1f, 0x0000, 0x0000, 0x0000, 0x6d1f, 0x6d1f, 0x6d1f, 0x6d1f, 0x0000, 0x0000, 
	0x0000, 0x9e1f, 0x9e1f, 0x9e1f, 0x9e1f, 0x0000, 0x0000, 0x0000, 0x6d1f, 0x6d1f, 0x6d1f, 0x6d1f, 0x0000, 0x0000, 0x0000, 0xffff, 
	0xffff, 0x0000, 0x0000, 0x0000, 0x6d1f, 0x6d1f, 0x6d1f, 0x6d1f, 0x0000, 0x0000, 0x0000, 0x9e1f, 0x9e1f, 0x9e1f, 0x9e1f, 0x0000, 
	0x0000, 0x0000, 0x6d1f, 0x6d1f, 0x6d1f, 0x6d1f, 0x0000, 0x0000, 0x0000, 0x9e1f, 0x9e1f, 0x9e1f, 0x9e1f, 0x0000, 0x0000, 0x0000, 
	0x6d1f, 0x6d1f, 0x6d1f, 0x6d1f, 0x0000, 0x0000, 0x0000, 0x9e1f, 0x9e1f, 0x9e1f, 0x9e1f, 0x0000, 0x0000, 0x0000, 0x6d1f, 0x6d1f, 
	0x6d1f, 0x6d1f, 0x0000, 0x0000, 0x0000, 0xffff, 0xffff, 0x0000, 0x0000, 0x0000, 0x6d1f, 0x6d1f, 0x6d1f, 0x6d1f, 0x0000, 0x0000, 
	0x0000, 0x9e1f, 0x9e1f, 0x9e1f, 0x9e1f, 0x0000, 0x0000, 0x0000, 0x6d1f, 0x6d1f, 0x6d1f, 0x6d1f, 0x0000, 0x0000, 0x0000, 0x9e1f, 
	0x9e1f, 0x9e1f, 0x9e1f, 0x0000, 0x0000, 0x0000, 0x6d1f, 0x6d1f, 0x6d1f, 0x6d1f, 0x0000, 0x0000, 0x0000, 0x9e1f, 0x9e1f, 0x9e1f, 
	0x9e1f, 0x0000, 0x0000, 0x0000, 0x6d1f, 0x6d1f, 0x6d1f, 0x6d1f, 0x0000, 0x0000, 0x0000, 0xffff, 0xffff, 0x0000, 0x0000, 0x0000, 
	0x0000, 0x0000, 0x0000, 0x0000, 0x0000, 0x0000, 0x0000, 0x0000, 0x0000, 0x0000, 0x0000, 0x0000, 0x0000, 0x0000, 0x0000, 0x0000, 
	0x0000, 0x0000, 0x0000, 0x0000, 0x0000, 0x0000, 0x0000, 0x0000, 0x0000, 0x0000, 0x0000, 0x0000, 0x0000, 0x0000, 0x0000, 0x0000, 
	0x0000, 0x0000, 0x0000, 0x0000, 0x0000, 0x0000, 0x0000, 0x0000, 0x0000, 0x0000, 0x0000, 0x0000, 0x0000, 0x0000, 0x0000, 0x0000, 
	0x0000, 0xffff, 0xffff, 0x0000, 0x0000, 0x0000, 0x0000, 0x0000, 0x0000, 0x0000, 0x0000, 0x0000, 0x0000, 0x0000, 0x0000, 0x0000, 
	0x0000, 0x0000, 0x0000, 0x0000, 0x0000, 0x0000, 0x0000, 0x0000, 0x0000, 0x0000, 0x0000, 0x0000, 0x0000, 0x0000, 0x0000, 0x0000, 
	0x0000, 0x0000, 0x0000, 0x0000, 0x0000, 0x0000, 0x0000, 0x0000, 0x0000, 0x0000, 0x0000, 0x0000, 0x0000, 0x0000, 0x0000, 0x0000, 
	0x0000, 0x0000, 0x0000, 0x0000, 0x0000, 0x0000, 0x0000, 0xffff, 0xffff, 0x0000, 0x0000, 0x0000, 0x0000, 0x0000, 0x0000, 0x0000, 
	0x0000, 0x0000, 0x0000, 0x0000, 0x0000, 0x0000, 0x0000, 0x0000, 0x0000, 0x0000, 0x0000, 0x0000, 0x0000, 0x0000, 0x0000, 0x0000, 
	0x0000, 0x0000, 0x0000, 0x0000, 0x0000, 0x0000, 0x0000, 0x0000, 0x0000, 0x0000, 0x0000, 0x0000, 0x0000, 0x0000, 0x0000, 0x0000, 
	0x0000, 0x0000, 0x0000, 0x0000, 0x0000, 0x0000, 0x0000, 0x0000, 0x0000, 0x0000, 0x0000, 0x0000, 0x0000, 0xffff, 0xffff, 0xffff, 
	0xffff, 0xffff, 0xffff, 0xffff, 0xffff, 0xffff, 0xffff, 0xffff, 0xffff, 0xffff, 0xffff, 0xffff, 0xffff, 0xffff, 0xffff, 0xffff, 
	0xffff, 0xffff, 0xffff, 0xffff, 0xffff, 0xffff, 0xffff, 0xffff, 0xffff, 0xffff, 0xffff, 0xffff, 0xffff, 0xffff, 0xffff, 0xffff, 
	0xffff, 0xffff, 0xffff, 0xffff, 0xffff, 0xffff, 0xffff, 0xffff, 0xffff, 0xffff, 0xffff, 0xffff, 0xffff, 0xffff, 0xffff, 0xffff, 
	0xffff, 0xffff, 0xffff, 0xffff
};

const uint16_t blindbuttonD[] PROGMEM = {
	0xffff, 0xffff, 0xffff, 0xffff, 0xffff, 0xffff, 0xffff, 0xffff, 0xffff, 0xffff, 0xffff, 0xffff, 0xffff, 0xffff, 0xffff, 0xffff, 
	0xffff, 0xffff, 0xffff, 0xffff, 0xffff, 0xffff, 0xffff, 0xffff, 0xffff, 0xffff, 0xffff, 0xffff, 0xffff, 0xffff, 0xffff, 0xffff, 
	0xffff, 0xffff, 0xffff, 0xffff, 0xffff, 0xffff, 0xffff, 0xffff, 0xffff, 0xffff, 0xffff, 0xffff, 0xffff, 0xffff, 0xffff, 0xffff, 
	0xffff, 0xffff, 0xffff, 0xffff, 0xffff, 0xffff, 0xffff, 0x0000, 0x0000, 0x0000, 0x0000, 0x0000, 0x0000, 0x0000, 0x0000, 0x0000, 
	0x0000, 0x0000, 0x0000, 0x0000, 0x0000, 0x0000, 0x0000, 0x0000, 0x0000, 0x0000, 0x0000, 0x0000, 0x0000, 0x0000, 0x0000, 0x0000, 
	0x0000, 0x0000, 0x0000, 0x0000, 0x0000, 0x0000, 0x0000, 0x0000, 0x0000, 0x0000, 0x0000, 0x0000, 0x0000, 0x0000, 0x0000, 0x0000, 
	0x0000, 0x0000, 0x0000, 0x0000, 0x0000, 0x0000, 0x0000, 0x0000, 0x0000, 0x0000, 0x0000, 0xffff, 0xffff, 0x0000, 0x0000, 0x0000, 
	0x0000, 0x0000, 0x0000, 0x0000, 0x0000, 0x0000, 0x0000, 0x0000, 0x0000, 0x0000, 0x0000, 0x0000, 0x0000, 0x0000, 0x0000, 0x0000, 
	0x0000, 0x0000, 0x0000, 0x0000, 0x0000, 0x0000, 0x0000, 0x0000, 0x0000, 0x0000, 0x0000, 0x0000, 0x0000, 0x0000, 0x0000, 0x0000, 
	0x0000, 0x0000, 0x0000, 0x0000, 0x0000, 0x0000, 0x0000, 0x0000, 0x0000, 0x0000, 0x0000, 0x0000, 0x0000, 0x0000, 0x0000, 0x0000, 
	0x0000, 0xffff, 0xffff, 0x0000, 0x0000, 0x0000, 0x0000, 0x0000, 0x0000, 0x0000, 0x0000, 0x0000, 0x0000, 0x0000, 0x0000, 0x0000, 
	0x0000, 0x0000, 0x0000, 0x0000, 0x0000, 0x0000, 0x0000, 0x0000, 0x0000, 0x0000, 0x0000, 0x0000, 0x0000, 0x0000, 0x0000, 0x0000, 
	0x0000, 0x0000, 0x0000, 0x0000, 0x0000, 0x0000, 0x0000, 0x0000, 0x0000, 0x0000, 0x0000, 0x0000, 0x0000, 0x0000, 0x0000, 0x0000, 
	0x0000, 0x0000, 0x0000, 0x0000, 0x0000, 0x0000, 0x0000, 0xffff, 0xffff, 0x0000, 0x0000, 0x0000, 0x0000, 0x6d1f, 0x6d1f, 0x6d1f, 
	0x6d1f, 0x6d1f, 0x6d1f, 0x6d1f, 0x6d1f, 0x6d1f, 0x6d1f, 0x6d1f, 0x6d1f, 0x0000, 0x0000, 0x0000, 0x0000, 0x0000, 0x0000, 0x0000, 
	0x0000, 0x0000, 0x0000, 0x0000, 0x0000, 0x0000, 0x0000, 0x0000, 0x0000, 0x0000, 0x0000, 0x0000, 0x0000, 0x6d1f, 0x6d1f, 0x6d1f, 
	0x6d1f, 0x0000, 0x0000, 0x0000, 0x0000, 0x0000, 0x0000, 0x0000, 0x0000, 0x0000, 0x0000, 0x0000, 0x0000, 0xffff, 0xffff, 0x0000, 
	0x0000, 0x0000, 0x0000, 0x6d1f, 0x6d1f, 0x6d1f, 0x6d1f, 0x6d1f, 0x6d1f, 0x6d1f, 0x6d1f, 0x6d1f, 0x6d1f, 0x6d1f, 0x6d1f, 0x0000, 
	0x0000, 0x0000, 0x0000, 0x0000, 0x0000, 0x0000, 0x0000, 0x0000, 0x0000, 0x0000, 0x0000, 0x0000, 0x0000, 0x0000, 0x0000, 0x6d1f, 
	0x6d1f, 0x6d1f, 0x6d1f, 0x6d1f, 0x6d1f, 0x6d1f, 0x6d1f, 0x6d1f, 0x6d1f, 0x6d1f, 0x6d1f, 0x6d1f, 0x0000, 0x0000, 0x0000, 0x0000, 
	0x0000, 0x0000, 0x0000, 0xffff, 0xffff, 0x0000, 0x0000, 0x0000, 0x0000, 0x6d1f, 0x6d1f, 0x6d1f, 0x6d1f, 0x6d1f, 0x6d1f, 0x6d1f, 
	0x6d1f, 0x6d1f, 0x6d1f, 0x6d1f, 0x6d1f, 0x0000, 0x0000, 0x0000, 0x0000, 0x0000, 0x0000, 0x0000, 0x0000, 0x0000, 0x0000, 0x0000, 
	0x0000, 0x0000, 0x0000, 0x6d1f, 0x6d1f, 0x6d1f, 0x6d1f, 0x6d1f, 0x6d1f, 0x6d1f, 0x6d1f, 0x6d1f, 0x6d1f, 0x6d1f, 0x6d1f, 0x6d1f, 
	0x6d1f, 0x6d1f, 0x6d1f, 0x6d1f, 0x0000, 0x0000, 0x0000, 0x0000, 0x0000, 0xffff, 0xffff, 0x0000, 0x0000, 0x0000, 0x0000, 0x6d1f, 
	0x6d1f, 0x6d1f, 0x6d1f, 0x6d1f, 0x6d1f, 0x6d1f, 0x6d1f, 0x6d1f, 0x6d1f, 0x6d1f, 0x6d1f, 0x0000, 0x0000, 0x0000, 0x0000, 0x0000, 
	0x0000, 0x0000, 0x0000, 0x0000, 0x0000, 0x0000, 0x0000, 0x0000, 0x6d1f, 0x6d1f, 0x6d1f, 0x6d1f, 0x6d1f, 0x6d1f, 0x6d1f, 0x6d1f, 
	0x6d1f, 0x6d1f, 0x6d1f, 0x6d1f, 0x6d1f, 0x6d1f, 0x6d1f, 0x6d1f, 0x6d1f, 0x6d1f, 0x0000, 0x0000, 0x0000, 0x0000, 0x0000, 0xffff, 
	0xffff, 0x0000, 0x0000, 0x0000, 0x0000, 0x6d1f, 0x6d1f, 0x6d1f, 0x6d1f, 0x6d1f, 0x6d1f, 0x6d1f, 0x6d1f, 0x6d1f, 0x6d1f, 0x6d1f, 
	0x6d1f, 0x0000, 0x0000, 0x0000, 0x0000, 0x0000, 0x0000, 0x0000, 0x0000, 0x0000, 0x0000, 0x0000, 0x0000, 0x6d1f, 0x6d1f, 0x6d1f, 
	0x6d1f, 0x6d1f, 0x6d1f, 0x6d1f, 0x6d1f, 0x6d1f, 0x6d1f, 0x6d1f, 0x6d1f, 0x6d1f, 0x6d1f, 0x6d1f, 0x6d1f, 0x6d1f, 0x6d1f, 0x6d1f, 
	0x6d1f, 0x0000, 0x0000, 0x0000, 0x0000, 0xffff, 0xffff, 0x0000, 0x0000, 0x0000, 0x0000, 0x6d1f, 0x6d1f, 0x6d1f, 0x6d1f, 0x6d1f, 
	0x6d1f, 0x6d1f, 0x6d1f, 0x6d1f, 0x6d1f, 0x6d1f, 0x6d1f, 0x0000, 0x0000, 0x0000, 0x0000, 0x0000, 0x0000, 0x0000, 0x0000, 0x0000, 
	0x0000, 0x0000, 0x6d1f, 0x6d1f, 0x6d1f, 0x6d1f, 0x6d1f, 0x6d1f, 0x6d1f, 0x6d1f, 0x6d1f, 0x6d1f, 0x6d1f, 0x6d1f, 0x6d1f, 0x6d1f, 
	0x6d1f, 0x6d1f, 0x6d1f, 0x6d1f, 0x6d1f, 0x6d1f, 0x6d1f, 0x0000, 0x0000, 0x0000, 0x0000, 0xffff, 0xffff, 0x0000, 0x0000, 0x0000, 
	0x0000, 0x6d1f, 0x6d1f, 0x6d1f, 0x6d1f, 0x6d1f, 0x6d1f, 0x6d1f, 0x6d1f, 0x6d1f, 0x6d1f, 0x6d1f, 0x6d1f, 0x0000, 0x0000, 0x0000, 
	0x0000, 0x0000, 0x0000, 0x0000, 0x0000, 0x0000, 0x0000, 0x0000, 0x6d1f, 0x6d1f, 0x6d1f, 0x6d1f, 0x6d1f, 0x6d1f, 0x6d1f, 0x6d1f, 
	0x6d1f, 0x6d1f, 0x6d1f, 0x6d1f, 0x6d1f, 0x6d1f, 0x6d1f, 0x6d1f, 0x6d1f, 0x6d1f, 0x6d1f, 0x6d1f, 0x6d1f, 0x0000, 0x0000, 0x0000, 
	0x0000, 0xffff, 0xffff, 0x0000, 0x0000, 0x0000, 0x0000, 0x6d1f, 0x6d1f, 0x6d1f, 0x6d1f, 0x6d1f, 0x6d1f, 0x6d1f, 0x6d1f, 0x6d1f, 
	0x6d1f, 0x6d1f, 0x6d1f, 0x0000, 0x0000, 0x0000, 0x0000, 0x0000, 0x0000, 0x0000, 0x0000, 0x0000, 0x0000, 0x0000, 0x6d1f, 0x6d1f, 
	0x6d1f, 0x6d1f, 0x6d1f, 0x6d1f, 0x6d1f, 0x6d1f, 0x6d1f, 0x6d1f, 0x6d1f, 0x6d1f, 0x6d1f, 0x6d1f, 0x6d1f, 0x6d1f, 0x6d1f, 0x6d1f, 
	0x6d1f, 0x6d1f, 0x6d1f, 0x0000, 0x0000, 0x0000, 0x0000, 0xffff, 0xffff, 0x0000, 0x0000, 0x0000, 0x0000, 0x6d1f, 0x6d1f, 0x6d1f, 
	0x6d1f, 0x6d1f, 0x6d1f, 0x6d1f, 0x6d1f, 0x6d1f, 0x6d1f, 0x6d1f, 0x6d1f, 0x0000, 0x0000, 0x0000, 0x0000, 0x0000, 0x0000, 0x0000, 
	0x0000, 0x0000, 0x6d1f, 0x6d1f, 0x6d1f, 0x6d1f, 0x6d1f, 0x6d1f, 0x6d1f, 0x6d1f, 0x6d1f, 0x6d1f, 0x6d1f, 0x6d1f, 0x6d1f, 0x6d1f, 
	0x6d1f, 0x6d1f, 0x6d1f, 0x6d1f, 0x6d1f, 0x6d1f, 0x6d1f, 0x6d1f, 0x6d1f, 0x0000, 0x0000, 0x0000, 0x0000, 0xffff, 0xffff, 0x0000, 
	0x0000, 0x0000, 0x0000, 0x6d1f, 0x6d1f, 0x6d1f, 0x6d1f, 0x6d1f, 0x6d1f, 0x6d1f, 0x6d1f, 0x6d1f, 0x6d1f, 0x6d1f, 0x6d1f, 0x0000, 
	0x0000, 0x0000, 0x0000, 0x0000, 0x0000, 0x0000, 0x0000, 0x0000, 0x6d1f, 0x6d1f, 0x6d1f, 0x6d1f, 0x6d1f, 0x6d1f, 0x6d1f, 0x6d1f, 
	0x6d1f, 0x6d1f, 0x6d1f, 0x6d1f, 0x6d1f, 0x6d1f, 0x6d1f, 0x6d1f, 0x6d1f, 0x6d1f, 0x6d1f, 0x6d1f, 0x6d1f, 0x6d1f, 0x6d1f, 0x0000, 
	0x0000, 0x0000, 0x0000, 0xffff, 0xffff, 0x0000, 0x0000, 0x0000, 0x0000, 0x6d1f, 0x6d1f, 0x6d1f, 0x6d1f, 0x6d1f, 0x6d1f, 0x6d1f, 
	0x6d1f, 0x6d1f, 0x6d1f, 0x6d1f, 0x6d1f, 0x0000, 0x0000, 0x0000, 0x0000, 0x0000, 0x0000, 0x0000, 0x0000, 0x0000, 0x6d1f, 0x6d1f, 
	0x6d1f, 0x6d1f, 0x6d1f, 0x6d1f, 0x6d1f, 0x6d1f, 0x6d1f, 0x6d1f, 0x6d1f, 0x6d1f, 0x6d1f, 0x6d1f, 0x6d1f, 0x6d1f, 0x6d1f, 0x6d1f, 
	0x6d1f, 0x6d1f, 0x6d1f, 0x6d1f, 0x6d1f, 0x0000, 0x0000, 0x0000, 0x0000, 0xffff, 0xffff, 0x0000, 0x0000, 0x0000, 0x0000, 0x6d1f, 
	0x6d1f, 0x6d1f, 0x6d1f, 0x6d1f, 0x6d1f, 0x6d1f, 0x6d1f, 0x6d1f, 0x6d1f, 0x6d1f, 0x6d1f, 0x0000, 0x0000, 0x0000, 0x0000, 0x0000, 
	0x0000, 0x0000, 0x0000, 0x6d1f, 0x6d1f, 0x6d1f, 0x6d1f, 0x6d1f, 0x6d1f, 0x6d1f, 0x6d1f, 0x6d1f, 0x6d1f, 0x6d1f, 0x6d1f, 0x6d1f, 
	0x6d1f, 0x6d1f, 0x6d1f, 0x6d1f, 0x6d1f, 0x6d1f, 0x6d1f, 0x6d1f, 0x6d1f, 0x6d1f, 0x6d1f, 0x0000, 0x0000, 0x0000, 0x0000, 0xffff, 
	0xffff, 0x0000, 0x0000, 0x0000, 0x0000, 0x0000, 0x0000, 0x0000, 0x0000, 0x0000, 0x0000, 0x0000, 0x0000, 0x0000, 0x0000, 0x0000, 
	0x0000, 0x0000, 0x0000, 0x0000, 0x0000, 0x0000, 0x0000, 0x0000, 0x0000, 0x6d1f, 0x6d1f, 0x6d1f, 0x6d1f, 0x6d1f, 0x6d1f, 0x6d1f, 
	0x6d1f, 0x6d1f, 0x6d1f, 0x6d1f, 0x6d1f, 0x6d1f, 0x6d1f, 0x6d1f, 0x6d1f, 0x6d1f, 0x6d1f, 0x6d1f, 0x6d1f, 0x6d1f, 0x6d1f, 0x6d1f, 
	0x6d1f, 0x0000, 0x0000, 0x0000, 0x0000, 0xffff, 0xffff, 0x0000, 0x0000, 0x0000, 0x0000, 0x0000, 0x0000, 0x0000, 0x0000, 0x0000, 
	0x0000, 0x0000, 0x0000, 0x0000, 0x0000, 0x0000, 0x0000, 0x0000, 0x0000, 0x0000, 0x0000, 0x0000, 0x0000, 0x0000, 0x0000, 0x6d1f, 
	0x6d1f, 0x6d1f, 0x6d1f, 0x6d1f, 0x6d1f, 0x6d1f, 0x6d1f, 0x6d1f, 0x6d1f, 0x6d1f, 0x6d1f, 0x6d1f, 0x6d1f, 0x6d1f, 0x6d1f, 0x6d1f, 
	0x6d1f, 0x6d1f, 0x6d1f, 0x6d1f, 0x6d1f, 0x6d1f, 0x0000, 0x0000, 0x0000, 0x0000, 0x0000, 0xffff, 0xffff, 0x0000, 0x0000, 0x0000, 
	0x0000, 0x0000, 0x0000, 0x0000, 0x0000, 0x0000, 0x0000, 0x0000, 0x0000, 0x0000, 0x0000, 0x0000, 0x0000, 0x0000, 0x0000, 0x0000, 
	0x0000, 0x0000, 0x0000, 0x0000, 0x0000, 0x6d1f, 0x6d1f, 0x6d1f, 0x6d1f, 0x6d1f, 0x6d1f, 0x6d1f, 0x6d1f, 0x6d1f, 0x6d1f, 0x6d1f, 
	0x6d1f, 0x6d1f, 0x6d1f, 0x6d1f, 0x6d1f, 0x6d1f, 0x6d1f, 0x6d1f, 0x6d1f, 0x6d1f, 0x6d1f, 0x6d1f, 0x0000, 0x0000, 0x0000, 0x0000, 
	0x0000, 0xffff, 0xffff, 0x0000, 0x0000, 0x0000, 0x0000, 0x0000, 0x0000, 0x0000, 0x0000, 0x0000, 0x0000, 0x0000, 0x0000, 0x0000, 
	0x0000, 0x0000, 0x0000, 0x0000, 0x0000, 0x0000, 0x0000, 0x0000, 0x0000, 0x0000, 0x0000, 0x6d1f, 0x6d1f, 0x6d1f, 0x6d1f, 0x6d1f, 
	0x6d1f, 0x6d1f, 0x6d1f, 0x6d1f, 0x6d1f, 0x6d1f, 0x6d1f, 0x6d1f, 0x6d1f, 0x6d1f, 0x6d1f, 0x6d1f, 0x6d1f, 0x6d1f, 0x6d1f, 0x6d1f, 
	0x6d1f, 0x6d1f, 0x0000, 0x0000, 0x0000, 0x0000, 0x0000, 0xffff, 0xffff, 0x0000, 0x0000, 0x0000, 0x0000, 0x0000, 0x0000, 0x0000, 
	0x0000, 0x0000, 0x0000, 0x0000, 0x0000, 0x0000, 0x0000, 0x0000, 0x0000, 0x0000, 0x0000, 0x0000, 0x0000, 0x0000, 0x0000, 0x0000, 
	0x0000, 0x6d1f, 0x6d1f, 0x6d1f, 0x6d1f, 0x6d1f, 0x6d1f, 0x6d1f, 0x6d1f, 0x6d1f, 0x6d1f, 0x6d1f, 0x6d1f, 0x6d1f, 0x6d1f, 0x6d1f, 
	0x6d1f, 0x6d1f, 0x6d1f, 0x6d1f, 0x6d1f, 0x6d1f, 0x6d1f, 0x6d1f, 0x0000, 0x0000, 0x0000, 0x0000, 0x0000, 0xffff, 0xffff, 0x0000, 
	0x0000, 0x0000, 0x0000, 0x9e1f, 0x9e1f, 0x9e1f, 0x9e1f, 0x9e1f, 0x9e1f, 0x9e1f, 0x9e1f, 0x9e1f, 0x9e1f, 0x9e1f, 0x9e1f, 0x0000, 
	0x0000, 0x0000, 0x0000, 0x0000, 0x0000, 0x0000, 0x0000, 0x6d1f, 0x6d1f, 0x6d1f, 0x6d1f, 0x6d1f, 0x6d1f, 0x6d1f, 0x6d1f, 0x6d1f, 
	0x6d1f, 0x6d1f, 0x6d1f, 0x6d1f, 0x6d1f, 0x6d1f, 0x6d1f, 0x6d1f, 0x6d1f, 0x6d1f, 0x6d1f, 0x6d1f, 0x6d1f, 0x6d1f, 0x0000, 0x0000, 
	0x0000, 0x0000, 0x0000, 0xffff, 0xffff, 0x0000, 0x0000, 0x0000, 0x0000, 0x9e1f, 0x9e1f, 0x9e1f, 0x9e1f, 0x9e1f, 0x9e1f, 0x9e1f, 
	0x9e1f, 0x9e1f, 0x9e1f, 0x9e1f, 0x9e1f, 0x0000, 0x0000, 0x0000, 0x0000, 0x0000, 0x0000, 0x0000, 0x0000, 0x6d1f, 0x6d1f, 0x6d1f, 
	0x6d1f, 0x6d1f, 0x6d1f, 0x6d1f, 0x6d1f, 0x6d1f, 0x6d1f, 0x6d1f, 0x6d1f, 0x6d1f, 0x6d1f, 0x6d1f, 0x6d1f, 0x6d1f, 0x6d1f, 0x6d1f, 
	0x6d1f, 0x6d1f, 0x6d1f, 0x6d1f, 0x0000, 0x0000, 0x0000, 0x0000, 0x0000, 0xffff, 0xffff, 0x0000, 0x0000, 0x0000, 0x0000, 0x9e1f, 
	0x9e1f, 0x9e1f, 0x9e1f, 0x9e1f, 0x9e1f, 0x9e1f, 0x9e1f, 0x9e1f, 0x9e1f, 0x9e1f, 0x9e1f, 0x0000, 0x0000, 0x0000, 0x0000, 0x0000, 
	0x0000, 0x0000, 0x0000, 0x6d1f, 0x6d1f, 0x6d1f, 0x6d1f, 0x6d1f, 0x6d1f, 0x6d1f, 0x6d1f, 0x6d1f, 0x6d1f, 0x6d1f, 0x6d1f, 0x6d1f, 
	0x6d1f, 0x6d1f, 0x6d1f, 0x6d1f, 0x6d1f, 0x6d1f, 0x6d1f, 0x6d1f, 0x6d1f, 0x0000, 0x0000, 0x0000, 0x0000, 0x0000, 0x0000, 0xffff, 
	0xffff, 0x0000, 0x0000, 0x0000, 0x0000, 0x9e1f, 0x9e1f, 0x9e1f, 0x9e1f, 0x9e1f, 0x9e1f, 0x9e1f, 0x9e1f, 0x9e1f, 0x9e1f, 0x9e1f, 
	0x9e1f, 0x0000, 0x0000, 0x0000, 0x0000, 0x0000, 0x0000, 0x0000, 0x0000, 0x6d1f, 0x6d1f, 0x6d1f, 0x6d1f, 0x6d1f, 0x6d1f, 0x6d1f, 
	0x6d1f, 0x6d1f, 0x6d1f, 0x6d1f, 0x6d1f, 0x6d1f, 0x6d1f, 0x6d1f, 0x6d1f, 0x6d1f, 0x6d1f, 0x6d1f, 0x6d1f, 0x6d1f, 0x6d1f, 0x0000, 
	0x0000, 0x0000, 0x0000, 0x0000, 0x0000, 0xffff, 0xffff, 0x0000, 0x0000, 0x0000, 0x0000, 0x9e1f, 0x9e1f, 0x9e1f, 0x9e1f, 0x9e1f, 
	0x9e1f, 0x9e1f, 0x9e1f, 0x9e1f, 0x9e1f, 0x9e1f, 0x9e1f, 0x0000, 0x0000, 0x0000, 0x0000, 0x0000, 0x0000, 0x0000, 0x0000, 0x6d1f, 
	0x6d1f, 0x6d1f, 0x6d1f, 0x6d1f, 0x6d1f, 0x6d1f, 0x6d1f, 0x6d1f, 0x6d1f, 0x6d1f, 0x6d1f, 0x6d1f, 0x6d1f, 0x6d1f, 0x6d1f, 0x6d1f, 
	0x6d1f, 0x6d1f, 0x6d1f, 0x6d1f, 0x6d1f, 0x0000, 0x0000, 0x0000, 0x0000, 0x0000, 0x0000, 0xffff, 0xffff, 0x0000, 0x0000, 0x0000, 
	0x0000, 0x9e1f, 0x9e1f, 0x9e1f, 0x9e1f, 0x9e1f, 0x9e1f, 0x9e1f, 0x9e1f, 0x9e1f, 0x9e1f, 0x9e1f, 0x9e1f, 0x0000, 0x0000, 0x0000, 
	0x0000, 0x0000, 0x0000, 0x0000, 0x0000, 0x6d1f, 0x6d1f, 0x6d1f, 0x6d1f, 0x6d1f, 0x6d1f, 0x6d1f, 0x6d1f, 0x6d1f, 0x6d1f, 0x6d1f, 
	0x6d1f, 0x6d1f, 0x6d1f, 0x6d1f, 0x6d1f, 0x6d1f, 0x6d1f, 0x6d1f, 0x6d1f, 0x6d1f, 0x6d1f, 0x0000, 0x0000, 0x0000, 0x0000, 0x0000, 
	0x0000, 0xffff, 0xffff, 0x0000, 0x0000, 0x0000, 0x0000, 0x9e1f, 0x9e1f, 0x9e1f, 0x9e1f, 0x9e1f, 0x9e1f, 0x9e1f, 0x9e1f, 0x9e1f, 
	0x9e1f, 0x9e1f, 0x9e1f, 0x0000, 0x0000, 0x0000, 0x0000, 0x0000, 0x0000, 0x0000, 0x0000, 0x6d1f, 0x6d1f, 0x6d1f, 0x6d1f, 0x6d1f, 
	0x6d1f, 0x6d1f, 0x6d1f, 0x6d1f, 0x6d1f, 0x6d1f, 0x6d1f, 0x6d1f, 0x6d1f, 0x6d1f, 0x6d1f, 0x6d1f, 0x6d1f, 0x6d1f, 0x6d1f, 0x6d1f, 
	0x6d1f, 0x0000, 0x0000, 0x0000, 0x0000, 0x0000, 0x0000, 0xffff, 0xffff, 0x0000, 0x0000, 0x0000, 0x0000, 0x9e1f, 0x9e1f, 0x9e1f, 
	0x9e1f, 0x9e1f, 0x9e1f, 0x9e1f, 0x9e1f, 0x9e1f, 0x9e1f, 0x9e1f, 0x9e1f, 0x0000, 0x0000, 0x0000, 0x0000, 0x0000, 0x0000, 0x0000, 
	0x0000, 0x6d1f, 0x6d1f, 0x6d1f, 0x6d1f, 0x6d1f, 0x6d1f, 0x6d1f, 0x6d1f, 0x6d1f, 0x6d1f, 0x6d1f, 0x6d1f, 0x6d1f, 0x6d1f, 0x6d1f, 
	0x6d1f, 0x6d1f, 0x6d1f, 0x6d1f, 0x6d1f, 0x6d1f, 0x6d1f, 0x0000, 0x0000, 0x0000, 0x0000, 0x0000, 0x0000, 0xffff, 0xffff, 0x0000, 
	0x0000, 0x0000, 0x0000, 0x9e1f, 0x9e1f, 0x9e1f, 0x9e1f, 0x9e1f, 0x9e1f, 0x9e1f, 0x9e1f, 0x9e1f, 0x9e1f, 0x9e1f, 0x9e1f, 0x0000, 
	0x0000, 0x0000, 0x0000, 0x0000, 0x0000, 0x0000, 0x0000, 0x6d1f, 0x6d1f, 0x6d1f, 0x6d1f, 0x6d1f, 0x6d1f, 0x6d1f, 0x6d1f, 0x6d1f, 
	0x6d1f, 0x6d1f, 0x6d1f, 0x6d1f, 0x6d1f, 0x6d1f, 0x6d1f, 0x6d1f, 0x6d1f, 0x6d1f, 0x6d1f, 0x6d1f, 0x6d1f, 0x0000, 0x0000, 0x0000, 
	0x0000, 0x0000, 0x0000, 0xffff, 0xffff, 0x0000, 0x0000, 0x0000, 0x0000, 0x9e1f, 0x9e1f, 0x9e1f, 0x9e1f, 0x9e1f, 0x9e1f, 0x9e1f, 
	0x9e1f, 0x9e1f, 0x9e1f, 0x9e1f, 0x9e1f, 0x0000, 0x0000, 0x0000, 0x0000, 0x0000, 0x0000, 0x0000, 0x0000, 0x6d1f, 0x6d1f, 0x6d1f, 
	0x6d1f, 0x6d1f, 0x6d1f, 0x6d1f, 0x6d1f, 0x6d1f, 0x6d1f, 0x6d1f, 0x6d1f, 0x6d1f, 0x6d1f, 0x6d1f, 0x6d1f, 0x6d1f, 0x6d1f, 0x6d1f, 
	0x6d1f, 0x6d1f, 0x6d1f, 0x0000, 0x0000, 0x0000, 0x0000, 0x0000, 0x0000, 0xffff, 0xffff, 0x0000, 0x0000, 0x0000, 0x0000, 0x9e1f, 
	0x9e1f, 0x9e1f, 0x9e1f, 0x9e1f, 0x9e1f, 0x9e1f, 0x9e1f, 0x9e1f, 0x9e1f, 0x9e1f, 0x9e1f, 0x0000, 0x0000, 0x0000, 0x0000, 0x0000, 
	0x0000, 0x0000, 0x0000, 0x6d1f, 0x6d1f, 0x6d1f, 0x6d1f, 0x6d1f, 0x6d1f, 0x6d1f, 0x6d1f, 0x6d1f, 0x6d1f, 0x6d1f, 0x6d1f, 0x6d1f, 
	0x6d1f, 0x6d1f, 0x6d1f, 0x6d1f, 0x6d1f, 0x6d1f, 0x6d1f, 0x6d1f, 0x6d1f, 0x6d1f, 0x0000, 0x0000, 0x0000, 0x0000, 0x0000, 0xffff, 
	0xffff, 0x0000, 0x0000, 0x0000, 0x0000, 0x9e1f, 0x9e1f, 0x9e1f, 0x9e1f, 0x9e1f, 0x9e1f, 0x9e1f, 0x9e1f, 0x9e1f, 0x9e1f, 0x9e1f, 
	0x9e1f, 0x0000, 0x0000, 0x0000, 0x0000, 0x0000, 0x0000, 0x0000, 0x0000, 0x6d1f, 0x6d1f, 0x6d1f, 0x6d1f, 0x6d1f, 0x6d1f, 0x6d1f, 
	0x6d1f, 0x6d1f, 0x6d1f, 0x6d1f, 0x6d1f, 0x6d1f, 0x6d1f, 0x6d1f, 0x6d1f, 0x6d1f, 0x6d1f, 0x6d1f, 0x6d1f, 0x6d1f, 0x6d1f, 0x6d1f, 
	0x0000, 0x0000, 0x0000, 0x0000, 0x0000, 0xffff, 0xffff, 0x0000, 0x0000, 0x0000, 0x0000, 0x0000, 0x0000, 0x0000, 0x0000, 0x0000, 
	0x0000, 0x0000, 0x0000, 0x0000, 0x0000, 0x0000, 0x0000, 0x0000, 0x0000, 0x0000, 0x0000, 0x0000, 0x0000, 0x0000, 0x0000, 0x6d1f, 
	0x6d1f, 0x6d1f, 0x6d1f, 0x6d1f, 0x6d1f, 0x6d1f, 0x6d1f, 0x6d1f, 0x6d1f, 0x6d1f, 0x6d1f, 0x6d1f, 0x6d1f, 0x6d1f, 0x6d1f, 0x6d1f, 
	0x6d1f, 0x6d1f, 0x6d1f, 0x6d1f, 0x6d1f, 0x6d1f, 0x0000, 0x0000, 0x0000, 0x0000, 0x0000, 0xffff, 0xffff, 0x0000, 0x0000, 0x0000, 
	0x0000, 0x0000, 0x0000, 0x0000, 0x0000, 0x0000, 0x0000, 0x0000, 0x0000, 0x0000, 0x0000, 0x0000, 0x0000, 0x0000, 0x0000, 0x0000, 
	0x0000, 0x0000, 0x0000, 0x0000, 0x0000, 0x6d1f, 0x6d1f, 0x6d1f, 0x6d1f, 0x6d1f, 0x6d1f, 0x6d1f, 0x6d1f, 0x6d1f, 0x6d1f, 0x6d1f, 
	0x6d1f, 0x6d1f, 0x6d1f, 0x6d1f, 0x6d1f, 0x6d1f, 0x6d1f, 0x6d1f, 0x6d1f, 0x6d1f, 0x6d1f, 0x6d1f, 0x0000, 0x0000, 0x0000, 0x0000, 
	0x0000, 0xffff, 0xffff, 0x0000, 0x0000, 0x0000, 0x0000, 0x0000, 0x0000, 0x0000, 0x0000, 0x0000, 0x0000, 0x0000, 0x0000, 0x0000, 
	0x0000, 0x0000, 0x0000, 0x0000, 0x0000, 0x0000, 0x0000, 0x0000, 0x0000, 0x0000, 0x0000, 0x6d1f, 0x6d1f, 0x6d1f, 0x6d1f, 0x6d1f, 
	0x6d1f, 0x6d1f, 0x6d1f, 0x6d1f, 0x6d1f, 0x6d1f, 0x6d1f, 0x6d1f, 0x6d1f, 0x6d1f, 0x6d1f, 0x6d1f, 0x6d1f, 0x6d1f, 0x6d1f, 0x6d1f, 
	0x6d1f, 0x6d1f, 0x0000, 0x0000, 0x0000, 0x0000, 0x0000, 0xffff, 0xffff, 0x0000, 0x0000, 0x0000, 0x0000, 0x0000, 0x0000, 0x0000, 
	0x0000, 0x0000, 0x0000, 0x0000, 0x0000, 0x0000, 0x0000, 0x0000, 0x0000, 0x0000, 0x0000, 0x0000, 0x0000, 0x0000, 0x0000, 0x0000, 
	0x0000, 0x6d1f, 0x6d1f, 0x6d1f, 0x6d1f, 0x6d1f, 0x6d1f, 0x6d1f, 0x6d1f, 0x6d1f, 0x6d1f, 0x6d1f, 0x6d1f, 0x6d1f, 0x6d1f, 0x6d1f, 
	0x6d1f, 0x6d1f, 0x6d1f, 0x6d1f, 0x6d1f, 0x6d1f, 0x6d1f, 0x6d1f, 0x0000, 0x0000, 0x0000, 0x0000, 0x0000, 0xffff, 0xffff, 0x0000, 
	0x0000, 0x0000, 0x0000, 0x0000, 0x0000, 0x0000, 0x0000, 0x0000, 0x0000, 0x0000, 0x0000, 0x0000, 0x0000, 0x0000, 0x0000, 0x0000, 
	0x0000, 0x0000, 0x0000, 0x0000, 0x0000, 0x0000, 0x0000, 0x6d1f, 0x6d1f, 0x6d1f, 0x6d1f, 0x6d1f, 0x6d1f, 0x6d1f, 0x6d1f, 0x6d1f, 
	0x6d1f, 0x6d1f, 0x6d1f, 0x6d1f, 0x6d1f, 0x6d1f, 0x6d1f, 0x6d1f, 0x6d1f, 0x6d1f, 0x6d1f, 0x6d1f, 0x6d1f, 0x6d1f, 0x6d1f, 0x0000, 
	0x0000, 0x0000, 0x0000, 0xffff, 0xffff, 0x0000, 0x0000, 0x0000, 0x0000, 0x6d1f, 0x6d1f, 0x6d1f, 0x6d1f, 0x6d1f, 0x6d1f, 0x6d1f, 
	0x6d1f, 0x6d1f, 0x6d1f, 0x6d1f, 0x6d1f, 0x0000, 0x0000, 0x0000, 0x0000, 0x0000, 0x0000, 0x0000, 0x0000, 0x6d1f, 0x6d1f, 0x6d1f, 
	0x6d1f, 0x6d1f, 0x6d1f, 0x6d1f, 0x6d1f, 0x6d1f, 0x6d1f, 0x6d1f, 0x6d1f, 0x6d1f, 0x6d1f, 0x6d1f, 0x6d1f, 0x6d1f, 0x6d1f, 0x6d1f, 
	0x6d1f, 0x6d1f, 0x6d1f, 0x6d1f, 0x6d1f, 0x0000, 0x0000, 0x0000, 0x0000, 0xffff, 0xffff, 0x0000, 0x0000, 0x0000, 0x0000, 0x6d1f, 
	0x6d1f, 0x6d1f, 0x6d1f, 0x6d1f, 0x6d1f, 0x6d1f, 0x6d1f, 0x6d1f, 0x6d1f, 0x6d1f, 0x6d1f, 0x0000, 0x0000, 0x0000, 0x0000, 0x0000, 
	0x0000, 0x0000, 0x0000, 0x0000, 0x6d1f, 0x6d1f, 0x6d1f, 0x6d1f, 0x6d1f, 0x6d1f, 0x6d1f, 0x6d1f, 0x6d1f, 0x6d1f, 0x6d1f, 0x6d1f, 
	0x6d1f, 0x6d1f, 0x6d1f, 0x6d1f, 0x6d1f, 0x6d1f, 0x6d1f, 0x6d1f, 0x6d1f, 0x6d1f, 0x6d1f, 0x0000, 0x0000, 0x0000, 0x0000, 0xffff, 
	0xffff, 0x0000, 0x0000, 0x0000, 0x0000, 0x6d1f, 0x6d1f, 0x6d1f, 0x6d1f, 0x6d1f, 0x6d1f, 0x6d1f, 0x6d1f, 0x6d1f, 0x6d1f, 0x6d1f, 
	0x6d1f, 0x0000, 0x0000, 0x0000, 0x0000, 0x0000, 0x0000, 0x0000, 0x0000, 0x0000, 0x6d1f, 0x6d1f, 0x6d1f, 0x6d1f, 0x6d1f, 0x6d1f, 
	0x6d1f, 0x6d1f, 0x6d1f, 0x6d1f, 0x6d1f, 0x6d1f, 0x6d1f, 0x6d1f, 0x6d1f, 0x6d1f, 0x6d1f, 0x6d1f, 0x6d1f, 0x6d1f, 0x6d1f, 0x6d1f, 
	0x6d1f, 0x0000, 0x0000, 0x0000, 0x0000, 0xffff, 0xffff, 0x0000, 0x0000, 0x0000, 0x0000, 0x6d1f, 0x6d1f, 0x6d1f, 0x6d1f, 0x6d1f, 
	0x6d1f, 0x6d1f, 0x6d1f, 0x6d1f, 0x6d1f, 0x6d1f, 0x6d1f, 0x0000, 0x0000, 0x0000, 0x0000, 0x0000, 0x0000, 0x0000, 0x0000, 0x0000, 
	0x6d1f, 0x6d1f, 0x6d1f, 0x6d1f, 0x6d1f, 0x6d1f, 0x6d1f, 0x6d1f, 0x6d1f, 0x6d1f, 0x6d1f, 0x6d1f, 0x6d1f, 0x6d1f, 0x6d1f, 0x6d1f, 
	0x6d1f, 0x6d1f, 0x6d1f, 0x6d1f, 0x6d1f, 0x6d1f, 0x6d1f, 0x0000, 0x0000, 0x0000, 0x0000, 0xffff, 0xffff, 0x0000, 0x0000, 0x0000, 
	0x0000, 0x6d1f, 0x6d1f, 0x6d1f, 0x6d1f, 0x6d1f, 0x6d1f, 0x6d1f, 0x6d1f, 0x6d1f, 0x6d1f, 0x6d1f, 0x6d1f, 0x0000, 0x0000, 0x0000, 
	0x0000, 0x0000, 0x0000, 0x0000, 0x0000, 0x0000, 0x0000, 0x0000, 0x6d1f, 0x6d1f, 0x6d1f, 0x6d1f, 0x6d1f, 0x6d1f, 0x6d1f, 0x6d1f, 
	0x6d1f, 0x6d1f, 0x6d1f, 0x6d1f, 0x6d1f, 0x6d1f, 0x6d1f, 0x6d1f, 0x6d1f, 0x6d1f, 0x6d1f, 0x6d1f, 0x6d1f, 0x0000, 0x0000, 0x0000, 
	0x0000, 0xffff, 0xffff, 0x0000, 0x0000, 0x0000, 0x0000, 0x6d1f, 0x6d1f, 0x6d1f, 0x6d1f, 0x6d1f, 0x6d1f, 0x6d1f, 0x6d1f, 0x6d1f, 
	0x6d1f, 0x6d1f, 0x6d1f, 0x0000, 0x0000, 0x0000, 0x0000, 0x0000, 0x0000, 0x0000, 0x0000, 0x0000, 0x0000, 0x0000, 0x6d1f, 0x6d1f, 
	0x6d1f, 0x6d1f, 0x6d1f, 0x6d1f, 0x6d1f, 0x6d1f, 0x6d1f, 0x6d1f, 0x6d1f, 0x6d1f, 0x6d1f, 0x6d1f, 0x6d1f, 0x6d1f, 0x6d1f, 0x6d1f, 
	0x6d1f, 0x6d1f, 0x6d1f, 0x0000, 0x0000, 0x0000, 0x0000, 0xffff, 0xffff, 0x0000, 0x0000, 0x0000, 0x0000, 0x6d1f, 0x6d1f, 0x6d1f, 
	0x6d1f, 0x6d1f, 0x6d1f, 0x6d1f, 0x6d1f, 0x6d1f, 0x6d1f, 0x6d1f, 0x6d1f, 0x0000, 0x0000, 0x0000, 0x0000, 0x0000, 0x0000, 0x0000, 
	0x0000, 0x0000, 0x0000, 0x0000, 0x6d1f, 0x6d1f, 0x6d1f, 0x6d1f, 0x6d1f, 0x6d1f, 0x6d1f, 0x6d1f, 0x6d1f, 0x6d1f, 0x6d1f, 0x6d1f, 
	0x6d1f, 0x6d1f, 0x6d1f, 0x6d1f, 0x6d1f, 0x6d1f, 0x6d1f, 0x6d1f, 0x6d1f, 0x0000, 0x0000, 0x0000, 0x0000, 0xffff, 0xffff, 0x0000, 
	0x0000, 0x0000, 0x0000, 0x6d1f, 0x6d1f, 0x6d1f, 0x6d1f, 0x6d1f, 0x6d1f, 0x6d1f, 0x6d1f, 0x6d1f, 0x6d1f, 0x6d1f, 0x6d1f, 0x0000, 
	0x0000, 0x0000, 0x0000, 0x0000, 0x0000, 0x0000, 0x0000, 0x0000, 0x0000, 0x0000, 0x0000, 0x6d1f, 0x6d1f, 0x6d1f, 0x6d1f, 0x6d1f, 
	0x6d1f, 0x6d1f, 0x6d1f, 0x6d1f, 0x6d1f, 0x6d1f, 0x6d1f, 0x6d1f, 0x6d1f, 0x6d1f, 0x6d1f, 0x6d1f, 0x6d1f, 0x6d1f, 0x6d1f, 0x0000, 
	0x0000, 0x0000, 0x0000, 0xffff, 0xffff, 0x0000, 0x0000, 0x0000, 0x0000, 0x6d1f, 0x6d1f, 0x6d1f, 0x6d1f, 0x6d1f, 0x6d1f, 0x6d1f, 
	0x6d1f, 0x6d1f, 0x6d1f, 0x6d1f, 0x6d1f, 0x0000, 0x0000, 0x0000, 0x0000, 0x0000, 0x0000, 0x0000, 0x0000, 0x0000, 0x0000, 0x0000, 
	0x0000, 0x0000, 0x6d1f, 0x6d1f, 0x6d1f, 0x6d1f, 0x6d1f, 0x6d1f, 0x6d1f, 0x6d1f, 0x6d1f, 0x6d1f, 0x6d1f, 0x6d1f, 0x6d1f, 0x6d1f, 
	0x6d1f, 0x6d1f, 0x6d1f, 0x6d1f, 0x0000, 0x0000, 0x0000, 0x0000, 0x0000, 0xffff, 0xffff, 0x0000, 0x0000, 0x0000, 0x0000, 0x6d1f, 
	0x6d1f, 0x6d1f, 0x6d1f, 0x6d1f, 0x6d1f, 0x6d1f, 0x6d1f, 0x6d1f, 0x6d1f, 0x6d1f, 0x6d1f, 0x0000, 0x0000, 0x0000, 0x0000, 0x0000, 
	0x0000, 0x0000, 0x0000, 0x0000, 0x0000, 0x0000, 0x0000, 0x0000, 0x0000, 0x6d1f, 0x6d1f, 0x6d1f, 0x6d1f, 0x6d1f, 0x6d1f, 0x6d1f, 
	0x6d1f, 0x6d1f, 0x6d1f, 0x6d1f, 0x6d1f, 0x6d1f, 0x6d1f, 0x6d1f, 0x6d1f, 0x0000, 0x0000, 0x0000, 0x0000, 0x0000, 0x0000, 0xffff, 
	0xffff, 0x0000, 0x0000, 0x0000, 0x0000, 0x6d1f, 0x6d1f, 0x6d1f, 0x6d1f, 0x6d1f, 0x6d1f, 0x6d1f, 0x6d1f, 0x6d1f, 0x6d1f, 0x6d1f, 
	0x6d1f, 0x0000, 0x0000, 0x0000, 0x0000, 0x0000, 0x0000, 0x0000, 0x0000, 0x0000, 0x0000, 0x0000, 0x0000, 0x0000, 0x0000, 0x0000, 
	0x6d1f, 0x6d1f, 0x6d1f, 0x6d1f, 0x6d1f, 0x6d1f, 0x6d1f, 0x6d1f, 0x6d1f, 0x6d1f, 0x6d1f, 0x6d1f, 0x6d1f, 0x6d1f, 0x0000, 0x0000, 
	0x0000, 0x0000, 0x0000, 0x0000, 0x0000, 0xffff, 0xffff, 0x0000, 0x0000, 0x0000, 0x0000, 0x6d1f, 0x6d1f, 0x6d1f, 0x6d1f, 0x6d1f, 
	0x6d1f, 0x6d1f, 0x6d1f, 0x6d1f, 0x6d1f, 0x6d1f, 0x6d1f, 0x0000, 0x0000, 0x0000, 0x0000, 0x0000, 0x0000, 0x0000, 0x0000, 0x0000, 
	0x0000, 0x0000, 0x0000, 0x0000, 0x0000, 0x0000, 0x0000, 0x0000, 0x0000, 0x0000, 0x0000, 0x6d1f, 0x6d1f, 0x6d1f, 0x6d1f, 0x0000, 
	0x0000, 0x0000, 0x0000, 0x0000, 0x0000, 0x0000, 0x0000, 0x0000, 0x0000, 0x0000, 0x0000, 0xffff, 0xffff, 0x0000, 0x0000, 0x0000, 
	0x0000, 0x0000, 0x0000, 0x0000, 0x0000, 0x0000, 0x0000, 0x0000, 0x0000, 0x0000, 0x0000, 0x0000, 0x0000, 0x0000, 0x0000, 0x0000, 
	0x0000, 0x0000, 0x0000, 0x0000, 0x0000, 0x0000, 0x0000, 0x0000, 0x0000, 0x0000, 0x0000, 0x0000, 0x0000, 0x0000, 0x0000, 0x0000, 
	0x0000, 0x0000, 0x0000, 0x0000, 0x0000, 0x0000, 0x0000, 0x0000, 0x0000, 0x0000, 0x0000, 0x0000, 0x0000, 0x0000, 0x0000, 0x0000, 
	0x0000, 0xffff, 0xffff, 0x0000, 0x0000, 0x0000, 0x0000, 0x0000, 0x0000, 0x0000, 0x0000, 0x0000, 0x0000, 0x0000, 0x0000, 0x0000, 
	0x0000, 0x0000, 0x0000, 0x0000, 0x0000, 0x0000, 0x0000, 0x0000, 0x0000, 0x0000, 0x0000, 0x0000, 0x0000, 0x0000, 0x0000, 0x0000, 
	0x0000, 0x0000, 0x0000, 0x0000, 0x0000, 0x0000, 0x0000, 0x0000, 0x0000, 0x0000, 0x0000, 0x0000, 0x0000, 0x0000, 0x0000, 0x0000, 
	0x0000, 0x0000, 0x0000, 0x0000, 0x0000, 0x0000, 0x0000, 0xffff, 0xffff, 0x0000, 0x0000, 0x0000, 0x0000, 0x0000, 0x0000, 0x0000, 
	0x0000, 0x0000, 0x0000, 0x0000, 0x0000, 0x0000, 0x0000, 0x0000, 0x0000, 0x0000, 0x0000, 0x0000, 0x0000, 0x0000, 0x0000, 0x0000, 
	0x0000, 0x0000, 0x0000, 0x0000, 0x0000, 0x0000, 0x0000, 0x0000, 0x0000, 0x0000, 0x0000, 0x0000, 0x0000, 0x0000, 0x0000, 0x0000, 
	0x0000, 0x0000, 0x0000, 0x0000, 0x0000, 0x0000, 0x0000, 0x0000, 0x0000, 0x0000, 0x0000, 0x0000, 0x0000, 0xffff, 0xffff, 0xffff, 
	0xffff, 0xffff, 0xffff, 0xffff, 0xffff, 0xffff, 0xffff, 0xffff, 0xffff, 0xffff, 0xffff, 0xffff, 0xffff, 0xffff, 0xffff, 0xffff, 
	0xffff, 0xffff, 0xffff, 0xffff, 0xffff, 0xffff, 0xffff, 0xffff, 0xffff, 0xffff, 0xffff, 0xffff, 0xffff, 0xffff, 0xffff, 0xffff, 
	0xffff, 0xffff, 0xffff, 0xffff, 0xffff, 0xffff, 0xffff, 0xffff, 0xffff, 0xffff, 0xffff, 0xffff, 0xffff, 0xffff, 0xffff, 0xffff, 
	0xffff, 0xffff, 0xffff, 0xffff
};

const uint16_t skewbbuttonD[] PROGMEM = {
	0xffff, 0xffff, 0xffff, 0xffff, 0xffff, 0xffff, 0xffff, 0xffff, 0xffff, 0xffff, 0xffff, 0xffff, 0xffff, 0xffff, 0xffff, 0xffff, 
	0xffff, 0xffff, 0xffff, 0xffff, 0xffff, 0xffff, 0xffff, 0xffff, 0xffff, 0xffff, 0xffff, 0xffff, 0xffff, 0xffff, 0xffff, 0xffff, 
	0xffff, 0xffff, 0xffff, 0xffff, 0xffff, 0xffff, 0xffff, 0xffff, 0xffff, 0xffff, 0xffff, 0xffff, 0xffff, 0xffff, 0xffff, 0xffff, 
	0xffff, 0xffff, 0xffff, 0xffff, 0xffff, 0xffff, 0xffff, 0x0000, 0x0000, 0x0000, 0x0000, 0x0000, 0x0000, 0x0000, 0x0000, 0x0000, 
	0x0000, 0x0000, 0x0000, 0x0000, 0x0000, 0x0000, 0x0000, 0x0000, 0x0000, 0x0000, 0x0000, 0x0000, 0x0000, 0x0000, 0x0000, 0x0000, 
	0x0000, 0x0000, 0x0000, 0x0000, 0x0000, 0x0000, 0x0000, 0x0000, 0x0000, 0x0000, 0x0000, 0x0000, 0x0000, 0x0000, 0x0000, 0x0000, 
	0x0000, 0x0000, 0x0000, 0x0000, 0x0000, 0x0000, 0x0000, 0x0000, 0x0000, 0x0000, 0x0000, 0xffff, 0xffff, 0x0000, 0x0000, 0x0000, 
	0x0000, 0x0000, 0x0000, 0x0000, 0x0000, 0x0000, 0x0000, 0x0000, 0x0000, 0x0000, 0x0000, 0x0000, 0x0000, 0x0000, 0x0000, 0x0000, 
	0x0000, 0x0000, 0x0000, 0x0000, 0x0000, 0x0000, 0x0000, 0x0000, 0x0000, 0x0000, 0x0000, 0x0000, 0x0000, 0x0000, 0x0000, 0x0000, 
	0x0000, 0x0000, 0x0000, 0x0000, 0x0000, 0x0000, 0x0000, 0x0000, 0x0000, 0x0000, 0x0000, 0x0000, 0x0000, 0x0000, 0x0000, 0x0000, 
	0x0000, 0xffff, 0xffff, 0x0000, 0x0000, 0x6d1f, 0x6d1f, 0x6d1f, 0x6d1f, 0x6d1f, 0x6d1f, 0x6d1f, 0x6d1f, 0x6d1f, 0x6d1f, 0x6d1f, 
	0x6d1f, 0x6d1f, 0x6d1f, 0x6d1f, 0x6d1f, 0x6d1f, 0x6d1f, 0x6d1f, 0x6d1f, 0x6d1f, 0x0000, 0x0000, 0x0000, 0x0000, 0x0000, 0x0000, 
	0x6d1f, 0x6d1f, 0x6d1f, 0x6d1f, 0x6d1f, 0x6d1f, 0x6d1f, 0x6d1f, 0x6d1f, 0x6d1f, 0x6d1f, 0x6d1f, 0x6d1f, 0x6d1f, 0x6d1f, 0x6d1f, 
	0x6d1f, 0x6d1f, 0x6d1f, 0x6d1f, 0x6d1f, 0x0000, 0x0000, 0xffff, 0xffff, 0x0000, 0x0000, 0x6d1f, 0x6d1f, 0x6d1f, 0x6d1f, 0x6d1f, 
	0x6d1f, 0x6d1f, 0x6d1f, 0x6d1f, 0x6d1f, 0x6d1f, 0x6d1f, 0x6d1f, 0x6d1f, 0x6d1f, 0x6d1f, 0x6d1f, 0x6d1f, 0x6d1f, 0x6d1f, 0x0000, 
	0x0000, 0x0000, 0x9e1f, 0x9e1f, 0x0000, 0x0000, 0x0000, 0x6d1f, 0x6d1f, 0x6d1f, 0x6d1f, 0x6d1f, 0x6d1f, 0x6d1f, 0x6d1f, 0x6d1f, 
	0x6d1f, 0x6d1f, 0x6d1f, 0x6d1f, 0x6d1f, 0x6d1f, 0x6d1f, 0x6d1f, 0x6d1f, 0x6d1f, 0x6d1f, 0x0000, 0x0000, 0xffff, 0xffff, 0x0000, 
	0x0000, 0x6d1f, 0x6d1f, 0x6d1f, 0x6d1f, 0x6d1f, 0x6d1f, 0x6d1f, 0x6d1f, 0x6d1f, 0x6d1f, 0x6d1f, 0x6d1f, 0x6d1f, 0x6d1f, 0x6d1f, 
	0x6d1f, 0x6d1f, 0x6d1f, 0x6d1f, 0x0000, 0x0000, 0x0000, 0x9e1f, 0x9e1f, 0x9e1f, 0x9e1f, 0x0000, 0x0000, 0x0000, 0x6d1f, 0x6d1f, 
	0x6d1f, 0x6d1f, 0x6d1f, 0x6d1f, 0x6d1f, 0x6d1f, 0x6d1f, 0x6d1f, 0x6d1f, 0x6d1f, 0x6d1f, 0x6d1f, 0x6d1f, 0x6d1f, 0x6d1f, 0x6d1f, 
	0x6d1f, 0x0000, 0x0000, 0xffff, 0xffff, 0x0000, 0x0000, 0x6d1f, 0x6d1f, 0x6d1f, 0x6d1f, 0x6d1f, 0x6d1f, 0x6d1f, 0x6d1f, 0x6d1f, 
	0x6d1f, 0x6d1f, 0x6d1f, 0x6d1f, 0x6d1f, 0x6d1f, 0x6d1f, 0x6d1f, 0x6d1f, 0x0000, 0x0000, 0x0000, 0x9e1f, 0x9e1f, 0x9e1f, 0x9e1f, 
	0x9e1f, 0x9e1f, 0x0000, 0x0000, 0x0000, 0x6d1f, 0x6d1f, 0x6d1f, 0x6d1f, 0x6d1f, 0x6d1f, 0x6d1f, 0x6d1f, 0x6d1f, 0x6d1f, 0x6d1f, 
	0x6d1f, 0x6d1f, 0x6d1f, 0x6d1f, 0x6d1f, 0x6d1f, 0x6d1f, 0x0000, 0x0000, 0xffff, 0xffff, 0x0000, 0x0000, 0x6d1f, 0x6d1f, 0x6d1f, 
	0x6d1f, 0x6d1f, 0x6d1f, 0x6d1f, 0x6d1f, 0x6d1f, 0x6d1f, 0x6d1f, 0x6d1f, 0x6d1f, 0x6d1f, 0x6d1f, 0x6d1f, 0x6d1f, 0x0000, 0x0000, 
	0x0000, 0x9e1f, 0x9e1f, 0x9e1f, 0x9e1f, 0x9e1f, 0x9e1f, 0x9e1f, 0x9e1f, 0x0000, 0x0000, 0x0000, 0x6d1f, 0x6d1f, 0x6d1f, 0x6d1f, 
	0x6d1f, 0x6d1f, 0x6d1f, 0x6d1f, 0x6d1f, 0x6d1f, 0x6d1f, 0x6d1f, 0x6d1f, 0x6d1f, 0x6d1f, 0x6d1f, 0x6d1f, 0x0000, 0x0000, 0xffff, 
	0xffff, 0x0000, 0x0000, 0x6d1f, 0x6d1f, 0x6d1f, 0x6d1f, 0x6d1f, 0x6d1f, 0x6d1f, 0x6d1f, 0x6d1f, 0x6d1f, 0x6d1f, 0x6d1f, 0x6d1f, 
	0x6d1f, 0x6d1f, 0x6d1f, 0x0000, 0x0000, 0x0000, 0x9e1f, 0x9e1f, 0x9e1f, 0x9e1f, 0x9e1f, 0x9e1f, 0x9e1f, 0x9e1f, 0x9e1f, 0x9e1f, 
	0x0000, 0x0000, 0x0000, 0x6d1f, 0x6d1f, 0x6d1f, 0x6d1f, 0x6d1f, 0x6d1f, 0x6d1f, 0x6d1f, 0x6d1f, 0x6d1f, 0x6d1f, 0x6d1f, 0x6d1f, 
	0x6d1f, 0x6d1f, 0x6d1f, 0x0000, 0x0000, 0xffff, 0xffff, 0x0000, 0x0000, 0x6d1f, 0x6d1f, 0x6d1f, 0x6d1f, 0x6d1f, 0x6d1f, 0x6d1f, 
	0x6d1f, 0x6d1f, 0x6d1f, 0x6d1f, 0x6d1f, 0x6d1f, 0x6d1f, 0x6d1f, 0x0000, 0x0000, 0x0000, 0x9e1f, 0x9e1f, 0x9e1f, 0x9e1f, 0x9e1f, 
	0x9e1f, 0x9e1f, 0x9e1f, 0x9e1f, 0x9e1f, 0x9e1f, 0x9e1f, 0x0000, 0x0000, 0x0000, 0x6d1f, 0x6d1f, 0x6d1f, 0x6d1f, 0x6d1f, 0x6d1f, 
	0x6d1f, 0x6d1f, 0x6d1f, 0x6d1f, 0x6d1f, 0x6d1f, 0x6d1f, 0x6d1f, 0x6d1f, 0x0000, 0x0000, 0xffff, 0xffff, 0x0000, 0x0000, 0x6d1f, 
	0x6d1f, 0x6d1f, 0x6d1f, 0x6d1f, 0x6d1f, 0x6d1f, 0x6d1f, 0x6d1f, 0x6d1f, 0x6d1f, 0x6d1f, 0x6d1f, 0x6d1f, 0x0000, 0x0000, 0x0000, 
	0x9e1f, 0x9e1f, 0x9e1f, 0x9e1f, 0x9e1f, 0x9e1f, 0x9e1f, 0x9e1f, 0x9e1f, 0x9e1f, 0x9e1f, 0x9e1f, 0x9e1f, 0x9e1f, 0x0000, 0x0000, 
	0x0000, 0x6d1f, 0x6d1f, 0x6d1f, 0x6d1f, 0x6d1f, 0x6d1f, 0x6d1f, 0x6d1f, 0x6d1f, 0x6d1f, 0x6d1f, 0x6d1f, 0x6d1f, 0x6d1f, 0x0000, 
	0x0000, 0xffff, 0xffff, 0x0000, 0x0000, 0x6d1f, 0x6d1f, 0x6d1f, 0x6d1f, 0x6d1f, 0x6d1f, 0x6d1f, 0x6d1f, 0x6d1f, 0x6d1f, 0x6d1f, 
	0x6d1f, 0x6d1f, 0x0000, 0x0000, 0x0000, 0x9e1f, 0x9e1f, 0x9e1f, 0x9e1f, 0x9e1f, 0x9e1f, 0x9e1f, 0x9e1f, 0x9e1f, 0x9e1f, 0x9e1f, 
	0x9e1f, 0x9e1f, 0x9e1f, 0x9e1f, 0x9e1f, 0x0000, 0x0000, 0x0000, 0x6d1f, 0x6d1f, 0x6d1f, 0x6d1f, 0x6d1f, 0x6d1f, 0x6d1f, 0x6d1f, 
	0x6d1f, 0x6d1f, 0x6d1f, 0x6d1f, 0x6d1f, 0x0000, 0x0000, 0xffff, 0xffff, 0x0000, 0x0000, 0x6d1f, 0x6d1f, 0x6d1f, 0x6d1f, 0x6d1f, 
	0x6d1f, 0x6d1f, 0x6d1f, 0x6d1f, 0x6d1f, 0x6d1f, 0x6d1f, 0x0000, 0x0000, 0x0000, 0x9e1f, 0x9e1f, 0x9e1f, 0x9e1f, 0x9e1f, 0x9e1f, 
	0x9e1f, 0x9e1f, 0x9e1f, 0x9e1f, 0x9e1f, 0x9e1f, 0x9e1f, 0x9e1f, 0x9e1f, 0x9e1f, 0x9e1f, 0x9e1f, 0x0000, 0x0000, 0x0000, 0x6d1f, 
	0x6d1f, 0x6d1f, 0x6d1f, 0x6d1f, 0x6d1f, 0x6d1f, 0x6d1f, 0x6d1f, 0x6d1f, 0x6d1f, 0x6d1f, 0x0000, 0x0000, 0xffff, 0xffff, 0x0000, 
	0x0000, 0x6d1f, 0x6d1f, 0x6d1f, 0x6d1f, 0x6d1f, 0x6d1f, 0x6d1f, 0x6d1f, 0x6d1f, 0x6d1f, 0x6d1f, 0x0000, 0x0000, 0x0000, 0x9e1f, 
	0x9e1f, 0x9e1f, 0x9e1f, 0x9e1f, 0x9e1f, 0x9e1f, 0x9e1f, 0x9e1f, 0x9e1f, 0x9e1f, 0x9e1f, 0x9e1f, 0x9e1f, 0x9e1f, 0x9e1f, 0x9e1f, 
	0x9e1f, 0x9e1f, 0x9e1f, 0x0000, 0x0000, 0x0000, 0x6d1f, 0x6d1f, 0x6d1f, 0x6d1f, 0x6d1f, 0x6d1f, 0x6d1f, 0x6d1f, 0x6d1f, 0x6d1f, 
	0x6d1f, 0x0000, 0x0000, 0xffff, 0xffff, 0x0000, 0x0000, 0x6d1f, 0x6d1f, 0x6d1f, 0x6d1f, 0x6d1f, 0x6d1f, 0x6d1f, 0x6d1f, 0x6d1f, 
	0x6d1f, 0x0000, 0x0000, 0x0000, 0x9e1f, 0x9e1f, 0x9e1f, 0x9e1f, 0x9e1f, 0x9e1f, 0x9e1f, 0x9e1f, 0x9e1f, 0x9e1f, 0x9e1f, 0x9e1f, 
	0x9e1f, 0x9e1f, 0x9e1f, 0x9e1f, 0x9e1f, 0x9e1f, 0x9e1f, 0x9e1f, 0x9e1f, 0x9e1f, 0x0000, 0x0000, 0x0000, 0x6d1f, 0x6d1f, 0x6d1f, 
	0x6d1f, 0x6d1f, 0x6d1f, 0x6d1f, 0x6d1f, 0x6d1f, 0x6d1f, 0x0000, 0x0000, 0xffff, 0xffff, 0x0000, 0x0000, 0x6d1f, 0x6d1f, 0x6d1f, 
	0x6d1f, 0x6d1f, 0x6d1f, 0x6d1f, 0x6d1f, 0x6d1f, 0x0000, 0x0000, 0x0000, 0x9e1f, 0x9e1f, 0x9e1f, 0x9e1f, 0x9e1f, 0x9e1f, 0x9e1f, 
	0x9e1f, 0x9e1f, 0x9e1f, 0x9e1f, 0x9e1f, 0x9e1f, 0x9e1f, 0x9e1f, 0x9e1f, 0x9e1f, 0x9e1f, 0x9e1f, 0x9e1f, 0x9e1f, 0x9e1f, 0x9e1f, 
	0x9e1f, 0x0000, 0x0000, 0x0000, 0x6d1f, 0x6d1f, 0x6d1f, 0x6d1f, 0x6d1f, 0x6d1f, 0x6d1f, 0x6d1f, 0x6d1f, 0x0000, 0x0000, 0xffff, 
	0xffff, 0x0000, 0x0000, 0x6d1f, 0x6d1f, 0x6d1f, 0x6d1f, 0x6d1f, 0x6d1f, 0x6d1f, 0x6d1f, 0x0000, 0x0000, 0x0000, 0x9e1f, 0x9e1f, 
	0x9e1f, 0x9e1f, 0x9e1f, 0x9e1f, 0x9e1f, 0x9e1f, 0x9e1f, 0x9e1f, 0x9e1f, 0x9e1f, 0x9e1f, 0x9e1f, 0x9e1f, 0x9e1f, 0x9e1f, 0x9e1f, 
	0x9e1f, 0x9e1f, 0x9e1f, 0x9e1f, 0x9e1f, 0x9e1f, 0x9e1f, 0x9e1f, 0x0000, 0x0000, 0x0000, 0x6d1f, 0x6d1f, 0x6d1f, 0x6d1f, 0x6d1f, 
	0x6d1f, 0x6d1f, 0x6d1f, 0x0000, 0x0000, 0xffff, 0xffff, 0x0000, 0x0000, 0x6d1f, 0x6d1f, 0x6d1f, 0x6d1f, 0x6d1f, 0x6d1f, 0x6d1f, 
	0x0000, 0x0000, 0x0000, 0x9e1f, 0x9e1f, 0x9e1f, 0x9e1f, 0x9e1f, 0x9e1f, 0x9e1f, 0x9e1f, 0x9e1f, 0x9e1f, 0x9e1f, 0x9e1f, 0x9e1f, 
	0x9e1f, 0x9e1f, 0x9e1f, 0x9e1f, 0x9e1f, 0x9e1f, 0x9e1f, 0x9e1f, 0x9e1f, 0x9e1f, 0x9e1f, 0x9e1f, 0x9e1f, 0x9e1f, 0x9e1f, 0x0000, 
	0x0000, 0x0000, 0x6d1f, 0x6d1f, 0x6d1f, 0x6d1f, 0x6d1f, 0x6d1f, 0x6d1f, 0x0000, 0x0000, 0xffff, 0xffff, 0x0000, 0x0000, 0x6d1f, 
	0x6d1f, 0x6d1f, 0x6d1f, 0x6d1f, 0x6d1f, 0x0000, 0x0000, 0x0000, 0x9e1f, 0x9e1f, 0x9e1f, 0x9e1f, 0x9e1f, 0x9e1f, 0x9e1f, 0x9e1f, 
	0x9e1f, 0x9e1f, 0x9e1f, 0x9e1f, 0x9e1f, 0x9e1f, 0x9e1f, 0x9e1f, 0x9e1f, 0x9e1f, 0x9e1f, 0x9e1f, 0x9e1f, 0x9e1f, 0x9e1f, 0x9e1f, 
	0x9e1f, 0x9e1f, 0x9e1f, 0x9e1f, 0x9e1f, 0x9e1f, 0x0000, 0x0000, 0x0000, 0x6d1f, 0x6d1f, 0x6d1f, 0x6d1f, 0x6d1f, 0x6d1f, 0x0000, 
	0x0000, 0xffff, 0xffff, 0x0000, 0x0000, 0x6d1f, 0x6d1f, 0x6d1f, 0x6d1f, 0x6d1f, 0x0000, 0x0000, 0x0000, 0x9e1f, 0x9e1f, 0x9e1f, 
	0x9e1f, 0x9e1f, 0x9e1f, 0x9e1f, 0x9e1f, 0x9e1f, 0x9e1f, 0x9e1f, 0x9e1f, 0x9e1f, 0x9e1f, 0x9e1f, 0x9e1f, 0x9e1f, 0x9e1f, 0x9e1f, 
	0x9e1f, 0x9e1f, 0x9e1f, 0x9e1f, 0x9e1f, 0x9e1f, 0x9e1f, 0x9e1f, 0x9e1f, 0x9e1f, 0x9e1f, 0x9e1f, 0x9e1f, 0x0000, 0x0000, 0x0000, 
	0x6d1f, 0x6d1f, 0x6d1f, 0x6d1f, 0x6d1f, 0x0000, 0x0000, 0xffff, 0xffff, 0x0000, 0x0000, 0x6d1f, 0x6d1f, 0x6d1f, 0x6d1f, 0x0000, 
	0x0000, 0x0000, 0x9e1f, 0x9e1f, 0x9e1f, 0x9e1f, 0x9e1f, 0x9e1f, 0x9e1f, 0x9e1f, 0x9e1f, 0x9e1f, 0x9e1f, 0x9e1f, 0x9e1f, 0x9e1f, 
	0x9e1f, 0x9e1f, 0x9e1f, 0x9e1f, 0x9e1f, 0x9e1f, 0x9e1f, 0x9e1f, 0x9e1f, 0x9e1f, 0x9e1f, 0x9e1f, 0x9e1f, 0x9e1f, 0x9e1f, 0x9e1f, 
	0x9e1f, 0x9e1f, 0x9e1f, 0x9e1f, 0x0000, 0x0000, 0x0000, 0x6d1f, 0x6d1f, 0x6d1f, 0x6d1f, 0x0000, 0x0000, 0xffff, 0xffff, 0x0000, 
	0x0000, 0x6d1f, 0x6d1f, 0x6d1f, 0x0000, 0x0000, 0x0000, 0x9e1f, 0x9e1f, 0x9e1f, 0x9e1f, 0x9e1f, 0x9e1f, 0x9e1f, 0x9e1f, 0x9e1f, 
	0x9e1f, 0x9e1f, 0x9e1f, 0x9e1f, 0x9e1f, 0x9e1f, 0x9e1f, 0x9e1f, 0x9e1f, 0x9e1f, 0x9e1f, 0x9e1f, 0x9e1f, 0x9e1f, 0x9e1f, 0x9e1f, 
	0x9e1f, 0x9e1f, 0x9e1f, 0x9e1f, 0x9e1f, 0x9e1f, 0x9e1f, 0x9e1f, 0x9e1f, 0x9e1f, 0x9e1f, 0x0000, 0x0000, 0x0000, 0x6d1f, 0x6d1f, 
	0x6d1f, 0x0000, 0x0000, 0xffff, 0xffff, 0x0000, 0x0000, 0x6d1f, 0x6d1f, 0x0000, 0x0000, 0x0000, 0x9e1f, 0x9e1f, 0x9e1f, 0x9e1f, 
	0x9e1f, 0x9e1f, 0x9e1f, 0x9e1f, 0x9e1f, 0x9e1f, 0x9e1f, 0x9e1f, 0x9e1f, 0x9e1f, 0x9e1f, 0x9e1f, 0x9e1f, 0x9e1f, 0x9e1f, 0x9e1f, 
	0x9e1f, 0x9e1f, 0x9e1f, 0x9e1f, 0x9e1f, 0x9e1f, 0x9e1f, 0x9e1f, 0x9e1f, 0x9e1f, 0x9e1f, 0x9e1f, 0x9e1f, 0x9e1f, 0x9e1f, 0x9e1f, 
	0x9e1f, 0x9e1f, 0x0000, 0x0000, 0x0000, 0x6d1f, 0x6d1f, 0x0000, 0x0000, 0xffff, 0xffff, 0x0000, 0x0000, 0x6d1f, 0x0000, 0x0000, 
	0x0000, 0x9e1f, 0x9e1f, 0x9e1f, 0x9e1f, 0x9e1f, 0x9e1f, 0x9e1f, 0x9e1f, 0x9e1f, 0x9e1f, 0x9e1f, 0x9e1f, 0x9e1f, 0x9e1f, 0x9e1f, 
	0x9e1f, 0x9e1f, 0x9e1f, 0x9e1f, 0x9e1f, 0x9e1f, 0x9e1f, 0x9e1f, 0x9e1f, 0x9e1f, 0x9e1f, 0x9e1f, 0x9e1f, 0x9e1f, 0x9e1f, 0x9e1f, 
	0x9e1f, 0x9e1f, 0x9e1f, 0x9e1f, 0x9e1f, 0x9e1f, 0x9e1f, 0x9e1f, 0x9e1f, 0x0000, 0x0000, 0x0000, 0x6d1f, 0x0000, 0x0000, 0xffff, 
	0xffff, 0x0000, 0x0000, 0x0000, 0x0000, 0x0000, 0x9e1f, 0x9e1f, 0x9e1f, 0x9e1f, 0x9e1f, 0x9e1f, 0x9e1f, 0x9e1f, 0x9e1f, 0x9e1f, 
	0x9e1f, 0x9e1f, 0x9e1f, 0x9e1f, 0x9e1f, 0x9e1f, 0x9e1f, 0x9e1f, 0x9e1f, 0x9e1f, 0x9e1f, 0x9e1f, 0x9e1f, 0x9e1f, 0x9e1f, 0x9e1f, 
	0x9e1f, 0x9e1f, 0x9e1f, 0x9e1f, 0x9e1f, 0x9e1f, 0x9e1f, 0x9e1f, 0x9e1f, 0x9e1f, 0x9e1f, 0x9e1f, 0x9e1f, 0x9e1f, 0x9e1f, 0x9e1f, 
	0x0000, 0x0000, 0x0000, 0x0000, 0x0000, 0xffff, 0xffff, 0x0000, 0x0000, 0x0000, 0x0000, 0x9e1f, 0x9e1f, 0x9e1f, 0x9e1f, 0x9e1f, 
	0x9e1f, 0x9e1f, 0x9e1f, 0x9e1f, 0x9e1f, 0x9e1f, 0x9e1f, 0x9e1f, 0x9e1f, 0x9e1f, 0x9e1f, 0x9e1f, 0x9e1f, 0x9e1f, 0x9e1f, 0x9e1f, 
	0x9e1f, 0x9e1f, 0x9e1f, 0x9e1f, 0x9e1f, 0x9e1f, 0x9e1f, 0x9e1f, 0x9e1f, 0x9e1f, 0x9e1f, 0x9e1f, 0x9e1f, 0x9e1f, 0x9e1f, 0x9e1f, 
	0x9e1f, 0x9e1f, 0x9e1f, 0x9e1f, 0x9e1f, 0x9e1f, 0x9e1f, 0x0000, 0x0000, 0x0000, 0x0000, 0xffff, 0xffff, 0x0000, 0x0000, 0x0000, 
	0x9e1f, 0x9e1f, 0x9e1f, 0x9e1f, 0x9e1f, 0x9e1f, 0x9e1f, 0x9e1f, 0x9e1f, 0x9e1f, 0x9e1f, 0x9e1f, 0x9e1f, 0x9e1f, 0x9e1f, 0x9e1f, 
	0x9e1f, 0x9e1f, 0x9e1f, 0x9e1f, 0x9e1f, 0x9e1f, 0x9e1f, 0x9e1f, 0x9e1f, 0x9e1f, 0x9e1f, 0x9e1f, 0x9e1f, 0x9e1f, 0x9e1f, 0x9e1f, 
	0x9e1f, 0x9e1f, 0x9e1f, 0x9e1f, 0x9e1f, 0x9e1f, 0x9e1f, 0x9e1f, 0x9e1f, 0x9e1f, 0x9e1f, 0x9e1f, 0x9e1f, 0x9e1f, 0x0000, 0x0000, 
	0x0000, 0xffff, 0xffff, 0x0000, 0x0000, 0x0000, 0x9e1f, 0x9e1f, 0x9e1f, 0x9e1f, 0x9e1f, 0x9e1f, 0x9e1f, 0x9e1f, 0x9e1f, 0x9e1f, 
	0x9e1f, 0x9e1f, 0x9e1f, 0x9e1f, 0x9e1f, 0x9e1f, 0x9e1f, 0x9e1f, 0x9e1f, 0x9e1f, 0x9e1f, 0x9e1f, 0x9e1f, 0x9e1f, 0x9e1f, 0x9e1f, 
	0x9e1f, 0x9e1f, 0x9e1f, 0x9e1f, 0x9e1f, 0x9e1f, 0x9e1f, 0x9e1f, 0x9e1f, 0x9e1f, 0x9e1f, 0x9e1f, 0x9e1f, 0x9e1f, 0x9e1f, 0x9e1f, 
	0x9e1f, 0x9e1f, 0x9e1f, 0x9e1f, 0x0000, 0x0000, 0x0000, 0xffff, 0xffff, 0x0000, 0x0000, 0x0000, 0x0000, 0x9e1f, 0x9e1f, 0x9e1f, 
	0x9e1f, 0x9e1f, 0x9e1f, 0x9e1f, 0x9e1f, 0x9e1f, 0x9e1f, 0x9e1f, 0x9e1f, 0x9e1f, 0x9e1f, 0x9e1f, 0x9e1f, 0x9e1f, 0x9e1f, 0x9e1f, 
	0x9e1f, 0x9e1f, 0x9e1f, 0x9e1f, 0x9e1f, 0x9e1f, 0x9e1f, 0x9e1f, 0x9e1f, 0x9e1f, 0x9e1f, 0x9e1f, 0x9e1f, 0x9e1f, 0x9e1f, 0x9e1f, 
	0x9e1f, 0x9e1f, 0x9e1f, 0x9e1f, 0x9e1f, 0x9e1f, 0x9e1f, 0x9e1f, 0x9e1f, 0x0000, 0x0000, 0x0000, 0x0000, 0xffff, 0xffff, 0x0000, 
	0x0000, 0x0000, 0x0000, 0x0000, 0x9e1f, 0x9e1f, 0x9e1f, 0x9e1f, 0x9e1f, 0x9e1f, 0x9e1f, 0x9e1f, 0x9e1f, 0x9e1f, 0x9e1f, 0x9e1f, 
	0x9e1f, 0x9e1f, 0x9e1f, 0x9e1f, 0x9e1f, 0x9e1f, 0x9e1f, 0x9e1f, 0x9e1f, 0x9e1f, 0x9e1f, 0x9e1f, 0x9e1f, 0x9e1f, 0x9e1f, 0x9e1f, 
	0x9e1f, 0x9e1f, 0x9e1f, 0x9e1f, 0x9e1f, 0x9e1f, 0x9e1f, 0x9e1f, 0x9e1f, 0x9e1f, 0x9e1f, 0x9e1f, 0x9e1f, 0x9e1f, 0x0000, 0x0000, 
	0x0000, 0x0000, 0x0000, 0xffff, 0xffff, 0x0000, 0x0000, 0x6d1f, 0x0000, 0x0000, 0x0000, 0x9e1f, 0x9e1f, 0x9e1f, 0x9e1f, 0x9e1f, 
	0x9e1f, 0x9e1f, 0x9e1f, 0x9e1f, 0x9e1f, 0x9e1f, 0x9e1f, 0x9e1f, 0x9e1f, 0x9e1f, 0x9e1f, 0x9e1f, 0x9e1f, 0x9e1f, 0x9e1f, 0x9e1f, 
	0x9e1f, 0x9e1f, 0x9e1f, 0x9e1f, 0x9e1f, 0x9e1f, 0x9e1f, 0x9e1f, 0x9e1f, 0x9e1f, 0x9e1f, 0x9e1f, 0x9e1f, 0x9e1f, 0x9e1f, 0x9e1f, 
	0x9e1f, 0x9e1f, 0x9e1f, 0x0000, 0x0000, 0x0000, 0x6d1f, 0x0000, 0x0000, 0xffff, 0xffff, 0x0000, 0x0000, 0x6d1f, 0x6d1f, 0x0000, 
	0x0000, 0x0000, 0x9e1f, 0x9e1f, 0x9e1f, 0x9e1f, 0x9e1f, 0x9e1f, 0x9e1f, 0x9e1f, 0x9e1f, 0x9e1f, 0x9e1f, 0x9e1f, 0x9e1f, 0x9e1f, 
	0x9e1f, 0x9e1f, 0x9e1f, 0x9e1f, 0x9e1f, 0x9e1f, 0x9e1f, 0x9e1f, 0x9e1f, 0x9e1f, 0x9e1f, 0x9e1f, 0x9e1f, 0x9e1f, 0x9e1f, 0x9e1f, 
	0x9e1f, 0x9e1f, 0x9e1f, 0x9e1f, 0x9e1f, 0x9e1f, 0x9e1f, 0x9e1f, 0x0000, 0x0000, 0x0000, 0x6d1f, 0x6d1f, 0x0000, 0x0000, 0xffff, 
	0xffff, 0x0000, 0x0000, 0x6d1f, 0x6d1f, 0x6d1f, 0x0000, 0x0000, 0x0000, 0x9e1f, 0x9e1f, 0x9e1f, 0x9e1f, 0x9e1f, 0x9e1f, 0x9e1f, 
	0x9e1f, 0x9e1f, 0x9e1f, 0x9e1f, 0x9e1f, 0x9e1f, 0x9e1f, 0x9e1f, 0x9e1f, 0x9e1f, 0x9e1f, 0x9e1f, 0x9e1f, 0x9e1f, 0x9e1f, 0x9e1f, 
	0x9e1f, 0x9e1f, 0x9e1f, 0x9e1f, 0x9e1f, 0x9e1f, 0x9e1f, 0x9e1f, 0x9e1f, 0x9e1f, 0x9e1f, 0x9e1f, 0x9e1f, 0x0000, 0x0000, 0x0000, 
	0x6d1f, 0x6d1f, 0x6d1f, 0x0000, 0x0000, 0xffff, 0xffff, 0x0000, 0x0000, 0x6d1f, 0x6d1f, 0x6d1f, 0x6d1f, 0x0000, 0x0000, 0x0000, 
	0x9e1f, 0x9e1f, 0x9e1f, 0x9e1f, 0x9e1f, 0x9e1f, 0x9e1f, 0x9e1f, 0x9e1f, 0x9e1f, 0x9e1f, 0x9e1f, 0x9e1f, 0x9e1f, 0x9e1f, 0x9e1f, 
	0x9e1f, 0x9e1f, 0x9e1f, 0x9e1f, 0x9e1f, 0x9e1f, 0x9e1f, 0x9e1f, 0x9e1f, 0x9e1f, 0x9e1f, 0x9e1f, 0x9e1f, 0x9e1f, 0x9e1f, 0x9e1f, 
	0x9e1f, 0x9e1f, 0x0000, 0x0000, 0x0000, 0x6d1f, 0x6d1f, 0x6d1f, 0x6d1f, 0x0000, 0x0000, 0xffff, 0xffff, 0x0000, 0x0000, 0x6d1f, 
	0x6d1f, 0x6d1f, 0x6d1f, 0x6d1f, 0x0000, 0x0000, 0x0000, 0x9e1f, 0x9e1f, 0x9e1f, 0x9e1f, 0x9e1f, 0x9e1f, 0x9e1f, 0x9e1f, 0x9e1f, 
	0x9e1f, 0x9e1f, 0x9e1f, 0x9e1f, 0x9e1f, 0x9e1f, 0x9e1f, 0x9e1f, 0x9e1f, 0x9e1f, 0x9e1f, 0x9e1f, 0x9e1f, 0x9e1f, 0x9e1f, 0x9e1f, 
	0x9e1f, 0x9e1f, 0x9e1f, 0x9e1f, 0x9e1f, 0x9e1f, 0x9e1f, 0x0000, 0x0000, 0x0000, 0x6d1f, 0x6d1f, 0x6d1f, 0x6d1f, 0x6d1f, 0x0000, 
	0x0000, 0xffff, 0xffff, 0x0000, 0x0000, 0x6d1f, 0x6d1f, 0x6d1f, 0x6d1f, 0x6d1f, 0x6d1f, 0x0000, 0x0000, 0x0000, 0x9e1f, 0x9e1f, 
	0x9e1f, 0x9e1f, 0x9e1f, 0x9e1f, 0x9e1f, 0x9e1f, 0x9e1f, 0x9e1f, 0x9e1f, 0x9e1f, 0x9e1f, 0x9e1f, 0x9e1f, 0x9e1f, 0x9e1f, 0x9e1f, 
	0x9e1f, 0x9e1f, 0x9e1f, 0x9e1f, 0x9e1f, 0x9e1f, 0x9e1f, 0x9e1f, 0x9e1f, 0x9e1f, 0x9e1f, 0x9e1f, 0x0000, 0x0000, 0x0000, 0x6d1f, 
	0x6d1f, 0x6d1f, 0x6d1f, 0x6d1f, 0x6d1f, 0x0000, 0x0000, 0xffff, 0xffff, 0x0000, 0x0000, 0x6d1f, 0x6d1f, 0x6d1f, 0x6d1f, 0x6d1f, 
	0x6d1f, 0x6d1f, 0x0000, 0x0000, 0x0000, 0x9e1f, 0x9e1f, 0x9e1f, 0x9e1f, 0x9e1f, 0x9e1f, 0x9e1f, 0x9e1f, 0x9e1f, 0x9e1f, 0x9e1f, 
	0x9e1f, 0x9e1f, 0x9e1f, 0x9e1f, 0x9e1f, 0x9e1f, 0x9e1f, 0x9e1f, 0x9e1f, 0x9e1f, 0x9e1f, 0x9e1f, 0x9e1f, 0x9e1f, 0x9e1f, 0x9e1f, 
	0x9e1f, 0x0000, 0x0000, 0x0000, 0x6d1f, 0x6d1f, 0x6d1f, 0x6d1f, 0x6d1f, 0x6d1f, 0x6d1f, 0x0000, 0x0000, 0xffff, 0xffff, 0x0000, 
	0x0000, 0x6d1f, 0x6d1f, 0x6d1f, 0x6d1f, 0x6d1f, 0x6d1f, 0x6d1f, 0x6d1f, 0x0000, 0x0000, 0x0000, 0x9e1f, 0x9e1f, 0x9e1f, 0x9e1f, 
	0x9e1f, 0x9e1f, 0x9e1f, 0x9e1f, 0x9e1f, 0x9e1f, 0x9e1f, 0x9e1f, 0x9e1f, 0x9e1f, 0x9e1f, 0x9e1f, 0x9e1f, 0x9e1f, 0x9e1f, 0x9e1f, 
	0x9e1f, 0x9e1f, 0x9e1f, 0x9e1f, 0x9e1f, 0x9e1f, 0x0000, 0x0000, 0x0000, 0x6d1f, 0x6d1f, 0x6d1f, 0x6d1f, 0x6d1f, 0x6d1f, 0x6d1f, 
	0x6d1f, 0x0000, 0x0000, 0xffff, 0xffff, 0x0000, 0x0000, 0x6d1f, 0x6d1f, 0x6d1f, 0x6d1f, 0x6d1f, 0x6d1f, 0x6d1f, 0x6d1f, 0x6d1f, 
	0x0000, 0x0000, 0x0000, 0x9e1f, 0x9e1f, 0x9e1f, 0x9e1f, 0x9e1f, 0x9e1f, 0x9e1f, 0x9e1f, 0x9e1f, 0x9e1f, 0x9e1f, 0x9e1f, 0x9e1f, 
	0x9e1f, 0x9e1f, 0x9e1f, 0x9e1f, 0x9e1f, 0x9e1f, 0x9e1f, 0x9e1f, 0x9e1f, 0x9e1f, 0x9e1f, 0x0000, 0x0000, 0x0000, 0x6d1f, 0x6d1f, 
	0x6d1f, 0x6d1f, 0x6d1f, 0x6d1f, 0x6d1f, 0x6d1f, 0x6d1f, 0x0000, 0x0000, 0xffff, 0xffff, 0x0000, 0x0000, 0x6d1f, 0x6d1f, 0x6d1f, 
	0x6d1f, 0x6d1f, 0x6d1f, 0x6d1f, 0x6d1f, 0x6d1f, 0x6d1f, 0x0000, 0x0000, 0x0000, 0x9e1f, 0x9e1f, 0x9e1f, 0x9e1f, 0x9e1f, 0x9e1f, 
	0x9e1f, 0x9e1f, 0x9e1f, 0x9e1f, 0x9e1f, 0x9e1f, 0x9e1f, 0x9e1f, 0x9e1f, 0x9e1f, 0x9e1f, 0x9e1f, 0x9e1f, 0x9e1f, 0x9e1f, 0x9e1f, 
	0x0000, 0x0000, 0x0000, 0x6d1f, 0x6d1f, 0x6d1f, 0x6d1f, 0x6d1f, 0x6d1f, 0x6d1f, 0x6d1f, 0x6d1f, 0x6d1f, 0x0000, 0x0000, 0xffff, 
	0xffff, 0x0000, 0x0000, 0x6d1f, 0x6d1f, 0x6d1f, 0x6d1f, 0x6d1f, 0x6d1f, 0x6d1f, 0x6d1f, 0x6d1f, 0x6d1f, 0x6d1f, 0x0000, 0x0000, 
	0x0000, 0x9e1f, 0x9e1f, 0x9e1f, 0x9e1f, 0x9e1f, 0x9e1f, 0x9e1f, 0x9e1f, 0x9e1f, 0x9e1f, 0x9e1f, 0x9e1f, 0x9e1f, 0x9e1f, 0x9e1f, 
	0x9e1f, 0x9e1f, 0x9e1f, 0x9e1f, 0x9e1f, 0x0000, 0x0000, 0x0000, 0x6d1f, 0x6d1f, 0x6d1f, 0x6d1f, 0x6d1f, 0x6d1f, 0x6d1f, 0x6d1f, 
	0x6d1f, 0x6d1f, 0x6d1f, 0x0000, 0x0000, 0xffff, 0xffff, 0x0000, 0x0000, 0x6d1f, 0x6d1f, 0x6d1f, 0x6d1f, 0x6d1f, 0x6d1f, 0x6d1f, 
	0x6d1f, 0x6d1f, 0x6d1f, 0x6d1f, 0x6d1f, 0x0000, 0x0000, 0x0000, 0x9e1f, 0x9e1f, 0x9e1f, 0x9e1f, 0x9e1f, 0x9e1f, 0x9e1f, 0x9e1f, 
	0x9e1f, 0x9e1f, 0x9e1f, 0x9e1f, 0x9e1f, 0x9e1f, 0x9e1f, 0x9e1f, 0x9e1f, 0x9e1f, 0x0000, 0x0000, 0x0000, 0x6d1f, 0x6d1f, 0x6d1f, 
	0x6d1f, 0x6d1f, 0x6d1f, 0x6d1f, 0x6d1f, 0x6d1f, 0x6d1f, 0x6d1f, 0x6d1f, 0x0000, 0x0000, 0xffff, 0xffff, 0x0000, 0x0000, 0x6d1f, 
	0x6d1f, 0x6d1f, 0x6d1f, 0x6d1f, 0x6d1f, 0x6d1f, 0x6d1f, 0x6d1f, 0x6d1f, 0x6d1f, 0x6d1f, 0x6d1f, 0x0000, 0x0000, 0x0000, 0x9e1f, 
	0x9e1f, 0x9e1f, 0x9e1f, 0x9e1f, 0x9e1f, 0x9e1f, 0x9e1f, 0x9e1f, 0x9e1f, 0x9e1f, 0x9e1f, 0x9e1f, 0x9e1f, 0x9e1f, 0x9e1f, 0x0000, 
	0x0000, 0x0000, 0x6d1f, 0x6d1f, 0x6d1f, 0x6d1f, 0x6d1f, 0x6d1f, 0x6d1f, 0x6d1f, 0x6d1f, 0x6d1f, 0x6d1f, 0x6d1f, 0x6d1f, 0x0000, 
	0x0000, 0xffff, 0xffff, 0x0000, 0x0000, 0x6d1f, 0x6d1f, 0x6d1f, 0x6d1f, 0x6d1f, 0x6d1f, 0x6d1f, 0x6d1f, 0x6d1f, 0x6d1f, 0x6d1f, 
	0x6d1f, 0x6d1f, 0x6d1f, 0x0000, 0x0000, 0x0000, 0x9e1f, 0x9e1f, 0x9e1f, 0x9e1f, 0x9e1f, 0x9e1f, 0x9e1f, 0x9e1f, 0x9e1f, 0x9e1f, 
	0x9e1f, 0x9e1f, 0x9e1f, 0x9e1f, 0x0000, 0x0000, 0x0000, 0x6d1f, 0x6d1f, 0x6d1f, 0x6d1f, 0x6d1f, 0x6d1f, 0x6d1f, 0x6d1f, 0x6d1f, 
	0x6d1f, 0x6d1f, 0x6d1f, 0x6d1f, 0x6d1f, 0x0000, 0x0000, 0xffff, 0xffff, 0x0000, 0x0000, 0x6d1f, 0x6d1f, 0x6d1f, 0x6d1f, 0x6d1f, 
	0x6d1f, 0x6d1f, 0x6d1f, 0x6d1f, 0x6d1f, 0x6d1f, 0x6d1f, 0x6d1f, 0x6d1f, 0x6d1f, 0x0000, 0x0000, 0x0000, 0x9e1f, 0x9e1f, 0x9e1f, 
	0x9e1f, 0x9e1f, 0x9e1f, 0x9e1f, 0x9e1f, 0x9e1f, 0x9e1f, 0x9e1f, 0x9e1f, 0x0000, 0x0000, 0x0000, 0x6d1f, 0x6d1f, 0x6d1f, 0x6d1f, 
	0x6d1f, 0x6d1f, 0x6d1f, 0x6d1f, 0x6d1f, 0x6d1f, 0x6d1f, 0x6d1f, 0x6d1f, 0x6d1f, 0x6d1f, 0x0000, 0x0000, 0xffff, 0xffff, 0x0000, 
	0x0000, 0x6d1f, 0x6d1f, 0x6d1f, 0x6d1f, 0x6d1f, 0x6d1f, 0x6d1f, 0x6d1f, 0x6d1f, 0x6d1f, 0x6d1f, 0x6d1f, 0x6d1f, 0x6d1f, 0x6d1f, 
	0x6d1f, 0x0000, 0x0000, 0x0000, 0x9e1f, 0x9e1f, 0x9e1f, 0x9e1f, 0x9e1f, 0x9e1f, 0x9e1f, 0x9e1f, 0x9e1f, 0x9e1f, 0x0000, 0x0000, 
	0x0000, 0x6d1f, 0x6d1f, 0x6d1f, 0x6d1f, 0x6d1f, 0x6d1f, 0x6d1f, 0x6d1f, 0x6d1f, 0x6d1f, 0x6d1f, 0x6d1f, 0x6d1f, 0x6d1f, 0x6d1f, 
	0x6d1f, 0x0000, 0x0000, 0xffff, 0xffff, 0x0000, 0x0000, 0x6d1f, 0x6d1f, 0x6d1f, 0x6d1f, 0x6d1f, 0x6d1f, 0x6d1f, 0x6d1f, 0x6d1f, 
	0x6d1f, 0x6d1f, 0x6d1f, 0x6d1f, 0x6d1f, 0x6d1f, 0x6d1f, 0x6d1f, 0x0000, 0x0000, 0x0000, 0x9e1f, 0x9e1f, 0x9e1f, 0x9e1f, 0x9e1f, 
	0x9e1f, 0x9e1f, 0x9e1f, 0x0000, 0x0000, 0x0000, 0x6d1f, 0x6d1f, 0x6d1f, 0x6d1f, 0x6d1f, 0x6d1f, 0x6d1f, 0x6d1f, 0x6d1f, 0x6d1f, 
	0x6d1f, 0x6d1f, 0x6d1f, 0x6d1f, 0x6d1f, 0x6d1f, 0x6d1f, 0x0000, 0x0000, 0xffff, 0xffff, 0x0000, 0x0000, 0x6d1f, 0x6d1f, 0x6d1f, 
	0x6d1f, 0x6d1f, 0x6d1f, 0x6d1f, 0x6d1f, 0x6d1f, 0x6d1f, 0x6d1f, 0x6d1f, 0x6d1f, 0x6d1f, 0x6d1f, 0x6d1f, 0x6d1f, 0x6d1f, 0x0000, 
	0x0000, 0x0000, 0x9e1f, 0x9e1f, 0x9e1f, 0x9e1f, 0x9e1f, 0x9e1f, 0x0000, 0x0000, 0x0000, 0x6d1f, 0x6d1f, 0x6d1f, 0x6d1f, 0x6d1f, 
	0x6d1f, 0x6d1f, 0x6d1f, 0x6d1f, 0x6d1f, 0x6d1f, 0x6d1f, 0x6d1f, 0x6d1f, 0x6d1f, 0x6d1f, 0x6d1f, 0x6d1f, 0x0000, 0x0000, 0xffff, 
	0xffff, 0x0000, 0x0000, 0x6d1f, 0x6d1f, 0x6d1f, 0x6d1f, 0x6d1f, 0x6d1f, 0x6d1f, 0x6d1f, 0x6d1f, 0x6d1f, 0x6d1f, 0x6d1f, 0x6d1f, 
	0x6d1f, 0x6d1f, 0x6d1f, 0x6d1f, 0x6d1f, 0x6d1f, 0x0000, 0x0000, 0x0000, 0x9e1f, 0x9e1f, 0x9e1f, 0x9e1f, 0x0000, 0x0000, 0x0000, 
	0x6d1f, 0x6d1f, 0x6d1f, 0x6d1f, 0x6d1f, 0x6d1f, 0x6d1f, 0x6d1f, 0x6d1f, 0x6d1f, 0x6d1f, 0x6d1f, 0x6d1f, 0x6d1f, 0x6d1f, 0x6d1f, 
	0x6d1f, 0x6d1f, 0x6d1f, 0x0000, 0x0000, 0xffff, 0xffff, 0x0000, 0x0000, 0x6d1f, 0x6d1f, 0x6d1f, 0x6d1f, 0x6d1f, 0x6d1f, 0x6d1f, 
	0x6d1f, 0x6d1f, 0x6d1f, 0x6d1f, 0x6d1f, 0x6d1f, 0x6d1f, 0x6d1f, 0x6d1f, 0x6d1f, 0x6d1f, 0x6d1f, 0x6d1f, 0x0000, 0x0000, 0x0000, 
	0x9e1f, 0x9e1f, 0x0000, 0x0000, 0x0000, 0x6d1f, 0x6d1f, 0x6d1f, 0x6d1f, 0x6d1f, 0x6d1f, 0x6d1f, 0x6d1f, 0x6d1f, 0x6d1f, 0x6d1f, 
	0x6d1f, 0x6d1f, 0x6d1f, 0x6d1f, 0x6d1f, 0x6d1f, 0x6d1f, 0x6d1f, 0x6d1f, 0x0000, 0x0000, 0xffff, 0xffff, 0x0000, 0x0000, 0x6d1f, 
	0x6d1f, 0x6d1f, 0x6d1f, 0x6d1f, 0x6d1f, 0x6d1f, 0x6d1f, 0x6d1f, 0x6d1f, 0x6d1f, 0x6d1f, 0x6d1f, 0x6d1f, 0x6d1f, 0x6d1f, 0x6d1f, 
	0x6d1f, 0x6d1f, 0x6d1f, 0x6d1f, 0x0000, 0x0000, 0x0000, 0x0000, 0x0000, 0x0000, 0x6d1f, 0x6d1f, 0x6d1f, 0x6d1f, 0x6d1f, 0x6d1f, 
	0x6d1f, 0x6d1f, 0x6d1f, 0x6d1f, 0x6d1f, 0x6d1f, 0x6d1f, 0x6d1f, 0x6d1f, 0x6d1f, 0x6d1f, 0x6d1f, 0x6d1f, 0x6d1f, 0x6d1f, 0x0000, 
	0x0000, 0xffff, 0xffff, 0x0000, 0x0000, 0x0000, 0x0000, 0x0000, 0x0000, 0x0000, 0x0000, 0x0000, 0x0000, 0x0000, 0x0000, 0x0000, 
	0x0000, 0x0000, 0x0000, 0x0000, 0x0000, 0x0000, 0x0000, 0x0000, 0x0000, 0x0000, 0x0000, 0x0000, 0x0000, 0x0000, 0x0000, 0x0000, 
	0x0000, 0x0000, 0x0000, 0x0000, 0x0000, 0x0000, 0x0000, 0x0000, 0x0000, 0x0000, 0x0000, 0x0000, 0x0000, 0x0000, 0x0000, 0x0000, 
	0x0000, 0x0000, 0x0000, 0x0000, 0x0000, 0x0000, 0x0000, 0xffff, 0xffff, 0x0000, 0x0000, 0x0000, 0x0000, 0x0000, 0x0000, 0x0000, 
	0x0000, 0x0000, 0x0000, 0x0000, 0x0000, 0x0000, 0x0000, 0x0000, 0x0000, 0x0000, 0x0000, 0x0000, 0x0000, 0x0000, 0x0000, 0x0000, 
	0x0000, 0x0000, 0x0000, 0x0000, 0x0000, 0x0000, 0x0000, 0x0000, 0x0000, 0x0000, 0x0000, 0x0000, 0x0000, 0x0000, 0x0000, 0x0000, 
	0x0000, 0x0000, 0x0000, 0x0000, 0x0000, 0x0000, 0x0000, 0x0000, 0x0000, 0x0000, 0x0000, 0x0000, 0x0000, 0xffff, 0xffff, 0xffff, 
	0xffff, 0xffff, 0xffff, 0xffff, 0xffff, 0xffff, 0xffff, 0xffff, 0xffff, 0xffff, 0xffff, 0xffff, 0xffff, 0xffff, 0xffff, 0xffff, 
	0xffff, 0xffff, 0xffff, 0xffff, 0xffff, 0xffff, 0xffff, 0xffff, 0xffff, 0xffff, 0xffff, 0xffff, 0xffff, 0xffff, 0xffff, 0xffff, 
	0xffff, 0xffff, 0xffff, 0xffff, 0xffff, 0xffff, 0xffff, 0xffff, 0xffff, 0xffff, 0xffff, 0xffff, 0xffff, 0xffff, 0xffff, 0xffff, 
	0xffff, 0xffff, 0xffff, 0xffff
};

const uint16_t clockbuttonD[] PROGMEM = {
	0xffff, 0xffff, 0xffff, 0xffff, 0xffff, 0xffff, 0xffff, 0xffff, 0xffff, 0xffff, 0xffff, 0xffff, 0xffff, 0xffff, 0xffff, 0xffff, 
	0xffff, 0xffff, 0xffff, 0xffff, 0xffff, 0xffff, 0xffff, 0xffff, 0xffff, 0xffff, 0xffff, 0xffff, 0xffff, 0xffff, 0xffff, 0xffff, 
	0xffff, 0xffff, 0xffff, 0xffff, 0xffff, 0xffff, 0xffff, 0xffff, 0xffff, 0xffff, 0xffff, 0xffff, 0xffff, 0xffff, 0xffff, 0xffff, 
	0xffff, 0xffff, 0xffff, 0xffff, 0xffff, 0xffff, 0xffff, 0x0000, 0x0000, 0x0000, 0x0000, 0x0000, 0x0000, 0x0000, 0x0000, 0x0000, 
	0x0000, 0x0000, 0x0000, 0x0000, 0x0000, 0x0000, 0x0000, 0x0000, 0x0000, 0x0000, 0x0000, 0x0000, 0x0000, 0x0000, 0x0000, 0x0000, 
	0x0000, 0x0000, 0x0000, 0x0000, 0x0000, 0x0000, 0x0000, 0x0000, 0x0000, 0x0000, 0x0000, 0x0000, 0x0000, 0x0000, 0x0000, 0x0000, 
	0x0000, 0x0000, 0x0000, 0x0000, 0x0000, 0x0000, 0x0000, 0x0000, 0x0000, 0x0000, 0x0000, 0xffff, 0xffff, 0x0000, 0x0000, 0x0000, 
	0x0000, 0x0000, 0x0000, 0x0000, 0x0000, 0x0000, 0x0000, 0x0000, 0x0000, 0x0000, 0x0000, 0x0000, 0x0000, 0x0000, 0x0000, 0x0000, 
	0x0000, 0x0000, 0x0000, 0x0000, 0x0000, 0x0000, 0x0000, 0x0000, 0x0000, 0x0000, 0x0000, 0x0000, 0x0000, 0x0000, 0x0000, 0x0000, 
	0x0000, 0x0000, 0x0000, 0x0000, 0x0000, 0x0000, 0x0000, 0x0000, 0x0000, 0x0000, 0x0000, 0x0000, 0x0000, 0x0000, 0x0000, 0x0000, 
	0x0000, 0xffff, 0xffff, 0x0000, 0x0000, 0x0000, 0x0000, 0x0000, 0x0000, 0x0000, 0x0000, 0x0000, 0x0000, 0x0000, 0x0000, 0x0000, 
	0x0000, 0x0000, 0x0000, 0x0000, 0x0000, 0x0000, 0x0000, 0x0000, 0x0000, 0x0000, 0x0000, 0x0000, 0x0000, 0x0000, 0x0000, 0x0000, 
	0x0000, 0x0000, 0x0000, 0x0000, 0x0000, 0x0000, 0x0000, 0x0000, 0x0000, 0x0000, 0x0000, 0x0000, 0x0000, 0x0000, 0x0000, 0x0000, 
	0x0000, 0x0000, 0x0000, 0x0000, 0x0000, 0x0000, 0x0000, 0xffff, 0xffff, 0x0000, 0x0000, 0x0000, 0x0000, 0x0000, 0x0000, 0x0000, 
	0x0000, 0x0000, 0x0000, 0x0000, 0x0000, 0x0000, 0x0000, 0x0000, 0x0000, 0x0000, 0x0000, 0x0000, 0x0000, 0x0000, 0x0000, 0x0000, 
	0x6d1f, 0x6d1f, 0x6d1f, 0x6d1f, 0x6d1f, 0x6d1f, 0x0000, 0x0000, 0x0000, 0x0000, 0x0000, 0x0000, 0x0000, 0x0000, 0x0000, 0x0000, 
	0x0000, 0x0000, 0x0000, 0x0000, 0x0000, 0x0000, 0x0000, 0x0000, 0x0000, 0x0000, 0x0000, 0x0000, 0x0000, 0xffff, 0xffff, 0x0000, 
	0x0000, 0x0000, 0x0000, 0x0000, 0x0000, 0x0000, 0x0000, 0x0000, 0x0000, 0x0000, 0x0000, 0x0000, 0x0000, 0x0000, 0x0000, 0x0000, 
	0x0000, 0x0000, 0x6d1f, 0x6d1f, 0x6d1f, 0x6d1f, 0x6d1f, 0x6d1f, 0x6d1f, 0x6d1f, 0x6d1f, 0x6d1f, 0x6d1f, 0x6d1f, 0x6d1f, 0x6d1f, 
	0x0000, 0x0000, 0x0000, 0x0000, 0x0000, 0x0000, 0x0000, 0x0000, 0x0000, 0x0000, 0x0000, 0x0000, 0x0000, 0x0000, 0x0000, 0x0000, 
	0x0000, 0x0000, 0x0000, 0xffff, 0xffff, 0x0000, 0x0000, 0x0000, 0x0000, 0x0000, 0x0000, 0x0000, 0x0000, 0x0000, 0x0000, 0x0000, 
	0x0000, 0x0000, 0x0000, 0x0000, 0x0000, 0x6d1f, 0x6d1f, 0x6d1f, 0x6d1f, 0x6d1f, 0x6d1f, 0x6d1f, 0x6d1f, 0x6d1f, 0x6d1f, 0x6d1f, 
	0x6d1f, 0x6d1f, 0x6d1f, 0x6d1f, 0x6d1f, 0x6d1f, 0x6d1f, 0x6d1f, 0x6d1f, 0x0000, 0x0000, 0x0000, 0x0000, 0x0000, 0x0000, 0x0000, 
	0x0000, 0x0000, 0x0000, 0x0000, 0x0000, 0x0000, 0x0000, 0x0000, 0x0000, 0xffff, 0xffff, 0x0000, 0x0000, 0x0000, 0x0000, 0x0000, 
	0x0000, 0x0000, 0x0000, 0x0000, 0x0000, 0x0000, 0x0000, 0x0000, 0x0000, 0x6d1f, 0x6d1f, 0x6d1f, 0x6d1f, 0x6d1f, 0x6d1f, 0x6d1f, 
	0x6d1f, 0x6d1f, 0x6d1f, 0x6d1f, 0x6d1f, 0x6d1f, 0x6d1f, 0x6d1f, 0x6d1f, 0x6d1f, 0x6d1f, 0x6d1f, 0x6d1f, 0x6d1f, 0x6d1f, 0x6d1f, 
	0x6d1f, 0x0000, 0x0000, 0x0000, 0x0000, 0x0000, 0x0000, 0x0000, 0x0000, 0x0000, 0x0000, 0x0000, 0x0000, 0x0000, 0x0000, 0xffff, 
	0xffff, 0x0000, 0x0000, 0x0000, 0x0000, 0x0000, 0x0000, 0x0000, 0x0000, 0x0000, 0x0000, 0x0000, 0x0000, 0x0000, 0x6d1f, 0x6d1f, 
	0x6d1f, 0x6d1f, 0x6d1f, 0x6d1f, 0x6d1f, 0x6d1f, 0x6d1f, 0x6d1f, 0x6d1f, 0x6d1f, 0xffff, 0xffff, 0x6d1f, 0x6d1f, 0x6d1f, 0x6d1f, 
	0x6d1f, 0x6d1f, 0x6d1f, 0x6d1f, 0x6d1f, 0x6d1f, 0x6d1f, 0x6d1f, 0x0000, 0x0000, 0x0000, 0x0000, 0x0000, 0x0000, 0x0000, 0x0000, 
	0x0000, 0x0000, 0x0000, 0x0000, 0x0000, 0xffff, 0xffff, 0x0000, 0x0000, 0x0000, 0x0000, 0x0000, 0x0000, 0x0000, 0x0000, 0x0000, 
	0x0000, 0x0000, 0x0000, 0x6d1f, 0x6d1f, 0x6d1f, 0x6d1f, 0x6d1f, 0x6d1f, 0x6d1f, 0x6d1f, 0x6d1f, 0x6d1f, 0x6d1f, 0x6d1f, 0x6d1f, 
	0xffff, 0xffff, 0x6d1f, 0x6d1f, 0x6d1f, 0x6d1f, 0x6d1f, 0x6d1f, 0x6d1f, 0x6d1f, 0x6d1f, 0x6d1f, 0x6d1f, 0x6d1f, 0x6d1f, 0x0000, 
	0x0000, 0x0000, 0x0000, 0x0000, 0x0000, 0x0000, 0x0000, 0x0000, 0x0000, 0x0000, 0x0000, 0xffff, 0xffff, 0x0000, 0x0000, 0x0000, 
	0x0000, 0x0000, 0x0000, 0x0000, 0x0000, 0x0000, 0x0000, 0x6d1f, 0x6d1f, 0x6d1f, 0x6d1f, 0x6d1f, 0x6d1f, 0x6d1f, 0x6d1f, 0x6d1f, 
	0x6d1f, 0x6d1f, 0x6d1f, 0x6d1f, 0x6d1f, 0x6d1f, 0xffff, 0xffff, 0x6d1f, 0x6d1f, 0x6d1f, 0x6d1f, 0x6d1f, 0x6d1f, 0x6d1f, 0x6d1f, 
	0x6d1f, 0x6d1f, 0x6d1f, 0x6d1f, 0x6d1f, 0x6d1f, 0x6d1f, 0x0000, 0x0000, 0x0000, 0x0000, 0x0000, 0x0000, 0x0000, 0x0000, 0x0000, 
	0x0000, 0xffff, 0xffff, 0x0000, 0x0000, 0x0000, 0x0000, 0x0000, 0x0000, 0x0000, 0x0000, 0x0000, 0x6d1f, 0x6d1f, 0x6d1f, 0x6d1f, 
	0x6d1f, 0x6d1f, 0x6d1f, 0x6d1f, 0x6d1f, 0x6d1f, 0x6d1f, 0x6d1f, 0x6d1f, 0x6d1f, 0x6d1f, 0x6d1f, 0xffff, 0xffff, 0x6d1f, 0x6d1f, 
	0x6d1f, 0x6d1f, 0x6d1f, 0x6d1f, 0x6d1f, 0x6d1f, 0x6d1f, 0x6d1f, 0x6d1f, 0x6d1f, 0x6d1f, 0x6d1f, 0x6d1f, 0x6d1f, 0x0000, 0x0000, 
	0x0000, 0x0000, 0x0000, 0x0000, 0x0000, 0x0000, 0x0000, 0xffff, 0xffff, 0x0000, 0x0000, 0x0000, 0x0000, 0x0000, 0x0000, 0x0000, 
	0x0000, 0x6d1f, 0x6d1f, 0x6d1f, 0x6d1f, 0x6d1f, 0x6d1f, 0x6d1f, 0x6d1f, 0x6d1f, 0x6d1f, 0x6d1f, 0x6d1f, 0x6d1f, 0x6d1f, 0x6d1f, 
	0x6d1f, 0xffff, 0xffff, 0xffff, 0xffff, 0x6d1f, 0x6d1f, 0x6d1f, 0x6d1f, 0x6d1f, 0x6d1f, 0x6d1f, 0x6d1f, 0x6d1f, 0x6d1f, 0x6d1f, 
	0x6d1f, 0x6d1f, 0x6d1f, 0x6d1f, 0x6d1f, 0x0000, 0x0000, 0x0000, 0x0000, 0x0000, 0x0000, 0x0000, 0x0000, 0xffff, 0xffff, 0x0000, 
	0x0000, 0x0000, 0x0000, 0x0000, 0x0000, 0x0000, 0x0000, 0x6d1f, 0x6d1f, 0x6d1f, 0x6d1f, 0x6d1f, 0x6d1f, 0x6d1f, 0x6d1f, 0x6d1f, 
	0x6d1f, 0x6d1f, 0x6d1f, 0x6d1f, 0x6d1f, 0x6d1f, 0x6d1f, 0xffff, 0xffff, 0xffff, 0xffff, 0x6d1f, 0x6d1f, 0x6d1f, 0x6d1f, 0x6d1f, 
	0x6d1f, 0x6d1f, 0x6d1f, 0x6d1f, 0x6d1f, 0x6d1f, 0x6d1f, 0x6d1f, 0x6d1f, 0x6d1f, 0x6d1f, 0x0000, 0x0000, 0x0000, 0x0000, 0x0000, 
	0x0000, 0x0000, 0x0000, 0xffff, 0xffff, 0x0000, 0x0000, 0x0000, 0x0000, 0x0000, 0x0000, 0x0000, 0x6d1f, 0x6d1f, 0x6d1f, 0x6d1f, 
	0x6d1f, 0x6d1f, 0x6d1f, 0x6d1f, 0x6d1f, 0x6d1f, 0x6d1f, 0x6d1f, 0x6d1f, 0x6d1f, 0x6d1f, 0x6d1f, 0x6d1f, 0xffff, 0xffff, 0xffff, 
	0xffff, 0x6d1f, 0x6d1f, 0x6d1f, 0x6d1f, 0x6d1f, 0x6d1f, 0x6d1f, 0x6d1f, 0x6d1f, 0x6d1f, 0x6d1f, 0x6d1f, 0x6d1f, 0x6d1f, 0x6d1f, 
	0x6d1f, 0x6d1f, 0x0000, 0x0000, 0x0000, 0x0000, 0x0000, 0x0000, 0x0000, 0xffff, 0xffff, 0x0000, 0x0000, 0x0000, 0x0000, 0x0000, 
	0x0000, 0x6d1f, 0x6d1f, 0x6d1f, 0x6d1f, 0x6d1f, 0x6d1f, 0x6d1f, 0x6d1f, 0x6d1f, 0x6d1f, 0x6d1f, 0x6d1f, 0x6d1f, 0x6d1f, 0x6d1f, 
	0x6d1f, 0x6d1f, 0xffff, 0xffff, 0x9e1f, 0x9e1f, 0xffff, 0xffff, 0x6d1f, 0x6d1f, 0x6d1f, 0x6d1f, 0x6d1f, 0x6d1f, 0x6d1f, 0x6d1f, 
	0x6d1f, 0x6d1f, 0x6d1f, 0x6d1f, 0x6d1f, 0x6d1f, 0x6d1f, 0x6d1f, 0x6d1f, 0x0000, 0x0000, 0x0000, 0x0000, 0x0000, 0x0000, 0xffff, 
	0xffff, 0x0000, 0x0000, 0x0000, 0x0000, 0x0000, 0x0000, 0x6d1f, 0x6d1f, 0x6d1f, 0x6d1f, 0x6d1f, 0x6d1f, 0x6d1f, 0x6d1f, 0x6d1f, 
	0x6d1f, 0x6d1f, 0x6d1f, 0x6d1f, 0x6d1f, 0x6d1f, 0x6d1f, 0x6d1f, 0xffff, 0xffff, 0x9e1f, 0x9e1f, 0xffff, 0xffff, 0x6d1f, 0x6d1f, 
	0x6d1f, 0x6d1f, 0x6d1f, 0x6d1f, 0x6d1f, 0x6d1f, 0x6d1f, 0x6d1f, 0x6d1f, 0x6d1f, 0x6d1f, 0x6d1f, 0x6d1f, 0x6d1f, 0x6d1f, 0x0000, 
	0x0000, 0x0000, 0x0000, 0x0000, 0x0000, 0xffff, 0xffff, 0x0000, 0x0000, 0x0000, 0x0000, 0x0000, 0x6d1f, 0x6d1f, 0x6d1f, 0x6d1f, 
	0x6d1f, 0x6d1f, 0x6d1f, 0x6d1f, 0x6d1f, 0x6d1f, 0x6d1f, 0x6d1f, 0x6d1f, 0x6d1f, 0x6d1f, 0x6d1f, 0x6d1f, 0x6d1f, 0xffff, 0xffff, 
	0x9e1f, 0x9e1f, 0xffff, 0xffff, 0x6d1f, 0x6d1f, 0x6d1f, 0x6d1f, 0x6d1f, 0x6d1f, 0x6d1f, 0x6d1f, 0x6d1f, 0x6d1f, 0x6d1f, 0x6d1f, 
	0x6d1f, 0x6d1f, 0x6d1f, 0x6d1f, 0x6d1f, 0x6d1f, 0x0000, 0x0000, 0x0000, 0x0000, 0x0000, 0xffff, 0xffff, 0x0000, 0x0000, 0x0000, 
	0x0000, 0x0000, 0x6d1f, 0x6d1f, 0x6d1f, 0x6d1f, 0x6d1f, 0x6d1f, 0x6d1f, 0x6d1f, 0x6d1f, 0x6d1f, 0x6d1f, 0x6d1f, 0x6d1f, 0x6d1f, 
	0x6d1f, 0x6d1f, 0x6d1f, 0x6d1f, 0xffff, 0xffff, 0x9e1f, 0x9e1f, 0xffff, 0xffff, 0x6d1f, 0x6d1f, 0x6d1f, 0x6d1f, 0x6d1f, 0x6d1f, 
	0x6d1f, 0x6d1f, 0x6d1f, 0x6d1f, 0x6d1f, 0x6d1f, 0x6d1f, 0x6d1f, 0x6d1f, 0x6d1f, 0x6d1f, 0x6d1f, 0x0000, 0x0000, 0x0000, 0x0000, 
	0x0000, 0xffff, 0xffff, 0x0000, 0x0000, 0x0000, 0x0000, 0x0000, 0x6d1f, 0x6d1f, 0x6d1f, 0x6d1f, 0x6d1f, 0x6d1f, 0x6d1f, 0x6d1f, 
	0x6d1f, 0x6d1f, 0x6d1f, 0x6d1f, 0x6d1f, 0x6d1f, 0x6d1f, 0x6d1f, 0x6d1f, 0xffff, 0xffff, 0x9e1f, 0x9e1f, 0x9e1f, 0x9e1f, 0xffff, 
	0xffff, 0x6d1f, 0x6d1f, 0x6d1f, 0x6d1f, 0x6d1f, 0x6d1f, 0x6d1f, 0x6d1f, 0x6d1f, 0x6d1f, 0x6d1f, 0x6d1f, 0x6d1f, 0x6d1f, 0x6d1f, 
	0x6d1f, 0x6d1f, 0x0000, 0x0000, 0x0000, 0x0000, 0x0000, 0xffff, 0xffff, 0x0000, 0x0000, 0x0000, 0x0000, 0x6d1f, 0x6d1f, 0x6d1f, 
	0x6d1f, 0x6d1f, 0x6d1f, 0x6d1f, 0x6d1f, 0x6d1f, 0x6d1f, 0x6d1f, 0x6d1f, 0x6d1f, 0x6d1f, 0x6d1f, 0x6d1f, 0x6d1f, 0x6d1f, 0xffff, 
	0xffff, 0x9e1f, 0x9e1f, 0x9e1f, 0x9e1f, 0xffff, 0xffff, 0x6d1f, 0x6d1f, 0x6d1f, 0x6d1f, 0x6d1f, 0x6d1f, 0x6d1f, 0x6d1f, 0x6d1f, 
	0x6d1f, 0x6d1f, 0x6d1f, 0x6d1f, 0x6d1f, 0x6d1f, 0x6d1f, 0x6d1f, 0x6d1f, 0x0000, 0x0000, 0x0000, 0x0000, 0xffff, 0xffff, 0x0000, 
	0x0000, 0x0000, 0x0000, 0x6d1f, 0x6d1f, 0x6d1f, 0x6d1f, 0x6d1f, 0x6d1f, 0x6d1f, 0x6d1f, 0x6d1f, 0x6d1f, 0x6d1f, 0x6d1f, 0x6d1f, 
	0x6d1f, 0x6d1f, 0x6d1f, 0x6d1f, 0x6d1f, 0xffff, 0xffff, 0x9e1f, 0x9e1f, 0x9e1f, 0x9e1f, 0xffff, 0xffff, 0x6d1f, 0x6d1f, 0x6d1f, 
	0x6d1f, 0x6d1f, 0x6d1f, 0x6d1f, 0x6d1f, 0x6d1f, 0x6d1f, 0x6d1f, 0x6d1f, 0x6d1f, 0x6d1f, 0x6d1f, 0x6d1f, 0x6d1f, 0x6d1f, 0x0000, 
	0x0000, 0x0000, 0x0000, 0xffff, 0xffff, 0x0000, 0x0000, 0x0000, 0x0000, 0x6d1f, 0x6d1f, 0x6d1f, 0x6d1f, 0x6d1f, 0x6d1f, 0x6d1f, 
	0x6d1f, 0x6d1f, 0x6d1f, 0x6d1f, 0x6d1f, 0x6d1f, 0x6d1f, 0x6d1f, 0x6d1f, 0x6d1f, 0xffff, 0xffff, 0x9e1f, 0x9e1f, 0x9e1f, 0x9e1f, 
	0x9e1f, 0x9e1f, 0xffff, 0xffff, 0x6d1f, 0x6d1f, 0x6d1f, 0x6d1f, 0x6d1f, 0x6d1f, 0x6d1f, 0x6d1f, 0x6d1f, 0x6d1f, 0x6d1f, 0x6d1f, 
	0x6d1f, 0x6d1f, 0x6d1f, 0x6d1f, 0x6d1f, 0x0000, 0x0000, 0x0000, 0x0000, 0xffff, 0xffff, 0x0000, 0x0000, 0x0000, 0x6d1f, 0x6d1f, 
	0x6d1f, 0x6d1f, 0x6d1f, 0x6d1f, 0x6d1f, 0x6d1f, 0x6d1f, 0x6d1f, 0x6d1f, 0x6d1f, 0x6d1f, 0x6d1f, 0x6d1f, 0x6d1f, 0x6d1f, 0x6d1f, 
	0xffff, 0xffff, 0x9e1f, 0x9e1f, 0x9e1f, 0x9e1f, 0x9e1f, 0x9e1f, 0xffff, 0xffff, 0x6d1f, 0x6d1f, 0x6d1f, 0x6d1f, 0x6d1f, 0x6d1f, 
	0x6d1f, 0x6d1f, 0x6d1f, 0x6d1f, 0x6d1f, 0x6d1f, 0x6d1f, 0x6d1f, 0x6d1f, 0x6d1f, 0x6d1f, 0x6d1f, 0x0000, 0x0000, 0x0000, 0xffff, 
	0xffff, 0x0000, 0x0000, 0x0000, 0x6d1f, 0x6d1f, 0x6d1f, 0x6d1f, 0x6d1f, 0x6d1f, 0x6d1f, 0x6d1f, 0x6d1f, 0x6d1f, 0x6d1f, 0x6d1f, 
	0x6d1f, 0x6d1f, 0x6d1f, 0x6d1f, 0x6d1f, 0x6d1f, 0xffff, 0xffff, 0x9e1f, 0x9e1f, 0x9e1f, 0x9e1f, 0x9e1f, 0x9e1f, 0xffff, 0xffff, 
	0x6d1f, 0x6d1f, 0x6d1f, 0x6d1f, 0x6d1f, 0x6d1f, 0x6d1f, 0x6d1f, 0x6d1f, 0x6d1f, 0x6d1f, 0x6d1f, 0x6d1f, 0x6d1f, 0x6d1f, 0x6d1f, 
	0x6d1f, 0x6d1f, 0x0000, 0x0000, 0x0000, 0xffff, 0xffff, 0x0000, 0x0000, 0x0000, 0x6d1f, 0x6d1f, 0x6d1f, 0x6d1f, 0x6d1f, 0x6d1f, 
	0x6d1f, 0x6d1f, 0x6d1f, 0x6d1f, 0x6d1f, 0x6d1f, 0x6d1f, 0x6d1f, 0x6d1f, 0x6d1f, 0x6d1f, 0x6d1f, 0xffff, 0xffff, 0x9e1f, 0x9e1f, 
	0x9e1f, 0x9e1f, 0x9e1f, 0x9e1f, 0xffff, 0xffff, 0x6d1f, 0x6d1f, 0x6d1f, 0x6d1f, 0x6d1f, 0x6d1f, 0x6d1f, 0x6d1f, 0x6d1f, 0x6d1f, 
	0x6d1f, 0x6d1f, 0x6d1f, 0x6d1f, 0x6d1f, 0x6d1f, 0x6d1f, 0x6d1f, 0x0000, 0x0000, 0x0000, 0xffff, 0xffff, 0x0000, 0x0000, 0x0000, 
	0x6d1f, 0x6d1f, 0x6d1f, 0x6d1f, 0x6d1f, 0x6d1f, 0x6d1f, 0x6d1f, 0x6d1f, 0x6d1f, 0x6d1f, 0x6d1f, 0x6d1f, 0x6d1f, 0x6d1f, 0x6d1f, 
	0x6d1f, 0xffff, 0xffff, 0x9e1f, 0x9e1f, 0x9e1f, 0x9e1f, 0x9e1f, 0x9e1f, 0x9e1f, 0x9e1f, 0xffff, 0xffff, 0x6d1f, 0x6d1f, 0x6d1f, 
	0x6d1f, 0x6d1f, 0x6d1f, 0x6d1f, 0x6d1f, 0x6d1f, 0x6d1f, 0x6d1f, 0x6d1f, 0x6d1f, 0x6d1f, 0x6d1f, 0x6d1f, 0x6d1f, 0x0000, 0x0000, 
	0x0000, 0xffff, 0xffff, 0x0000, 0x0000, 0x0000, 0x6d1f, 0x6d1f, 0x6d1f, 0x6d1f, 0x6d1f, 0x6d1f, 0x6d1f, 0x6d1f, 0x6d1f, 0x6d1f, 
	0x6d1f, 0x6d1f, 0x6d1f, 0x6d1f, 0x6d1f, 0x6d1f, 0x6d1f, 0xffff, 0xffff, 0x9e1f, 0x9e1f, 0x9e1f, 0x9e1f, 0x9e1f, 0x9e1f, 0x9e1f, 
	0x9e1f, 0xffff, 0xffff, 0x6d1f, 0x6d1f, 0x6d1f, 0x6d1f, 0x6d1f, 0x6d1f, 0x6d1f, 0x6d1f, 0x6d1f, 0x6d1f, 0x6d1f, 0x6d1f, 0x6d1f, 
	0x6d1f, 0x6d1f, 0x6d1f, 0x6d1f, 0x0000, 0x0000, 0x0000, 0xffff, 0xffff, 0x0000, 0x0000, 0x0000, 0x6d1f, 0x6d1f, 0x6d1f, 0x6d1f, 
	0x6d1f, 0x6d1f, 0x6d1f, 0x6d1f, 0x6d1f, 0x6d1f, 0x6d1f, 0x6d1f, 0x6d1f, 0x6d1f, 0x6d1f, 0x6d1f, 0x6d1f, 0x6d1f, 0xffff, 0xffff, 
	0x9e1f, 0x9e1f, 0x9e1f, 0x9e1f, 0x9e1f, 0x9e1f, 0xffff, 0xffff, 0x6d1f, 0x6d1f, 0x6d1f, 0x6d1f, 0x6d1f, 0x6d1f, 0x6d1f, 0x6d1f, 
	0x6d1f, 0x6d1f, 0x6d1f, 0x6d1f, 0x6d1f, 0x6d1f, 0x6d1f, 0x6d1f, 0x6d1f, 0x6d1f, 0x0000, 0x0000, 0x0000, 0xffff, 0xffff, 0x0000, 
	0x0000, 0x0000, 0x6d1f, 0x6d1f, 0x6d1f, 0x6d1f, 0x6d1f, 0x6d1f, 0x6d1f, 0x6d1f, 0x6d1f, 0x6d1f, 0x6d1f, 0x6d1f, 0x6d1f, 0x6d1f, 
	0x6d1f, 0x6d1f, 0x6d1f, 0x6d1f, 0xffff, 0xffff, 0x9e1f, 0x9e1f, 0x9e1f, 0x9e1f, 0x9e1f, 0x9e1f, 0xffff, 0xffff, 0x6d1f, 0x6d1f, 
	0x6d1f, 0x6d1f, 0x6d1f, 0x6d1f, 0x6d1f, 0x6d1f, 0x6d1f, 0x6d1f, 0x6d1f, 0x6d1f, 0x6d1f, 0x6d1f, 0x6d1f, 0x6d1f, 0x6d1f, 0x6d1f, 
	0x0000, 0x0000, 0x0000, 0xffff, 0xffff, 0x0000, 0x0000, 0x0000, 0x0000, 0x6d1f, 0x6d1f, 0x6d1f, 0x6d1f, 0x6d1f, 0x6d1f, 0x6d1f, 
	0x6d1f, 0x6d1f, 0x6d1f, 0x6d1f, 0x6d1f, 0x6d1f, 0x6d1f, 0x6d1f, 0x6d1f, 0x6d1f, 0x6d1f, 0xffff, 0xffff, 0xffff, 0x9e1f, 0x9e1f, 
	0xffff, 0xffff, 0xffff, 0x6d1f, 0x6d1f, 0x6d1f, 0x6d1f, 0x6d1f, 0x6d1f, 0x6d1f, 0x6d1f, 0x6d1f, 0x6d1f, 0x6d1f, 0x6d1f, 0x6d1f, 
	0x6d1f, 0x6d1f, 0x6d1f, 0x6d1f, 0x6d1f, 0x0000, 0x0000, 0x0000, 0x0000, 0xffff, 0xffff, 0x0000, 0x0000, 0x0000, 0x0000, 0x6d1f, 
	0x6d1f, 0x6d1f, 0x6d1f, 0x6d1f, 0x6d1f, 0x6d1f, 0x6d1f, 0x6d1f, 0x6d1f, 0x6d1f, 0x6d1f, 0x6d1f, 0x6d1f, 0x6d1f, 0x6d1f, 0x6d1f, 
	0x6d1f, 0x6d1f, 0xffff, 0xffff, 0xffff, 0xffff, 0xffff, 0xffff, 0x6d1f, 0x6d1f, 0x6d1f, 0x6d1f, 0x6d1f, 0x6d1f, 0x6d1f, 0x6d1f, 
	0x6d1f, 0x6d1f, 0x6d1f, 0x6d1f, 0x6d1f, 0x6d1f, 0x6d1f, 0x6d1f, 0x6d1f, 0x6d1f, 0x6d1f, 0x0000, 0x0000, 0x0000, 0x0000, 0xffff, 
	0xffff, 0x0000, 0x0000, 0x0000, 0x0000, 0x6d1f, 0x6d1f, 0x6d1f, 0x6d1f, 0x6d1f, 0x6d1f, 0x6d1f, 0x6d1f, 0x6d1f, 0x6d1f, 0x6d1f, 
	0x6d1f, 0x6d1f, 0x6d1f, 0x6d1f, 0x6d1f, 0x6d1f, 0x6d1f, 0x6d1f, 0x6d1f, 0x6d1f, 0xffff, 0xffff, 0x6d1f, 0x6d1f, 0x6d1f, 0x6d1f, 
	0x6d1f, 0x6d1f, 0x6d1f, 0x6d1f, 0x6d1f, 0x6d1f, 0x6d1f, 0x6d1f, 0x6d1f, 0x6d1f, 0x6d1f, 0x6d1f, 0x6d1f, 0x6d1f, 0x6d1f, 0x6d1f, 
	0x6d1f, 0x0000, 0x0000, 0x0000, 0x0000, 0xffff, 0xffff, 0x0000, 0x0000, 0x0000, 0x0000, 0x6d1f, 0x6d1f, 0x6d1f, 0x6d1f, 0x6d1f, 
	0x6d1f, 0x6d1f, 0x6d1f, 0x6d1f, 0x6d1f, 0x6d1f, 0x6d1f, 0x6d1f, 0x6d1f, 0x6d1f, 0x6d1f, 0x6d1f, 0x6d1f, 0x6d1f, 0x6d1f, 0x6d1f, 
	0x6d1f, 0x6d1f, 0x6d1f, 0x6d1f, 0x6d1f, 0x6d1f, 0x6d1f, 0x6d1f, 0x6d1f, 0x6d1f, 0x6d1f, 0x6d1f, 0x6d1f, 0x6d1f, 0x6d1f, 0x6d1f, 
	0x6d1f, 0x6d1f, 0x6d1f, 0x6d1f, 0x6d1f, 0x6d1f, 0x6d1f, 0x0000, 0x0000, 0x0000, 0x0000, 0xffff, 0xffff, 0x0000, 0x0000, 0x0000, 
	0x0000, 0x0000, 0x6d1f, 0x6d1f, 0x6d1f, 0x6d1f, 0x6d1f, 0x6d1f, 0x6d1f, 0x6d1f, 0x6d1f, 0x6d1f, 0x6d1f, 0x6d1f, 0x6d1f, 0x6d1f, 
	0x6d1f, 0x6d1f, 0x6d1f, 0x6d1f, 0x6d1f, 0x6d1f, 0x6d1f, 0x6d1f, 0x6d1f, 0x6d1f, 0x6d1f, 0x6d1f, 0x6d1f, 0x6d1f, 0x6d1f, 0x6d1f, 
	0x6d1f, 0x6d1f, 0x6d1f, 0x6d1f, 0x6d1f, 0x6d1f, 0x6d1f, 0x6d1f, 0x6d1f, 0x6d1f, 0x6d1f, 0x6d1f, 0x0000, 0x0000, 0x0000, 0x0000, 
	0x0000, 0xffff, 0xffff, 0x0000, 0x0000, 0x0000, 0x0000, 0x0000, 0x6d1f, 0x6d1f, 0x6d1f, 0x6d1f, 0x6d1f, 0x6d1f, 0x6d1f, 0x6d1f, 
	0x6d1f, 0x6d1f, 0x6d1f, 0x6d1f, 0x6d1f, 0x6d1f, 0x6d1f, 0x6d1f, 0x6d1f, 0x6d1f, 0x6d1f, 0x6d1f, 0x6d1f, 0x6d1f, 0x6d1f, 0x6d1f, 
	0x6d1f, 0x6d1f, 0x6d1f, 0x6d1f, 0x6d1f, 0x6d1f, 0x6d1f, 0x6d1f, 0x6d1f, 0x6d1f, 0x6d1f, 0x6d1f, 0x6d1f, 0x6d1f, 0x6d1f, 0x6d1f, 
	0x6d1f, 0x6d1f, 0x0000, 0x0000, 0x0000, 0x0000, 0x0000, 0xffff, 0xffff, 0x0000, 0x0000, 0x0000, 0x0000, 0x0000, 0x6d1f, 0x6d1f, 
	0x6d1f, 0x6d1f, 0x6d1f, 0x6d1f, 0x6d1f, 0x6d1f, 0x6d1f, 0x6d1f, 0x6d1f, 0x6d1f, 0x6d1f, 0x6d1f, 0x6d1f, 0x6d1f, 0x6d1f, 0x6d1f, 
	0x6d1f, 0x6d1f, 0x6d1f, 0x6d1f, 0x6d1f, 0x6d1f, 0x6d1f, 0x6d1f, 0x6d1f, 0x6d1f, 0x6d1f, 0x6d1f, 0x6d1f, 0x6d1f, 0x6d1f, 0x6d1f, 
	0x6d1f, 0x6d1f, 0x6d1f, 0x6d1f, 0x6d1f, 0x6d1f, 0x6d1f, 0x6d1f, 0x0000, 0x0000, 0x0000, 0x0000, 0x0000, 0xffff, 0xffff, 0x0000, 
	0x0000, 0x0000, 0x0000, 0x0000, 0x0000, 0x6d1f, 0x6d1f, 0x6d1f, 0x6d1f, 0x6d1f, 0x6d1f, 0x6d1f, 0x6d1f, 0x6d1f, 0x6d1f, 0x6d1f, 
	0x6d1f, 0x6d1f, 0x6d1f, 0x6d1f, 0x6d1f, 0x6d1f, 0x6d1f, 0x6d1f, 0x6d1f, 0x6d1f, 0x6d1f, 0x6d1f, 0x6d1f, 0x6d1f, 0x6d1f, 0x6d1f, 
	0x6d1f, 0x6d1f, 0x6d1f, 0x6d1f, 0x6d1f, 0x6d1f, 0x6d1f, 0x6d1f, 0x6d1f, 0x6d1f, 0x6d1f, 0x6d1f, 0x6d1f, 0x0000, 0x0000, 0x0000, 
	0x0000, 0x0000, 0x0000, 0xffff, 0xffff, 0x0000, 0x0000, 0x0000, 0x0000, 0x0000, 0x0000, 0x6d1f, 0x6d1f, 0x6d1f, 0x6d1f, 0x6d1f, 
	0x6d1f, 0x6d1f, 0x6d1f, 0x6d1f, 0x6d1f, 0x6d1f, 0x6d1f, 0x6d1f, 0x6d1f, 0x6d1f, 0x6d1f, 0x6d1f, 0x6d1f, 0x6d1f, 0x6d1f, 0x6d1f, 
	0x6d1f, 0x6d1f, 0x6d1f, 0x6d1f, 0x6d1f, 0x6d1f, 0x6d1f, 0x6d1f, 0x6d1f, 0x6d1f, 0x6d1f, 0x6d1f, 0x6d1f, 0x6d1f, 0x6d1f, 0x6d1f, 
	0x6d1f, 0x6d1f, 0x0000, 0x0000, 0x0000, 0x0000, 0x0000, 0x0000, 0x0000, 0xffff, 0xffff, 0x0000, 0x0000, 0x0000, 0x0000, 0x0000, 
	0x0000, 0x0000, 0x6d1f, 0x6d1f, 0x6d1f, 0x6d1f, 0x6d1f, 0x6d1f, 0x6d1f, 0x6d1f, 0x6d1f, 0x6d1f, 0x6d1f, 0x6d1f, 0x6d1f, 0x6d1f, 
	0x6d1f, 0x6d1f, 0x6d1f, 0x6d1f, 0x6d1f, 0x6d1f, 0x6d1f, 0x6d1f, 0x6d1f, 0x6d1f, 0x6d1f, 0x6d1f, 0x6d1f, 0x6d1f, 0x6d1f, 0x6d1f, 
	0x6d1f, 0x6d1f, 0x6d1f, 0x6d1f, 0x6d1f, 0x6d1f, 0x6d1f, 0x6d1f, 0x0000, 0x0000, 0x0000, 0x0000, 0x0000, 0x0000, 0x0000, 0xffff, 
	0xffff, 0x0000, 0x0000, 0x0000, 0x0000, 0x0000, 0x0000, 0x0000, 0x0000, 0x6d1f, 0x6d1f, 0x6d1f, 0x6d1f, 0x6d1f, 0x6d1f, 0x6d1f, 
	0x6d1f, 0x6d1f, 0x6d1f, 0x6d1f, 0x6d1f, 0x6d1f, 0x6d1f, 0x6d1f, 0x6d1f, 0x6d1f, 0x6d1f, 0x6d1f, 0x6d1f, 0x6d1f, 0x6d1f, 0x6d1f, 
	0x6d1f, 0x6d1f, 0x6d1f, 0x6d1f, 0x6d1f, 0x6d1f, 0x6d1f, 0x6d1f, 0x6d1f, 0x6d1f, 0x6d1f, 0x6d1f, 0x6d1f, 0x0000, 0x0000, 0x0000, 
	0x0000, 0x0000, 0x0000, 0x0000, 0x0000, 0xffff, 0xffff, 0x0000, 0x0000, 0x0000, 0x0000, 0x0000, 0x0000, 0x0000, 0x0000, 0x6d1f, 
	0x6d1f, 0x6d1f, 0x6d1f, 0x6d1f, 0x6d1f, 0x6d1f, 0x6d1f, 0x6d1f, 0x6d1f, 0x6d1f, 0x6d1f, 0x6d1f, 0x6d1f, 0x6d1f, 0x6d1f, 0x6d1f, 
	0x6d1f, 0x6d1f, 0x6d1f, 0x6d1f, 0x6d1f, 0x6d1f, 0x6d1f, 0x6d1f, 0x6d1f, 0x6d1f, 0x6d1f, 0x6d1f, 0x6d1f, 0x6d1f, 0x6d1f, 0x6d1f, 
	0x6d1f, 0x6d1f, 0x0000, 0x0000, 0x0000, 0x0000, 0x0000, 0x0000, 0x0000, 0x0000, 0x0000, 0xffff, 0xffff, 0x0000, 0x0000, 0x0000, 
	0x0000, 0x0000, 0x0000, 0x0000, 0x0000, 0x0000, 0x6d1f, 0x6d1f, 0x6d1f, 0x6d1f, 0x6d1f, 0x6d1f, 0x6d1f, 0x6d1f, 0x6d1f, 0x6d1f, 
	0x6d1f, 0x6d1f, 0x6d1f, 0x6d1f, 0x6d1f, 0x6d1f, 0x6d1f, 0x6d1f, 0x6d1f, 0x6d1f, 0x6d1f, 0x6d1f, 0x6d1f, 0x6d1f, 0x6d1f, 0x6d1f, 
	0x6d1f, 0x6d1f, 0x6d1f, 0x6d1f, 0x6d1f, 0x6d1f, 0x6d1f, 0x0000, 0x0000, 0x0000, 0x0000, 0x0000, 0x0000, 0x0000, 0x0000, 0x0000, 
	0x0000, 0xffff, 0xffff, 0x0000, 0x0000, 0x0000, 0x0000, 0x0000, 0x0000, 0x0000, 0x0000, 0x0000, 0x0000, 0x6d1f, 0x6d1f, 0x6d1f, 
	0x6d1f, 0x6d1f, 0x6d1f, 0x6d1f, 0x6d1f, 0x6d1f, 0x6d1f, 0x6d1f, 0x6d1f, 0x6d1f, 0x6d1f, 0x6d1f, 0x6d1f, 0x6d1f, 0x6d1f, 0x6d1f, 
	0x6d1f, 0x6d1f, 0x6d1f, 0x6d1f, 0x6d1f, 0x6d1f, 0x6d1f, 0x6d1f, 0x6d1f, 0x6d1f, 0x6d1f, 0x6d1f, 0x0000, 0x0000, 0x0000, 0x0000, 
	0x0000, 0x0000, 0x0000, 0x0000, 0x0000, 0x0000, 0x0000, 0xffff, 0xffff, 0x0000, 0x0000, 0x0000, 0x0000, 0x0000, 0x0000, 0x0000, 
	0x0000, 0x0000, 0x0000, 0x0000, 0x0000, 0x6d1f, 0x6d1f, 0x6d1f, 0x6d1f, 0x6d1f, 0x6d1f, 0x6d1f, 0x6d1f, 0x6d1f, 0x6d1f, 0x6d1f, 
	0x6d1f, 0x6d1f, 0x6d1f, 0x6d1f, 0x6d1f, 0x6d1f, 0x6d1f, 0x6d1f, 0x6d1f, 0x6d1f, 0x6d1f, 0x6d1f, 0x6d1f, 0x6d1f, 0x6d1f, 0x6d1f, 
	0x6d1f, 0x0000, 0x0000, 0x0000, 0x0000, 0x0000, 0x0000, 0x0000, 0x0000, 0x0000, 0x0000, 0x0000, 0x0000, 0xffff, 0xffff, 0x0000, 
	0x0000, 0x0000, 0x0000, 0x0000, 0x0000, 0x0000, 0x0000, 0x0000, 0x0000, 0x0000, 0x0000, 0x0000, 0x6d1f, 0x6d1f, 0x6d1f, 0x6d1f, 
	0x6d1f, 0x6d1f, 0x6d1f, 0x6d1f, 0x6d1f, 0x6d1f, 0x6d1f, 0x6d1f, 0x6d1f, 0x6d1f, 0x6d1f, 0x6d1f, 0x6d1f, 0x6d1f, 0x6d1f, 0x6d1f, 
	0x6d1f, 0x6d1f, 0x6d1f, 0x6d1f, 0x6d1f, 0x6d1f, 0x0000, 0x0000, 0x0000, 0x0000, 0x0000, 0x0000, 0x0000, 0x0000, 0x0000, 0x0000, 
	0x0000, 0x0000, 0x0000, 0xffff, 0xffff, 0x0000, 0x0000, 0x0000, 0x0000, 0x0000, 0x0000, 0x0000, 0x0000, 0x0000, 0x0000, 0x0000, 
	0x0000, 0x0000, 0x0000, 0x6d1f, 0x6d1f, 0x6d1f, 0x6d1f, 0x6d1f, 0x6d1f, 0x6d1f, 0x6d1f, 0x6d1f, 0x6d1f, 0x6d1f, 0x6d1f, 0x6d1f, 
	0x6d1f, 0x6d1f, 0x6d1f, 0x6d1f, 0x6d1f, 0x6d1f, 0x6d1f, 0x6d1f, 0x6d1f, 0x6d1f, 0x0000, 0x0000, 0x0000, 0x0000, 0x0000, 0x0000, 
	0x0000, 0x0000, 0x0000, 0x0000, 0x0000, 0x0000, 0x0000, 0x0000, 0x0000, 0xffff, 0xffff, 0x0000, 0x0000, 0x0000, 0x0000, 0x0000, 
	0x0000, 0x0000, 0x0000, 0x0000, 0x0000, 0x0000, 0x0000, 0x0000, 0x0000, 0x0000, 0x0000, 0x6d1f, 0x6d1f, 0x6d1f, 0x6d1f, 0x6d1f, 
	0x6d1f, 0x6d1f, 0x6d1f, 0x6d1f, 0x6d1f, 0x6d1f, 0x6d1f, 0x6d1f, 0x6d1f, 0x6d1f, 0x6d1f, 0x6d1f, 0x6d1f, 0x6d1f, 0x6d1f, 0x0000, 
	0x0000, 0x0000, 0x0000, 0x0000, 0x0000, 0x0000, 0x0000, 0x0000, 0x0000, 0x0000, 0x0000, 0x0000, 0x0000, 0x0000, 0x0000, 0xffff, 
	0xffff, 0x0000, 0x0000, 0x0000, 0x0000, 0x0000, 0x0000, 0x0000, 0x0000, 0x0000, 0x0000, 0x0000, 0x0000, 0x0000, 0x0000, 0x0000, 
	0x0000, 0x0000, 0x0000, 0x0000, 0x6d1f, 0x6d1f, 0x6d1f, 0x6d1f, 0x6d1f, 0x6d1f, 0x6d1f, 0x6d1f, 0x6d1f, 0x6d1f, 0x6d1f, 0x6d1f, 
	0x6d1f, 0x6d1f, 0x0000, 0x0000, 0x0000, 0x0000, 0x0000, 0x0000, 0x0000, 0x0000, 0x0000, 0x0000, 0x0000, 0x0000, 0x0000, 0x0000, 
	0x0000, 0x0000, 0x0000, 0x0000, 0x0000, 0xffff, 0xffff, 0x0000, 0x0000, 0x0000, 0x0000, 0x0000, 0x0000, 0x0000, 0x0000, 0x0000, 
	0x0000, 0x0000, 0x0000, 0x0000, 0x0000, 0x0000, 0x0000, 0x0000, 0x0000, 0x0000, 0x0000, 0x0000, 0x0000, 0x0000, 0x6d1f, 0x6d1f, 
	0x6d1f, 0x6d1f, 0x6d1f, 0x6d1f, 0x0000, 0x0000, 0x0000, 0x0000, 0x0000, 0x0000, 0x0000, 0x0000, 0x0000, 0x0000, 0x0000, 0x0000, 
	0x0000, 0x0000, 0x0000, 0x0000, 0x0000, 0x0000, 0x0000, 0x0000, 0x0000, 0x0000, 0x0000, 0xffff, 0xffff, 0x0000, 0x0000, 0x0000, 
	0x0000, 0x0000, 0x0000, 0x0000, 0x0000, 0x0000, 0x0000, 0x0000, 0x0000, 0x0000, 0x0000, 0x0000, 0x0000, 0x0000, 0x0000, 0x0000, 
	0x0000, 0x0000, 0x0000, 0x0000, 0x0000, 0x0000, 0x0000, 0x0000, 0x0000, 0x0000, 0x0000, 0x0000, 0x0000, 0x0000, 0x0000, 0x0000, 
	0x0000, 0x0000, 0x0000, 0x0000, 0x0000, 0x0000, 0x0000, 0x0000, 0x0000, 0x0000, 0x0000, 0x0000, 0x0000, 0x0000, 0x0000, 0x0000, 
	0x0000, 0xffff, 0xffff, 0x0000, 0x0000, 0x0000, 0x0000, 0x0000, 0x0000, 0x0000, 0x0000, 0x0000, 0x0000, 0x0000, 0x0000, 0x0000, 
	0x0000, 0x0000, 0x0000, 0x0000, 0x0000, 0x0000, 0x0000, 0x0000, 0x0000, 0x0000, 0x0000, 0x0000, 0x0000, 0x0000, 0x0000, 0x0000, 
	0x0000, 0x0000, 0x0000, 0x0000, 0x0000, 0x0000, 0x0000, 0x0000, 0x0000, 0x0000, 0x0000, 0x0000, 0x0000, 0x0000, 0x0000, 0x0000, 
	0x0000, 0x0000, 0x0000, 0x0000, 0x0000, 0x0000, 0x0000, 0xffff, 0xffff, 0x0000, 0x0000, 0x0000, 0x0000, 0x0000, 0x0000, 0x0000, 
	0x0000, 0x0000, 0x0000, 0x0000, 0x0000, 0x0000, 0x0000, 0x0000, 0x0000, 0x0000, 0x0000, 0x0000, 0x0000, 0x0000, 0x0000, 0x0000, 
	0x0000, 0x0000, 0x0000, 0x0000, 0x0000, 0x0000, 0x0000, 0x0000, 0x0000, 0x0000, 0x0000, 0x0000, 0x0000, 0x0000, 0x0000, 0x0000, 
	0x0000, 0x0000, 0x0000, 0x0000, 0x0000, 0x0000, 0x0000, 0x0000, 0x0000, 0x0000, 0x0000, 0x0000, 0x0000, 0xffff, 0xffff, 0xffff, 
	0xffff, 0xffff, 0xffff, 0xffff, 0xffff, 0xffff, 0xffff, 0xffff, 0xffff, 0xffff, 0xffff, 0xffff, 0xffff, 0xffff, 0xffff, 0xffff, 
	0xffff, 0xffff, 0xffff, 0xffff, 0xffff, 0xffff, 0xffff, 0xffff, 0xffff, 0xffff, 0xffff, 0xffff, 0xffff, 0xffff, 0xffff, 0xffff, 
	0xffff, 0xffff, 0xffff, 0xffff, 0xffff, 0xffff, 0xffff, 0xffff, 0xffff, 0xffff, 0xffff, 0xffff, 0xffff, 0xffff, 0xffff, 0xffff, 
	0xffff, 0xffff, 0xffff, 0xffff
};

const uint16_t pyrabuttonD[] PROGMEM = {
	0xffff, 0xffff, 0xffff, 0xffff, 0xffff, 0xffff, 0xffff, 0xffff, 0xffff, 0xffff, 0xffff, 0xffff, 0xffff, 0xffff, 0xffff, 0xffff, 
	0xffff, 0xffff, 0xffff, 0xffff, 0xffff, 0xffff, 0xffff, 0xffff, 0xffff, 0xffff, 0xffff, 0xffff, 0xffff, 0xffff, 0xffff, 0xffff, 
	0xffff, 0xffff, 0xffff, 0xffff, 0xffff, 0xffff, 0xffff, 0xffff, 0xffff, 0xffff, 0xffff, 0xffff, 0xffff, 0xffff, 0xffff, 0xffff, 
	0xffff, 0xffff, 0xffff, 0xffff, 0xffff, 0xffff, 0xffff, 0x0000, 0x0000, 0x0000, 0x0000, 0x0000, 0x0000, 0x0000, 0x0000, 0x0000, 
	0x0000, 0x0000, 0x0000, 0x0000, 0x0000, 0x0000, 0x0000, 0x0000, 0x0000, 0x0000, 0x0000, 0x0000, 0x0000, 0x0000, 0x0000, 0x0000, 
	0x0000, 0x0000, 0x0000, 0x0000, 0x0000, 0x0000, 0x0000, 0x0000, 0x0000, 0x0000, 0x0000, 0x0000, 0x0000, 0x0000, 0x0000, 0x0000, 
	0x0000, 0x0000, 0x0000, 0x0000, 0x0000, 0x0000, 0x0000, 0x0000, 0x0000, 0x0000, 0x0000, 0xffff, 0xffff, 0x0000, 0x0000, 0x0000, 
	0x0000, 0x0000, 0x0000, 0x0000, 0x0000, 0x0000, 0x0000, 0x0000, 0x0000, 0x0000, 0x0000, 0x0000, 0x0000, 0x0000, 0x0000, 0x0000, 
	0x0000, 0x0000, 0x0000, 0x0000, 0x0000, 0x0000, 0x0000, 0x0000, 0x0000, 0x0000, 0x0000, 0x0000, 0x0000, 0x0000, 0x0000, 0x0000, 
	0x0000, 0x0000, 0x0000, 0x0000, 0x0000, 0x0000, 0x0000, 0x0000, 0x0000, 0x0000, 0x0000, 0x0000, 0x0000, 0x0000, 0x0000, 0x0000, 
	0x0000, 0xffff, 0xffff, 0x0000, 0x0000, 0x0000, 0x0000, 0x0000, 0x0000, 0x0000, 0x0000, 0x0000, 0x0000, 0x0000, 0x0000, 0x0000, 
	0x0000, 0x0000, 0x0000, 0x0000, 0x0000, 0x0000, 0x0000, 0x0000, 0x0000, 0x0000, 0x0000, 0x0000, 0x0000, 0x0000, 0x0000, 0x0000, 
	0x0000, 0x0000, 0x0000, 0x0000, 0x0000, 0x0000, 0x0000, 0x0000, 0x0000, 0x0000, 0x0000, 0x0000, 0x0000, 0x0000, 0x0000, 0x0000, 
	0x0000, 0x0000, 0x0000, 0x0000, 0x0000, 0x0000, 0x0000, 0xffff, 0xffff, 0x0000, 0x0000, 0x0000, 0x0000, 0x0000, 0x0000, 0x0000, 
	0x0000, 0x0000, 0x0000, 0x0000, 0x0000, 0x0000, 0x0000, 0x0000, 0x0000, 0x0000, 0x0000, 0x0000, 0x0000, 0x0000, 0x0000, 0x0000, 
	0x0000, 0x0000, 0x6d1f, 0x6d1f, 0x0000, 0x0000, 0x0000, 0x0000, 0x0000, 0x0000, 0x0000, 0x0000, 0x0000, 0x0000, 0x0000, 0x0000, 
	0x0000, 0x0000, 0x0000, 0x0000, 0x0000, 0x0000, 0x0000, 0x0000, 0x0000, 0x0000, 0x0000, 0x0000, 0x0000, 0xffff, 0xffff, 0x0000, 
	0x0000, 0x0000, 0x0000, 0x0000, 0x0000, 0x0000, 0x0000, 0x0000, 0x0000, 0x0000, 0x0000, 0x0000, 0x0000, 0x0000, 0x0000, 0x0000, 
	0x0000, 0x0000, 0x0000, 0x0000, 0x0000, 0x0000, 0x0000, 0x0000, 0x6d1f, 0x6d1f, 0x0000, 0x0000, 0x0000, 0x0000, 0x0000, 0x0000, 
	0x0000, 0x0000, 0x0000, 0x0000, 0x0000, 0x0000, 0x0000, 0x0000, 0x0000, 0x0000, 0x0000, 0x0000, 0x0000, 0x0000, 0x0000, 0x0000, 
	0x0000, 0x0000, 0x0000, 0xffff, 0xffff, 0x0000, 0x0000, 0x0000, 0x0000, 0x0000, 0x0000, 0x0000, 0x0000, 0x0000, 0x0000, 0x0000, 
	0x0000, 0x0000, 0x0000, 0x0000, 0x0000, 0x0000, 0x0000, 0x0000, 0x0000, 0x0000, 0x0000, 0x0000, 0x0000, 0x6d1f, 0x6d1f, 0x6d1f, 
	0x6d1f, 0x0000, 0x0000, 0x0000, 0x0000, 0x0000, 0x0000, 0x0000, 0x0000, 0x0000, 0x0000, 0x0000, 0x0000, 0x0000, 0x0000, 0x0000, 
	0x0000, 0x0000, 0x0000, 0x0000, 0x0000, 0x0000, 0x0000, 0x0000, 0x0000, 0xffff, 0xffff, 0x0000, 0x0000, 0x0000, 0x0000, 0x0000, 
	0x0000, 0x0000, 0x0000, 0x0000, 0x0000, 0x0000, 0x0000, 0x0000, 0x0000, 0x0000, 0x0000, 0x0000, 0x0000, 0x0000, 0x0000, 0x0000, 
	0x0000, 0x0000, 0x0000, 0x6d1f, 0x6d1f, 0x6d1f, 0x6d1f, 0x0000, 0x0000, 0x0000, 0x0000, 0x0000, 0x0000, 0x0000, 0x0000, 0x0000, 
	0x0000, 0x0000, 0x0000, 0x0000, 0x0000, 0x0000, 0x0000, 0x0000, 0x0000, 0x0000, 0x0000, 0x0000, 0x0000, 0x0000, 0x0000, 0xffff, 
	0xffff, 0x0000, 0x0000, 0x0000, 0x0000, 0x0000, 0x0000, 0x0000, 0x0000, 0x0000, 0x0000, 0x0000, 0x0000, 0x0000, 0x0000, 0x0000, 
	0x0000, 0x0000, 0x0000, 0x0000, 0x0000, 0x0000, 0x0000, 0x0000, 0x6d1f, 0x6d1f, 0x6d1f, 0x6d1f, 0x6d1f, 0x6d1f, 0x0000, 0x0000, 
	0x0000, 0x0000, 0x0000, 0x0000, 0x0000, 0x0000, 0x0000, 0x0000, 0x0000, 0x0000, 0x0000, 0x0000, 0x0000, 0x0000, 0x0000, 0x0000, 
	0x0000, 0x0000, 0x0000, 0x0000, 0x0000, 0xffff, 0xffff, 0x0000, 0x0000, 0x0000, 0x0000, 0x0000, 0x0000, 0x0000, 0x0000, 0x0000, 
	0x0000, 0x0000, 0x0000, 0x0000, 0x0000, 0x0000, 0x0000, 0x0000, 0x0000, 0x0000, 0x0000, 0x0000, 0x0000, 0x0000, 0x6d1f, 0x6d1f, 
	0x6d1f, 0x6d1f, 0x6d1f, 0x6d1f, 0x0000, 0x0000, 0x0000, 0x0000, 0x0000, 0x0000, 0x0000, 0x0000, 0x0000, 0x0000, 0x0000, 0x0000, 
	0x0000, 0x0000, 0x0000, 0x0000, 0x0000, 0x0000, 0x0000, 0x0000, 0x0000, 0x0000, 0x0000, 0xffff, 0xffff, 0x0000, 0x0000, 0x0000, 
	0x0000, 0x0000, 0x0000, 0x0000, 0x0000, 0x0000, 0x0000, 0x0000, 0x0000, 0x0000, 0x0000, 0x0000, 0x0000, 0x0000, 0x0000, 0x0000, 
	0x0000, 0x0000, 0x0000, 0x0000, 0x6d1f, 0x6d1f, 0x6d1f, 0x6d1f, 0x6d1f, 0x6d1f, 0x0000, 0x0000, 0x0000, 0x0000, 0x0000, 0x0000, 
	0x0000, 0x0000, 0x0000, 0x0000, 0x0000, 0x0000, 0x0000, 0x0000, 0x0000, 0x0000, 0x0000, 0x0000, 0x0000, 0x0000, 0x0000, 0x0000, 
	0x0000, 0xffff, 0xffff, 0x0000, 0x0000, 0x0000, 0x0000, 0x0000, 0x0000, 0x0000, 0x0000, 0x0000, 0x0000, 0x0000, 0x0000, 0x0000, 
	0x0000, 0x0000, 0x0000, 0x0000, 0x0000, 0x0000, 0x0000, 0x0000, 0x0000, 0x6d1f, 0x6d1f, 0x6d1f, 0x6d1f, 0x6d1f, 0x6d1f, 0x6d1f, 
	0x6d1f, 0x0000, 0x0000, 0x0000, 0x0000, 0x0000, 0x0000, 0x0000, 0x0000, 0x0000, 0x0000, 0x0000, 0x0000, 0x0000, 0x0000, 0x0000, 
	0x0000, 0x0000, 0x0000, 0x0000, 0x0000, 0x0000, 0x0000, 0xffff, 0xffff, 0x0000, 0x0000, 0x0000, 0x0000, 0x0000, 0x0000, 0x0000, 
	0x0000, 0x0000, 0x0000, 0x0000, 0x0000, 0x0000, 0x0000, 0x0000, 0x0000, 0x0000, 0x0000, 0x0000, 0x0000, 0x0000, 0x0000, 0x6d1f, 
	0x6d1f, 0x6d1f, 0x6d1f, 0x6d1f, 0x6d1f, 0x6d1f, 0x6d1f, 0x0000, 0x0000, 0x0000, 0x0000, 0x0000, 0x0000, 0x0000, 0x0000, 0x0000, 
	0x0000, 0x0000, 0x0000, 0x0000, 0x0000, 0x0000, 0x0000, 0x0000, 0x0000, 0x0000, 0x0000, 0x0000, 0x0000, 0xffff, 0xffff, 0x0000, 
	0x0000, 0x0000, 0x0000, 0x0000, 0x0000, 0x0000, 0x0000, 0x0000, 0x0000, 0x0000, 0x0000, 0x0000, 0x0000, 0x0000, 0x0000, 0x0000, 
	0x0000, 0x0000, 0x0000, 0x0000, 0x6d1f, 0x6d1f, 0x6d1f, 0x6d1f, 0x6d1f, 0x6d1f, 0x6d1f, 0x6d1f, 0x6d1f, 0x6d1f, 0x0000, 0x0000, 
	0x0000, 0x0000, 0x0000, 0x0000, 0x0000, 0x0000, 0x0000, 0x0000, 0x0000, 0x0000, 0x0000, 0x0000, 0x0000, 0x0000, 0x0000, 0x0000, 
	0x0000, 0x0000, 0x0000, 0xffff, 0xffff, 0x0000, 0x0000, 0x0000, 0x0000, 0x0000, 0x0000, 0x0000, 0x0000, 0x0000, 0x0000, 0x0000, 
	0x0000, 0x0000, 0x0000, 0x0000, 0x0000, 0x0000, 0x0000, 0x0000, 0x0000, 0x6d1f, 0x6d1f, 0x6d1f, 0x6d1f, 0x6d1f, 0x6d1f, 0x6d1f, 
	0x6d1f, 0x6d1f, 0x6d1f, 0x6d1f, 0x6d1f, 0x0000, 0x0000, 0x0000, 0x0000, 0x0000, 0x0000, 0x0000, 0x0000, 0x0000, 0x0000, 0x0000, 
	0x0000, 0x0000, 0x0000, 0x0000, 0x0000, 0x0000, 0x0000, 0x0000, 0x0000, 0xffff, 0xffff, 0x0000, 0x0000, 0x0000, 0x0000, 0x0000, 
	0x0000, 0x0000, 0x0000, 0x0000, 0x0000, 0x0000, 0x0000, 0x0000, 0x0000, 0x0000, 0x0000, 0x0000, 0x0000, 0x0000, 0x0000, 0x6d1f, 
	0x6d1f, 0x6d1f, 0x6d1f, 0x6d1f, 0x6d1f, 0x6d1f, 0x6d1f, 0x6d1f, 0x6d1f, 0x6d1f, 0x6d1f, 0x0000, 0x0000, 0x0000, 0x0000, 0x0000, 
	0x0000, 0x0000, 0x0000, 0x0000, 0x0000, 0x0000, 0x0000, 0x0000, 0x0000, 0x0000, 0x0000, 0x0000, 0x0000, 0x0000, 0x0000, 0xffff, 
	0xffff, 0x0000, 0x0000, 0x0000, 0x0000, 0x0000, 0x0000, 0x0000, 0x0000, 0x0000, 0x0000, 0x0000, 0x0000, 0x0000, 0x0000, 0x0000, 
	0x0000, 0x0000, 0x0000, 0x0000, 0x0000, 0x0000, 0x0000, 0x0000, 0x0000, 0x0000, 0x0000, 0x0000, 0x0000, 0x0000, 0x0000, 0x0000, 
	0x0000, 0x0000, 0x0000, 0x0000, 0x0000, 0x0000, 0x0000, 0x0000, 0x0000, 0x0000, 0x0000, 0x0000, 0x0000, 0x0000, 0x0000, 0x0000, 
	0x0000, 0x0000, 0x0000, 0x0000, 0x0000, 0xffff, 0xffff, 0x0000, 0x0000, 0x0000, 0x0000, 0x0000, 0x0000, 0x0000, 0x0000, 0x0000, 
	0x0000, 0x0000, 0x0000, 0x0000, 0x0000, 0x0000, 0x0000, 0x0000, 0x0000, 0x0000, 0x0000, 0x0000, 0x0000, 0x0000, 0x0000, 0x0000, 
	0x0000, 0x0000, 0x0000, 0x0000, 0x0000, 0x0000, 0x0000, 0x0000, 0x0000, 0x0000, 0x0000, 0x0000, 0x0000, 0x0000, 0x0000, 0x0000, 
	0x0000, 0x0000, 0x0000, 0x0000, 0x0000, 0x0000, 0x0000, 0x0000, 0x0000, 0x0000, 0x0000, 0xffff, 0xffff, 0x0000, 0x0000, 0x0000, 
	0x0000, 0x0000, 0x0000, 0x0000, 0x0000, 0x0000, 0x0000, 0x0000, 0x0000, 0x0000, 0x0000, 0x0000, 0x0000, 0x0000, 0x0000, 0x0000, 
	0x0000, 0x9e1f, 0x9e1f, 0x9e1f, 0x9e1f, 0x9e1f, 0x9e1f, 0x9e1f, 0x9e1f, 0x9e1f, 0x9e1f, 0x9e1f, 0x9e1f, 0x0000, 0x0000, 0x0000, 
	0x0000, 0x0000, 0x0000, 0x0000, 0x0000, 0x0000, 0x0000, 0x0000, 0x0000, 0x0000, 0x0000, 0x0000, 0x0000, 0x0000, 0x0000, 0x0000, 
	0x0000, 0xffff, 0xffff, 0x0000, 0x0000, 0x0000, 0x0000, 0x0000, 0x0000, 0x0000, 0x0000, 0x0000, 0x0000, 0x0000, 0x0000, 0x0000, 
	0x0000, 0x0000, 0x0000, 0x0000, 0x0000, 0x0000, 0x0000, 0x9e1f, 0x9e1f, 0x9e1f, 0x9e1f, 0x9e1f, 0x9e1f, 0x9e1f, 0x9e1f, 0x9e1f, 
	0x9e1f, 0x9e1f, 0x9e1f, 0x0000, 0x0000, 0x0000, 0x0000, 0x0000, 0x0000, 0x0000, 0x0000, 0x0000, 0x0000, 0x0000, 0x0000, 0x0000, 
	0x0000, 0x0000, 0x0000, 0x0000, 0x0000, 0x0000, 0x0000, 0xffff, 0xffff, 0x0000, 0x0000, 0x0000, 0x0000, 0x0000, 0x0000, 0x0000, 
	0x0000, 0x0000, 0x0000, 0x0000, 0x0000, 0x0000, 0x0000, 0x0000, 0x0000, 0x0000, 0x0000, 0x0000, 0x0000, 0x0000, 0x9e1f, 0x9e1f, 
	0x9e1f, 0x9e1f, 0x9e1f, 0x9e1f, 0x9e1f, 0x9e1f, 0x9e1f, 0x9e1f, 0x0000, 0x0000, 0x0000, 0x0000, 0x0000, 0x0000, 0x0000, 0x0000, 
	0x0000, 0x0000, 0x0000, 0x0000, 0x0000, 0x0000, 0x0000, 0x0000, 0x0000, 0x0000, 0x0000, 0x0000, 0x0000, 0xffff, 0xffff, 0x0000, 
	0x0000, 0x0000, 0x0000, 0x0000, 0x0000, 0x0000, 0x0000, 0x0000, 0x0000, 0x0000, 0x0000, 0x0000, 0x0000, 0x0000, 0x0000, 0x6d1f, 
	0x6d1f, 0x0000, 0x0000, 0x0000, 0x0000, 0x9e1f, 0x9e1f, 0x9e1f, 0x9e1f, 0x9e1f, 0x9e1f, 0x9e1f, 0x9e1f, 0x0000, 0x0000, 0x0000, 
	0x0000, 0x6d1f, 0x6d1f, 0x0000, 0x0000, 0x0000, 0x0000, 0x0000, 0x0000, 0x0000, 0x0000, 0x0000, 0x0000, 0x0000, 0x0000, 0x0000, 
	0x0000, 0x0000, 0x0000, 0xffff, 0xffff, 0x0000, 0x0000, 0x0000, 0x0000, 0x0000, 0x0000, 0x0000, 0x0000, 0x0000, 0x0000, 0x0000, 
	0x0000, 0x0000, 0x0000, 0x0000, 0x0000, 0x6d1f, 0x6d1f, 0x0000, 0x0000, 0x0000, 0x0000, 0x9e1f, 0x9e1f, 0x9e1f, 0x9e1f, 0x9e1f, 
	0x9e1f, 0x9e1f, 0x9e1f, 0x0000, 0x0000, 0x0000, 0x0000, 0x6d1f, 0x6d1f, 0x0000, 0x0000, 0x0000, 0x0000, 0x0000, 0x0000, 0x0000, 
	0x0000, 0x0000, 0x0000, 0x0000, 0x0000, 0x0000, 0x0000, 0x0000, 0x0000, 0xffff, 0xffff, 0x0000, 0x0000, 0x0000, 0x0000, 0x0000, 
	0x0000, 0x0000, 0x0000, 0x0000, 0x0000, 0x0000, 0x0000, 0x0000, 0x0000, 0x0000, 0x6d1f, 0x6d1f, 0x6d1f, 0x6d1f, 0x0000, 0x0000, 
	0x0000, 0x0000, 0x9e1f, 0x9e1f, 0x9e1f, 0x9e1f, 0x9e1f, 0x9e1f, 0x0000, 0x0000, 0x0000, 0x0000, 0x6d1f, 0x6d1f, 0x6d1f, 0x6d1f, 
	0x0000, 0x0000, 0x0000, 0x0000, 0x0000, 0x0000, 0x0000, 0x0000, 0x0000, 0x0000, 0x0000, 0x0000, 0x0000, 0x0000, 0x0000, 0xffff, 
	0xffff, 0x0000, 0x0000, 0x0000, 0x0000, 0x0000, 0x0000, 0x0000, 0x0000, 0x0000, 0x0000, 0x0000, 0x0000, 0x0000, 0x0000, 0x0000, 
	0x6d1f, 0x6d1f, 0x6d1f, 0x6d1f, 0x0000, 0x0000, 0x0000, 0x0000, 0x9e1f, 0x9e1f, 0x9e1f, 0x9e1f, 0x9e1f, 0x9e1f, 0x0000, 0x0000, 
	0x0000, 0x0000, 0x6d1f, 0x6d1f, 0x6d1f, 0x6d1f, 0x0000, 0x0000, 0x0000, 0x0000, 0x0000, 0x0000, 0x0000, 0x0000, 0x0000, 0x0000, 
	0x0000, 0x0000, 0x0000, 0x0000, 0x0000, 0xffff, 0xffff, 0x0000, 0x0000, 0x0000, 0x0000, 0x0000, 0x0000, 0x0000, 0x0000, 0x0000, 
	0x0000, 0x0000, 0x0000, 0x0000, 0x0000, 0x6d1f, 0x6d1f, 0x6d1f, 0x6d1f, 0x6d1f, 0x6d1f, 0x0000, 0x0000, 0x0000, 0x9e1f, 0x9e1f, 
	0x9e1f, 0x9e1f, 0x9e1f, 0x9e1f, 0x0000, 0x0000, 0x0000, 0x6d1f, 0x6d1f, 0x6d1f, 0x6d1f, 0x6d1f, 0x6d1f, 0x0000, 0x0000, 0x0000, 
	0x0000, 0x0000, 0x0000, 0x0000, 0x0000, 0x0000, 0x0000, 0x0000, 0x0000, 0x0000, 0x0000, 0xffff, 0xffff, 0x0000, 0x0000, 0x0000, 
	0x0000, 0x0000, 0x0000, 0x0000, 0x0000, 0x0000, 0x0000, 0x0000, 0x0000, 0x0000, 0x0000, 0x6d1f, 0x6d1f, 0x6d1f, 0x6d1f, 0x6d1f, 
	0x6d1f, 0x0000, 0x0000, 0x0000, 0x0000, 0x9e1f, 0x9e1f, 0x9e1f, 0x9e1f, 0x0000, 0x0000, 0x0000, 0x0000, 0x6d1f, 0x6d1f, 0x6d1f, 
	0x6d1f, 0x6d1f, 0x6d1f, 0x0000, 0x0000, 0x0000, 0x0000, 0x0000, 0x0000, 0x0000, 0x0000, 0x0000, 0x0000, 0x0000, 0x0000, 0x0000, 
	0x0000, 0xffff, 0xffff, 0x0000, 0x0000, 0x0000, 0x0000, 0x0000, 0x0000, 0x0000, 0x0000, 0x0000, 0x0000, 0x0000, 0x0000, 0x0000, 
	0x0000, 0x6d1f, 0x6d1f, 0x6d1f, 0x6d1f, 0x6d1f, 0x6d1f, 0x0000, 0x0000, 0x0000, 0x0000, 0x9e1f, 0x9e1f, 0x9e1f, 0x9e1f, 0x0000, 
	0x0000, 0x0000, 0x0000, 0x6d1f, 0x6d1f, 0x6d1f, 0x6d1f, 0x6d1f, 0x6d1f, 0x0000, 0x0000, 0x0000, 0x0000, 0x0000, 0x0000, 0x0000, 
	0x0000, 0x0000, 0x0000, 0x0000, 0x0000, 0x0000, 0x0000, 0xffff, 0xffff, 0x0000, 0x0000, 0x0000, 0x0000, 0x0000, 0x0000, 0x0000, 
	0x0000, 0x0000, 0x0000, 0x0000, 0x0000, 0x0000, 0x6d1f, 0x6d1f, 0x6d1f, 0x6d1f, 0x6d1f, 0x6d1f, 0x6d1f, 0x6d1f, 0x0000, 0x0000, 
	0x0000, 0x0000, 0x9e1f, 0x9e1f, 0x0000, 0x0000, 0x0000, 0x0000, 0x6d1f, 0x6d1f, 0x6d1f, 0x6d1f, 0x6d1f, 0x6d1f, 0x6d1f, 0x6d1f, 
	0x0000, 0x0000, 0x0000, 0x0000, 0x0000, 0x0000, 0x0000, 0x0000, 0x0000, 0x0000, 0x0000, 0x0000, 0x0000, 0xffff, 0xffff, 0x0000, 
	0x0000, 0x0000, 0x0000, 0x0000, 0x0000, 0x0000, 0x0000, 0x0000, 0x0000, 0x0000, 0x0000, 0x0000, 0x6d1f, 0x6d1f, 0x6d1f, 0x6d1f, 
	0x6d1f, 0x6d1f, 0x6d1f, 0x6d1f, 0x0000, 0x0000, 0x0000, 0x0000, 0x9e1f, 0x9e1f, 0x0000, 0x0000, 0x0000, 0x0000, 0x6d1f, 0x6d1f, 
	0x6d1f, 0x6d1f, 0x6d1f, 0x6d1f, 0x6d1f, 0x6d1f, 0x0000, 0x0000, 0x0000, 0x0000, 0x0000, 0x0000, 0x0000, 0x0000, 0x0000, 0x0000, 
	0x0000, 0x0000, 0x0000, 0xffff, 0xffff, 0x0000, 0x0000, 0x0000, 0x0000, 0x0000, 0x0000, 0x0000, 0x0000, 0x0000, 0x0000, 0x0000, 
	0x0000, 0x6d1f, 0x6d1f, 0x6d1f, 0x6d1f, 0x6d1f, 0x6d1f, 0x6d1f, 0x6d1f, 0x6d1f, 0x6d1f, 0x0000, 0x0000, 0x0000, 0x0000, 0x0000, 
	0x0000, 0x0000, 0x0000, 0x6d1f, 0x6d1f, 0x6d1f, 0x6d1f, 0x6d1f, 0x6d1f, 0x6d1f, 0x6d1f, 0x6d1f, 0x6d1f, 0x0000, 0x0000, 0x0000, 
	0x0000, 0x0000, 0x0000, 0x0000, 0x0000, 0x0000, 0x0000, 0x0000, 0x0000, 0xffff, 0xffff, 0x0000, 0x0000, 0x0000, 0x0000, 0x0000, 
	0x0000, 0x0000, 0x0000, 0x0000, 0x0000, 0x0000, 0x6d1f, 0x6d1f, 0x6d1f, 0x6d1f, 0x6d1f, 0x6d1f, 0x6d1f, 0x6d1f, 0x6d1f, 0x6d1f, 
	0x6d1f, 0x6d1f, 0x0000, 0x0000, 0x0000, 0x0000, 0x0000, 0x0000, 0x6d1f, 0x6d1f, 0x6d1f, 0x6d1f, 0x6d1f, 0x6d1f, 0x6d1f, 0x6d1f, 
	0x6d1f, 0x6d1f, 0x6d1f, 0x6d1f, 0x0000, 0x0000, 0x0000, 0x0000, 0x0000, 0x0000, 0x0000, 0x0000, 0x0000, 0x0000, 0x0000, 0xffff, 
	0xffff, 0x0000, 0x0000, 0x0000, 0x0000, 0x0000, 0x0000, 0x0000, 0x0000, 0x0000, 0x0000, 0x0000, 0x6d1f, 0x6d1f, 0x6d1f, 0x6d1f, 
	0x6d1f, 0x6d1f, 0x6d1f, 0x6d1f, 0x6d1f, 0x6d1f, 0x6d1f, 0x6d1f, 0x0000, 0x0000, 0x0000, 0x0000, 0x0000, 0x0000, 0x6d1f, 0x6d1f, 
	0x6d1f, 0x6d1f, 0x6d1f, 0x6d1f, 0x6d1f, 0x6d1f, 0x6d1f, 0x6d1f, 0x6d1f, 0x6d1f, 0x0000, 0x0000, 0x0000, 0x0000, 0x0000, 0x0000, 
	0x0000, 0x0000, 0x0000, 0x0000, 0x0000, 0xffff, 0xffff, 0x0000, 0x0000, 0x0000, 0x0000, 0x0000, 0x0000, 0x0000, 0x0000, 0x0000, 
	0x0000, 0x0000, 0x0000, 0x0000, 0x0000, 0x0000, 0x0000, 0x0000, 0x0000, 0x0000, 0x0000, 0x0000, 0x0000, 0x0000, 0x0000, 0x0000, 
	0x0000, 0x0000, 0x0000, 0x0000, 0x0000, 0x0000, 0x0000, 0x0000, 0x0000, 0x0000, 0x0000, 0x0000, 0x0000, 0x0000, 0x0000, 0x0000, 
	0x0000, 0x0000, 0x0000, 0x0000, 0x0000, 0x0000, 0x0000, 0x0000, 0x0000, 0x0000, 0x0000, 0xffff, 0xffff, 0x0000, 0x0000, 0x0000, 
	0x0000, 0x0000, 0x0000, 0x0000, 0x0000, 0x0000, 0x0000, 0x0000, 0x0000, 0x0000, 0x0000, 0x0000, 0x0000, 0x0000, 0x0000, 0x0000, 
	0x0000, 0x0000, 0x0000, 0x0000, 0x0000, 0x0000, 0x0000, 0x0000, 0x0000, 0x0000, 0x0000, 0x0000, 0x0000, 0x0000, 0x0000, 0x0000, 
	0x0000, 0x0000, 0x0000, 0x0000, 0x0000, 0x0000, 0x0000, 0x0000, 0x0000, 0x0000, 0x0000, 0x0000, 0x0000, 0x0000, 0x0000, 0x0000, 
	0x0000, 0xffff, 0xffff, 0x0000, 0x0000, 0x0000, 0x0000, 0x0000, 0x0000, 0x0000, 0x0000, 0x0000, 0x0000, 0x0000, 0x9e1f, 0x9e1f, 
	0x9e1f, 0x9e1f, 0x9e1f, 0x9e1f, 0x9e1f, 0x9e1f, 0x9e1f, 0x9e1f, 0x9e1f, 0x9e1f, 0x0000, 0x0000, 0x0000, 0x0000, 0x0000, 0x0000, 
	0x9e1f, 0x9e1f, 0x9e1f, 0x9e1f, 0x9e1f, 0x9e1f, 0x9e1f, 0x9e1f, 0x9e1f, 0x9e1f, 0x9e1f, 0x9e1f, 0x0000, 0x0000, 0x0000, 0x0000, 
	0x0000, 0x0000, 0x0000, 0x0000, 0x0000, 0x0000, 0x0000, 0xffff, 0xffff, 0x0000, 0x0000, 0x0000, 0x0000, 0x0000, 0x0000, 0x0000, 
	0x0000, 0x0000, 0x0000, 0x0000, 0x9e1f, 0x9e1f, 0x9e1f, 0x9e1f, 0x9e1f, 0x9e1f, 0x9e1f, 0x9e1f, 0x9e1f, 0x9e1f, 0x9e1f, 0x9e1f, 
	0x0000, 0x0000, 0x0000, 0x0000, 0x0000, 0x0000, 0x9e1f, 0x9e1f, 0x9e1f, 0x9e1f, 0x9e1f, 0x9e1f, 0x9e1f, 0x9e1f, 0x9e1f, 0x9e1f, 
	0x9e1f, 0x9e1f, 0x0000, 0x0000, 0x0000, 0x0000, 0x0000, 0x0000, 0x0000, 0x0000, 0x0000, 0x0000, 0x0000, 0xffff, 0xffff, 0x0000, 
	0x0000, 0x0000, 0x0000, 0x0000, 0x0000, 0x0000, 0x0000, 0x0000, 0x0000, 0x0000, 0x0000, 0x9e1f, 0x9e1f, 0x9e1f, 0x9e1f, 0x9e1f, 
	0x9e1f, 0x9e1f, 0x9e1f, 0x9e1f, 0x9e1f, 0x0000, 0x0000, 0x0000, 0x0000, 0x0000, 0x0000, 0x0000, 0x0000, 0x9e1f, 0x9e1f, 0x9e1f, 
	0x9e1f, 0x9e1f, 0x9e1f, 0x9e1f, 0x9e1f, 0x9e1f, 0x9e1f, 0x0000, 0x0000, 0x0000, 0x0000, 0x0000, 0x0000, 0x0000, 0x0000, 0x0000, 
	0x0000, 0x0000, 0x0000, 0xffff, 0xffff, 0x0000, 0x0000, 0x0000, 0x0000, 0x0000, 0x0000, 0x0000, 0x6d1f, 0x6d1f, 0x0000, 0x0000, 
	0x0000, 0x0000, 0x9e1f, 0x9e1f, 0x9e1f, 0x9e1f, 0x9e1f, 0x9e1f, 0x9e1f, 0x9e1f, 0x0000, 0x0000, 0x0000, 0x0000, 0x6d1f, 0x6d1f, 
	0x0000, 0x0000, 0x0000, 0x0000, 0x9e1f, 0x9e1f, 0x9e1f, 0x9e1f, 0x9e1f, 0x9e1f, 0x9e1f, 0x9e1f, 0x0000, 0x0000, 0x0000, 0x0000, 
	0x6d1f, 0x6d1f, 0x0000, 0x0000, 0x0000, 0x0000, 0x0000, 0x0000, 0x0000, 0xffff, 0xffff, 0x0000, 0x0000, 0x0000, 0x0000, 0x0000, 
	0x0000, 0x0000, 0x6d1f, 0x6d1f, 0x0000, 0x0000, 0x0000, 0x0000, 0x9e1f, 0x9e1f, 0x9e1f, 0x9e1f, 0x9e1f, 0x9e1f, 0x9e1f, 0x9e1f, 
	0x0000, 0x0000, 0x0000, 0x0000, 0x6d1f, 0x6d1f, 0x0000, 0x0000, 0x0000, 0x0000, 0x9e1f, 0x9e1f, 0x9e1f, 0x9e1f, 0x9e1f, 0x9e1f, 
	0x9e1f, 0x9e1f, 0x0000, 0x0000, 0x0000, 0x0000, 0x6d1f, 0x6d1f, 0x0000, 0x0000, 0x0000, 0x0000, 0x0000, 0x0000, 0x0000, 0xffff, 
	0xffff, 0x0000, 0x0000, 0x0000, 0x0000, 0x0000, 0x0000, 0x6d1f, 0x6d1f, 0x6d1f, 0x6d1f, 0x0000, 0x0000, 0x0000, 0x0000, 0x9e1f, 
	0x9e1f, 0x9e1f, 0x9e1f, 0x9e1f, 0x9e1f, 0x0000, 0x0000, 0x0000, 0x0000, 0x6d1f, 0x6d1f, 0x6d1f, 0x6d1f, 0x0000, 0x0000, 0x0000, 
	0x0000, 0x9e1f, 0x9e1f, 0x9e1f, 0x9e1f, 0x9e1f, 0x9e1f, 0x0000, 0x0000, 0x0000, 0x0000, 0x6d1f, 0x6d1f, 0x6d1f, 0x6d1f, 0x0000, 
	0x0000, 0x0000, 0x0000, 0x0000, 0x0000, 0xffff, 0xffff, 0x0000, 0x0000, 0x0000, 0x0000, 0x0000, 0x0000, 0x6d1f, 0x6d1f, 0x6d1f, 
	0x6d1f, 0x0000, 0x0000, 0x0000, 0x0000, 0x9e1f, 0x9e1f, 0x9e1f, 0x9e1f, 0x9e1f, 0x9e1f, 0x0000, 0x0000, 0x0000, 0x0000, 0x6d1f, 
	0x6d1f, 0x6d1f, 0x6d1f, 0x0000, 0x0000, 0x0000, 0x0000, 0x9e1f, 0x9e1f, 0x9e1f, 0x9e1f, 0x9e1f, 0x9e1f, 0x0000, 0x0000, 0x0000, 
	0x0000, 0x6d1f, 0x6d1f, 0x6d1f, 0x6d1f, 0x0000, 0x0000, 0x0000, 0x0000, 0x0000, 0x0000, 0xffff, 0xffff, 0x0000, 0x0000, 0x0000, 
	0x0000, 0x0000, 0x6d1f, 0x6d1f, 0x6d1f, 0x6d1f, 0x6d1f, 0x6d1f, 0x0000, 0x0000, 0x0000, 0x9e1f, 0x9e1f, 0x9e1f, 0x9e1f, 0x9e1f, 
	0x9e1f, 0x0000, 0x0000, 0x0000, 0x6d1f, 0x6d1f, 0x6d1f, 0x6d1f, 0x6d1f, 0x6d1f, 0x0000, 0x0000, 0x0000, 0x9e1f, 0x9e1f, 0x9e1f, 
	0x9e1f, 0x9e1f, 0x9e1f, 0x0000, 0x0000, 0x0000, 0x6d1f, 0x6d1f, 0x6d1f, 0x6d1f, 0x6d1f, 0x6d1f, 0x0000, 0x0000, 0x0000, 0x0000, 
	0x0000, 0xffff, 0xffff, 0x0000, 0x0000, 0x0000, 0x0000, 0x0000, 0x6d1f, 0x6d1f, 0x6d1f, 0x6d1f, 0x6d1f, 0x6d1f, 0x0000, 0x0000, 
	0x0000, 0x0000, 0x9e1f, 0x9e1f, 0x9e1f, 0x9e1f, 0x0000, 0x0000, 0x0000, 0x0000, 0x6d1f, 0x6d1f, 0x6d1f, 0x6d1f, 0x6d1f, 0x6d1f, 
	0x0000, 0x0000, 0x0000, 0x0000, 0x9e1f, 0x9e1f, 0x9e1f, 0x9e1f, 0x0000, 0x0000, 0x0000, 0x0000, 0x6d1f, 0x6d1f, 0x6d1f, 0x6d1f, 
	0x6d1f, 0x6d1f, 0x0000, 0x0000, 0x0000, 0x0000, 0x0000, 0xffff, 0xffff, 0x0000, 0x0000, 0x0000, 0x0000, 0x0000, 0x6d1f, 0x6d1f, 
	0x6d1f, 0x6d1f, 0x6d1f, 0x6d1f, 0x0000, 0x0000, 0x0000, 0x0000, 0x9e1f, 0x9e1f, 0x9e1f, 0x9e1f, 0x0000, 0x0000, 0x0000, 0x0000, 
	0x6d1f, 0x6d1f, 0x6d1f, 0x6d1f, 0x6d1f, 0x6d1f, 0x0000, 0x0000, 0x0000, 0x0000, 0x9e1f, 0x9e1f, 0x9e1f, 0x9e1f, 0x0000, 0x0000, 
	0x0000, 0x0000, 0x6d1f, 0x6d1f, 0x6d1f, 0x6d1f, 0x6d1f, 0x6d1f, 0x0000, 0x0000, 0x0000, 0x0000, 0x0000, 0xffff, 0xffff, 0x0000, 
	0x0000, 0x0000, 0x0000, 0x6d1f, 0x6d1f, 0x6d1f, 0x6d1f, 0x6d1f, 0x6d1f, 0x6d1f, 0x6d1f, 0x0000, 0x0000, 0x0000, 0x0000, 0x9e1f, 
	0x9e1f, 0x0000, 0x0000, 0x0000, 0x0000, 0x6d1f, 0x6d1f, 0x6d1f, 0x6d1f, 0x6d1f, 0x6d1f, 0x6d1f, 0x6d1f, 0x0000, 0x0000, 0x0000, 
	0x0000, 0x9e1f, 0x9e1f, 0x0000, 0x0000, 0x0000, 0x0000, 0x6d1f, 0x6d1f, 0x6d1f, 0x6d1f, 0x6d1f, 0x6d1f, 0x6d1f, 0x6d1f, 0x0000, 
	0x0000, 0x0000, 0x0000, 0xffff, 0xffff, 0x0000, 0x0000, 0x0000, 0x0000, 0x6d1f, 0x6d1f, 0x6d1f, 0x6d1f, 0x6d1f, 0x6d1f, 0x6d1f, 
	0x6d1f, 0x0000, 0x0000, 0x0000, 0x0000, 0x9e1f, 0x9e1f, 0x0000, 0x0000, 0x0000, 0x0000, 0x6d1f, 0x6d1f, 0x6d1f, 0x6d1f, 0x6d1f, 
	0x6d1f, 0x6d1f, 0x6d1f, 0x0000, 0x0000, 0x0000, 0x0000, 0x9e1f, 0x9e1f, 0x0000, 0x0000, 0x0000, 0x0000, 0x6d1f, 0x6d1f, 0x6d1f, 
	0x6d1f, 0x6d1f, 0x6d1f, 0x6d1f, 0x6d1f, 0x0000, 0x0000, 0x0000, 0x0000, 0xffff, 0xffff, 0x0000, 0x0000, 0x0000, 0x6d1f, 0x6d1f, 
	0x6d1f, 0x6d1f, 0x6d1f, 0x6d1f, 0x6d1f, 0x6d1f, 0x6d1f, 0x6d1f, 0x0000, 0x0000, 0x0000, 0x0000, 0x0000, 0x0000, 0x0000, 0x0000, 
	0x6d1f, 0x6d1f, 0x6d1f, 0x6d1f, 0x6d1f, 0x6d1f, 0x6d1f, 0x6d1f, 0x6d1f, 0x6d1f, 0x0000, 0x0000, 0x0000, 0x0000, 0x0000, 0x0000, 
	0x0000, 0x0000, 0x6d1f, 0x6d1f, 0x6d1f, 0x6d1f, 0x6d1f, 0x6d1f, 0x6d1f, 0x6d1f, 0x6d1f, 0x6d1f, 0x0000, 0x0000, 0x0000, 0xffff, 
	0xffff, 0x0000, 0x0000, 0x6d1f, 0x6d1f, 0x6d1f, 0x6d1f, 0x6d1f, 0x6d1f, 0x6d1f, 0x6d1f, 0x6d1f, 0x6d1f, 0x6d1f, 0x6d1f, 0x0000, 
	0x0000, 0x0000, 0x0000, 0x0000, 0x0000, 0x6d1f, 0x6d1f, 0x6d1f, 0x6d1f, 0x6d1f, 0x6d1f, 0x6d1f, 0x6d1f, 0x6d1f, 0x6d1f, 0x6d1f, 
	0x6d1f, 0x0000, 0x0000, 0x0000, 0x0000, 0x0000, 0x0000, 0x6d1f, 0x6d1f, 0x6d1f, 0x6d1f, 0x6d1f, 0x6d1f, 0x6d1f, 0x6d1f, 0x6d1f, 
	0x6d1f, 0x6d1f, 0x6d1f, 0x0000, 0x0000, 0xffff, 0xffff, 0x0000, 0x0000, 0x6d1f, 0x6d1f, 0x6d1f, 0x6d1f, 0x6d1f, 0x6d1f, 0x6d1f, 
	0x6d1f, 0x6d1f, 0x6d1f, 0x6d1f, 0x6d1f, 0x0000, 0x0000, 0x0000, 0x0000, 0x0000, 0x0000, 0x6d1f, 0x6d1f, 0x6d1f, 0x6d1f, 0x6d1f, 
	0x6d1f, 0x6d1f, 0x6d1f, 0x6d1f, 0x6d1f, 0x6d1f, 0x6d1f, 0x0000, 0x0000, 0x0000, 0x0000, 0x0000, 0x0000, 0x6d1f, 0x6d1f, 0x6d1f, 
	0x6d1f, 0x6d1f, 0x6d1f, 0x6d1f, 0x6d1f, 0x6d1f, 0x6d1f, 0x6d1f, 0x6d1f, 0x0000, 0x0000, 0xffff, 0xffff, 0x0000, 0x0000, 0x0000, 
	0x0000, 0x0000, 0x0000, 0x0000, 0x0000, 0x0000, 0x0000, 0x0000, 0x0000, 0x0000, 0x0000, 0x0000, 0x0000, 0x0000, 0x0000, 0x0000, 
	0x0000, 0x0000, 0x0000, 0x0000, 0x0000, 0x0000, 0x0000, 0x0000, 0x0000, 0x0000, 0x0000, 0x0000, 0x0000, 0x0000, 0x0000, 0x0000, 
	0x0000, 0x0000, 0x0000, 0x0000, 0x0000, 0x0000, 0x0000, 0x0000, 0x0000, 0x0000, 0x0000, 0x0000, 0x0000, 0x0000, 0x0000, 0x0000, 
	0x0000, 0xffff, 0xffff, 0x0000, 0x0000, 0x0000, 0x0000, 0x0000, 0x0000, 0x0000, 0x0000, 0x0000, 0x0000, 0x0000, 0x0000, 0x0000, 
	0x0000, 0x0000, 0x0000, 0x0000, 0x0000, 0x0000, 0x0000, 0x0000, 0x0000, 0x0000, 0x0000, 0x0000, 0x0000, 0x0000, 0x0000, 0x0000, 
	0x0000, 0x0000, 0x0000, 0x0000, 0x0000, 0x0000, 0x0000, 0x0000, 0x0000, 0x0000, 0x0000, 0x0000, 0x0000, 0x0000, 0x0000, 0x0000, 
	0x0000, 0x0000, 0x0000, 0x0000, 0x0000, 0x0000, 0x0000, 0xffff, 0xffff, 0x0000, 0x0000, 0x0000, 0x0000, 0x0000, 0x0000, 0x0000, 
	0x0000, 0x0000, 0x0000, 0x0000, 0x0000, 0x0000, 0x0000, 0x0000, 0x0000, 0x0000, 0x0000, 0x0000, 0x0000, 0x0000, 0x0000, 0x0000, 
	0x0000, 0x0000, 0x0000, 0x0000, 0x0000, 0x0000, 0x0000, 0x0000, 0x0000, 0x0000, 0x0000, 0x0000, 0x0000, 0x0000, 0x0000, 0x0000, 
	0x0000, 0x0000, 0x0000, 0x0000, 0x0000, 0x0000, 0x0000, 0x0000, 0x0000, 0x0000, 0x0000, 0x0000, 0x0000, 0xffff, 0xffff, 0xffff, 
	0xffff, 0xffff, 0xffff, 0xffff, 0xffff, 0xffff, 0xffff, 0xffff, 0xffff, 0xffff, 0xffff, 0xffff, 0xffff, 0xffff, 0xffff, 0xffff, 
	0xffff, 0xffff, 0xffff, 0xffff, 0xffff, 0xffff, 0xffff, 0xffff, 0xffff, 0xffff, 0xffff, 0xffff, 0xffff, 0xffff, 0xffff, 0xffff, 
	0xffff, 0xffff, 0xffff, 0xffff, 0xffff, 0xffff, 0xffff, 0xffff, 0xffff, 0xffff, 0xffff, 0xffff, 0xffff, 0xffff, 0xffff, 0xffff, 
	0xffff, 0xffff, 0xffff, 0xffff
};

const uint16_t megabuttonD[] PROGMEM = {
	0xffff, 0xffff, 0xffff, 0xffff, 0xffff, 0xffff, 0xffff, 0xffff, 0xffff, 0xffff, 0xffff, 0xffff, 0xffff, 0xffff, 0xffff, 0xffff, 
	0xffff, 0xffff, 0xffff, 0xffff, 0xffff, 0xffff, 0xffff, 0xffff, 0xffff, 0xffff, 0xffff, 0xffff, 0xffff, 0xffff, 0xffff, 0xffff, 
	0xffff, 0xffff, 0xffff, 0xffff, 0xffff, 0xffff, 0xffff, 0xffff, 0xffff, 0xffff, 0xffff, 0xffff, 0xffff, 0xffff, 0xffff, 0xffff, 
	0xffff, 0xffff, 0xffff, 0xffff, 0xffff, 0xffff, 0xffff, 0x0000, 0x0000, 0x0000, 0x0000, 0x0000, 0x0000, 0x0000, 0x0000, 0x0000, 
	0x0000, 0x0000, 0x0000, 0x0000, 0x0000, 0x0000, 0x0000, 0x0000, 0x0000, 0x0000, 0x0000, 0x0000, 0x0000, 0x0000, 0x0000, 0x0000, 
	0x0000, 0x0000, 0x0000, 0x0000, 0x0000, 0x0000, 0x0000, 0x0000, 0x0000, 0x0000, 0x0000, 0x0000, 0x0000, 0x0000, 0x0000, 0x0000, 
	0x0000, 0x0000, 0x0000, 0x0000, 0x0000, 0x0000, 0x0000, 0x0000, 0x0000, 0x0000, 0x0000, 0xffff, 0xffff, 0x0000, 0x0000, 0x0000, 
	0x0000, 0x0000, 0x0000, 0x0000, 0x0000, 0x0000, 0x0000, 0x0000, 0x0000, 0x0000, 0x0000, 0x0000, 0x0000, 0x0000, 0x0000, 0x0000, 
	0x0000, 0x0000, 0x0000, 0x0000, 0x0000, 0x0000, 0x0000, 0x0000, 0x0000, 0x0000, 0x0000, 0x0000, 0x0000, 0x0000, 0x0000, 0x0000, 
	0x0000, 0x0000, 0x0000, 0x0000, 0x0000, 0x0000, 0x0000, 0x0000, 0x0000, 0x0000, 0x0000, 0x0000, 0x0000, 0x0000, 0x0000, 0x0000, 
	0x0000, 0xffff, 0xffff, 0x0000, 0x0000, 0x0000, 0x0000, 0x0000, 0x0000, 0x0000, 0x0000, 0x0000, 0x0000, 0x0000, 0x0000, 0x0000, 
	0x0000, 0x0000, 0x0000, 0x0000, 0x0000, 0x0000, 0x0000, 0x0000, 0x0000, 0x0000, 0x0000, 0x0000, 0x0000, 0x0000, 0x0000, 0x0000, 
	0x0000, 0x0000, 0x0000, 0x0000, 0x0000, 0x0000, 0x0000, 0x0000, 0x0000, 0x0000, 0x0000, 0x0000, 0x0000, 0x0000, 0x0000, 0x0000, 
	0x0000, 0x0000, 0x0000, 0x0000, 0x0000, 0x0000, 0x0000, 0xffff, 0xffff, 0x0000, 0x0000, 0x0000, 0x0000, 0x0000, 0x0000, 0x0000, 
	0x0000, 0x0000, 0x0000, 0x0000, 0x0000, 0x0000, 0x0000, 0x0000, 0x0000, 0x0000, 0x0000, 0x0000, 0x0000, 0x0000, 0x0000, 0x0000, 
	0x0000, 0x0000, 0x0000, 0x0000, 0x0000, 0x0000, 0x0000, 0x0000, 0x0000, 0x0000, 0x0000, 0x0000, 0x0000, 0x0000, 0x0000, 0x0000, 
	0x0000, 0x0000, 0x0000, 0x0000, 0x0000, 0x0000, 0x0000, 0x0000, 0x0000, 0x0000, 0x0000, 0x0000, 0x0000, 0xffff, 0xffff, 0x0000, 
	0x0000, 0x0000, 0x0000, 0x0000, 0x0000, 0x0000, 0x0000, 0x0000, 0x0000, 0x0000, 0x0000, 0x0000, 0x0000, 0x0000, 0x0000, 0x0000, 
	0x0000, 0x0000, 0x0000, 0x0000, 0x0000, 0x0000, 0x0000, 0x6d1f, 0x6d1f, 0x6d1f, 0x6d1f, 0x0000, 0x0000, 0x0000, 0x0000, 0x0000, 
	0x0000, 0x0000, 0x0000, 0x0000, 0x0000, 0x0000, 0x0000, 0x0000, 0x0000, 0x0000, 0x0000, 0x0000, 0x0000, 0x0000, 0x0000, 0x0000, 
	0x0000, 0x0000, 0x0000, 0xffff, 0xffff, 0x0000, 0x0000, 0x0000, 0x0000, 0x0000, 0x0000, 0x0000, 0x0000, 0x0000, 0x0000, 0x0000, 
	0x0000, 0x0000, 0x0000, 0x0000, 0x0000, 0x0000, 0x0000, 0x0000, 0x0000, 0x0000, 0x0000, 0x6d1f, 0x6d1f, 0x6d1f, 0x6d1f, 0x6d1f, 
	0x6d1f, 0x6d1f, 0x6d1f, 0x0000, 0x0000, 0x0000, 0x0000, 0x0000, 0x0000, 0x0000, 0x0000, 0x0000, 0x0000, 0x0000, 0x0000, 0x0000, 
	0x0000, 0x0000, 0x0000, 0x0000, 0x0000, 0x0000, 0x0000, 0x0000, 0x0000, 0xffff, 0xffff, 0x0000, 0x0000, 0x0000, 0x0000, 0x0000, 
	0x0000, 0x0000, 0x0000, 0x0000, 0x0000, 0x0000, 0x0000, 0x0000, 0x0000, 0x0000, 0x0000, 0x0000, 0x0000, 0x0000, 0x0000, 0x6d1f, 
	0x6d1f, 0x6d1f, 0x6d1f, 0x6d1f, 0x6d1f, 0x6d1f, 0x6d1f, 0x6d1f, 0x6d1f, 0x6d1f, 0x6d1f, 0x0000, 0x0000, 0x0000, 0x0000, 0x0000, 
	0x0000, 0x0000, 0x0000, 0x0000, 0x0000, 0x0000, 0x0000, 0x0000, 0x0000, 0x0000, 0x0000, 0x0000, 0x0000, 0x0000, 0x0000, 0xffff, 
	0xffff, 0x0000, 0x0000, 0x0000, 0x0000, 0x0000, 0x0000, 0x0000, 0x0000, 0x0000, 0x0000, 0x0000, 0x0000, 0x0000, 0x0000, 0x0000, 
	0x0000, 0x0000, 0x0000, 0x6d1f, 0x6d1f, 0x6d1f, 0x6d1f, 0x6d1f, 0x6d1f, 0x6d1f, 0x6d1f, 0x6d1f, 0x6d1f, 0x6d1f, 0x6d1f, 0x6d1f, 
	0x6d1f, 0x6d1f, 0x6d1f, 0x0000, 0x0000, 0x0000, 0x0000, 0x0000, 0x0000, 0x0000, 0x0000, 0x0000, 0x0000, 0x0000, 0x0000, 0x0000, 
	0x0000, 0x0000, 0x0000, 0x0000, 0x0000, 0xffff, 0xffff, 0x0000, 0x0000, 0x0000, 0x0000, 0x0000, 0x0000, 0x0000, 0x0000, 0x0000, 
	0x0000, 0x0000, 0x0000, 0x0000, 0x0000, 0x0000, 0x0000, 0x6d1f, 0x6d1f, 0x6d1f, 0x6d1f, 0x6d1f, 0x6d1f, 0x6d1f, 0x6d1f, 0x6d1f, 
	0x6d1f, 0x6d1f, 0x6d1f, 0x6d1f, 0x6d1f, 0x6d1f, 0x6d1f, 0x6d1f, 0x6d1f, 0x6d1f, 0x6d1f, 0x0000, 0x0000, 0x0000, 0x0000, 0x0000, 
	0x0000, 0x0000, 0x0000, 0x0000, 0x0000, 0x0000, 0x0000, 0x0000, 0x0000, 0x0000, 0x0000, 0xffff, 0xffff, 0x0000, 0x0000, 0x0000, 
	0x0000, 0x0000, 0x0000, 0x0000, 0x0000, 0x0000, 0x0000, 0x0000, 0x0000, 0x0000, 0x0000, 0x0000, 0x6d1f, 0x6d1f, 0x6d1f, 0x6d1f, 
	0x6d1f, 0x6d1f, 0x6d1f, 0x6d1f, 0x6d1f, 0x6d1f, 0x6d1f, 0x6d1f, 0x6d1f, 0x6d1f, 0x6d1f, 0x6d1f, 0x6d1f, 0x6d1f, 0x6d1f, 0x6d1f, 
	0x6d1f, 0x6d1f, 0x0000, 0x0000, 0x0000, 0x0000, 0x0000, 0x0000, 0x0000, 0x0000, 0x0000, 0x0000, 0x0000, 0x0000, 0x0000, 0x0000, 
	0x0000, 0xffff, 0xffff, 0x0000, 0x0000, 0x0000, 0x0000, 0x0000, 0x0000, 0x0000, 0x0000, 0x0000, 0x0000, 0x0000, 0x0000, 0x0000, 
	0x0000, 0x0000, 0x0000, 0x0000, 0x6d1f, 0x6d1f, 0x6d1f, 0x6d1f, 0x6d1f, 0x6d1f, 0x6d1f, 0x6d1f, 0x6d1f, 0x6d1f, 0x6d1f, 0x6d1f, 
	0x6d1f, 0x6d1f, 0x6d1f, 0x6d1f, 0x6d1f, 0x6d1f, 0x0000, 0x0000, 0x0000, 0x0000, 0x0000, 0x0000, 0x0000, 0x0000, 0x0000, 0x0000, 
	0x0000, 0x0000, 0x0000, 0x0000, 0x0000, 0x0000, 0x0000, 0xffff, 0xffff, 0x0000, 0x0000, 0x0000, 0x0000, 0x0000, 0x0000, 0x0000, 
	0x0000, 0x0000, 0x0000, 0x0000, 0x0000, 0x0000, 0x9e1f, 0x9e1f, 0x9e1f, 0x0000, 0x0000, 0x6d1f, 0x6d1f, 0x6d1f, 0x6d1f, 0x6d1f, 
	0x6d1f, 0x6d1f, 0x6d1f, 0x6d1f, 0x6d1f, 0x6d1f, 0x6d1f, 0x6d1f, 0x6d1f, 0x6d1f, 0x6d1f, 0x0000, 0x0000, 0x9e1f, 0x9e1f, 0x9e1f, 
	0x0000, 0x0000, 0x0000, 0x0000, 0x0000, 0x0000, 0x0000, 0x0000, 0x0000, 0x0000, 0x0000, 0x0000, 0x0000, 0xffff, 0xffff, 0x0000, 
	0x0000, 0x0000, 0x0000, 0x0000, 0x0000, 0x0000, 0x0000, 0x0000, 0x0000, 0x0000, 0x6d1f, 0x0000, 0x9e1f, 0x9e1f, 0x9e1f, 0x9e1f, 
	0x0000, 0x0000, 0x0000, 0x6d1f, 0x6d1f, 0x6d1f, 0x6d1f, 0x6d1f, 0x6d1f, 0x6d1f, 0x6d1f, 0x6d1f, 0x6d1f, 0x6d1f, 0x6d1f, 0x0000, 
	0x0000, 0x0000, 0x9e1f, 0x9e1f, 0x9e1f, 0x9e1f, 0x0000, 0x6d1f, 0x0000, 0x0000, 0x0000, 0x0000, 0x0000, 0x0000, 0x0000, 0x0000, 
	0x0000, 0x0000, 0x0000, 0xffff, 0xffff, 0x0000, 0x0000, 0x0000, 0x0000, 0x0000, 0x0000, 0x0000, 0x0000, 0x0000, 0x0000, 0x6d1f, 
	0x6d1f, 0x0000, 0x9e1f, 0x9e1f, 0x9e1f, 0x9e1f, 0x9e1f, 0x0000, 0x0000, 0x0000, 0x6d1f, 0x6d1f, 0x6d1f, 0x6d1f, 0x6d1f, 0x6d1f, 
	0x6d1f, 0x6d1f, 0x6d1f, 0x6d1f, 0x0000, 0x0000, 0x0000, 0x9e1f, 0x9e1f, 0x9e1f, 0x9e1f, 0x9e1f, 0x0000, 0x6d1f, 0x6d1f, 0x0000, 
	0x0000, 0x0000, 0x0000, 0x0000, 0x0000, 0x0000, 0x0000, 0x0000, 0x0000, 0xffff, 0xffff, 0x0000, 0x0000, 0x0000, 0x0000, 0x0000, 
	0x0000, 0x0000, 0x0000, 0x0000, 0x6d1f, 0x6d1f, 0x6d1f, 0x0000, 0x0000, 0x9e1f, 0x9e1f, 0x9e1f, 0x9e1f, 0x9e1f, 0x0000, 0x0000, 
	0x0000, 0x0000, 0x6d1f, 0x6d1f, 0x6d1f, 0x6d1f, 0x6d1f, 0x6d1f, 0x0000, 0x0000, 0x0000, 0x0000, 0x9e1f, 0x9e1f, 0x9e1f, 0x9e1f, 
	0x9e1f, 0x0000, 0x0000, 0x6d1f, 0x6d1f, 0x6d1f, 0x0000, 0x0000, 0x0000, 0x0000, 0x0000, 0x0000, 0x0000, 0x0000, 0x0000, 0xffff, 
	0xffff, 0x0000, 0x0000, 0x0000, 0x0000, 0x0000, 0x0000, 0x0000, 0x0000, 0x6d1f, 0x6d1f, 0x6d1f, 0x6d1f, 0x6d1f, 0x0000, 0x9e1f, 
	0x9e1f, 0x9e1f, 0x9e1f, 0x9e1f, 0x9e1f, 0x9e1f, 0x0000, 0x0000, 0x0000, 0x6d1f, 0x6d1f, 0x6d1f, 0x6d1f, 0x0000, 0x0000, 0x0000, 
	0x9e1f, 0x9e1f, 0x9e1f, 0x9e1f, 0x9e1f, 0x9e1f, 0x9e1f, 0x0000, 0x6d1f, 0x6d1f, 0x6d1f, 0x6d1f, 0x6d1f, 0x0000, 0x0000, 0x0000, 
	0x0000, 0x0000, 0x0000, 0x0000, 0x0000, 0xffff, 0xffff, 0x0000, 0x0000, 0x0000, 0x0000, 0x0000, 0x0000, 0x0000, 0x6d1f, 0x6d1f, 
	0x6d1f, 0x6d1f, 0x6d1f, 0x6d1f, 0x0000, 0x9e1f, 0x9e1f, 0x9e1f, 0x9e1f, 0x9e1f, 0x9e1f, 0x9e1f, 0x9e1f, 0x9e1f, 0x0000, 0x0000, 
	0x0000, 0x0000, 0x0000, 0x0000, 0x9e1f, 0x9e1f, 0x9e1f, 0x9e1f, 0x9e1f, 0x9e1f, 0x9e1f, 0x9e1f, 0x9e1f, 0x0000, 0x6d1f, 0x6d1f, 
	0x6d1f, 0x6d1f, 0x6d1f, 0x6d1f, 0x0000, 0x0000, 0x0000, 0x0000, 0x0000, 0x0000, 0x0000, 0xffff, 0xffff, 0x0000, 0x0000, 0x0000, 
	0x0000, 0x0000, 0x0000, 0x6d1f, 0x6d1f, 0x6d1f, 0x6d1f, 0x6d1f, 0x6d1f, 0x6d1f, 0x0000, 0x0000, 0x9e1f, 0x9e1f, 0x9e1f, 0x9e1f, 
	0x9e1f, 0x9e1f, 0x9e1f, 0x0000, 0x0000, 0x0000, 0x0000, 0x0000, 0x0000, 0x0000, 0x0000, 0x9e1f, 0x9e1f, 0x9e1f, 0x9e1f, 0x9e1f, 
	0x9e1f, 0x9e1f, 0x0000, 0x0000, 0x6d1f, 0x6d1f, 0x6d1f, 0x6d1f, 0x6d1f, 0x6d1f, 0x6d1f, 0x0000, 0x0000, 0x0000, 0x0000, 0x0000, 
	0x0000, 0xffff, 0xffff, 0x0000, 0x0000, 0x0000, 0x0000, 0x0000, 0x6d1f, 0x6d1f, 0x6d1f, 0x6d1f, 0x6d1f, 0x6d1f, 0x6d1f, 0x6d1f, 
	0x6d1f, 0x0000, 0x9e1f, 0x9e1f, 0x9e1f, 0x9e1f, 0x9e1f, 0x9e1f, 0x0000, 0x0000, 0x0000, 0x6d1f, 0x6d1f, 0x6d1f, 0x6d1f, 0x0000, 
	0x0000, 0x0000, 0x9e1f, 0x9e1f, 0x9e1f, 0x9e1f, 0x9e1f, 0x9e1f, 0x0000, 0x6d1f, 0x6d1f, 0x6d1f, 0x6d1f, 0x6d1f, 0x6d1f, 0x6d1f, 
	0x6d1f, 0x6d1f, 0x0000, 0x0000, 0x0000, 0x0000, 0x0000, 0xffff, 0xffff, 0x0000, 0x0000, 0x0000, 0x0000, 0x6d1f, 0x6d1f, 0x6d1f, 
	0x6d1f, 0x6d1f, 0x6d1f, 0x6d1f, 0x6d1f, 0x6d1f, 0x6d1f, 0x0000, 0x9e1f, 0x9e1f, 0x9e1f, 0x9e1f, 0x9e1f, 0x0000, 0x0000, 0x0000, 
	0x6d1f, 0x6d1f, 0x6d1f, 0x6d1f, 0x6d1f, 0x6d1f, 0x0000, 0x0000, 0x0000, 0x9e1f, 0x9e1f, 0x9e1f, 0x9e1f, 0x9e1f, 0x0000, 0x6d1f, 
	0x6d1f, 0x6d1f, 0x6d1f, 0x6d1f, 0x6d1f, 0x6d1f, 0x6d1f, 0x6d1f, 0x6d1f, 0x0000, 0x0000, 0x0000, 0x0000, 0xffff, 0xffff, 0x0000, 
	0x0000, 0x0000, 0x6d1f, 0x6d1f, 0x6d1f, 0x6d1f, 0x6d1f, 0x6d1f, 0x6d1f, 0x6d1f, 0x6d1f, 0x6d1f, 0x6d1f, 0x0000, 0x0000, 0x9e1f, 
	0x9e1f, 0x9e1f, 0x0000, 0x0000, 0x0000, 0x6d1f, 0x6d1f, 0x6d1f, 0x6d1f, 0x6d1f, 0x6d1f, 0x6d1f, 0x6d1f, 0x0000, 0x0000, 0x0000, 
	0x9e1f, 0x9e1f, 0x9e1f, 0x0000, 0x0000, 0x6d1f, 0x6d1f, 0x6d1f, 0x6d1f, 0x6d1f, 0x6d1f, 0x6d1f, 0x6d1f, 0x6d1f, 0x6d1f, 0x6d1f, 
	0x0000, 0x0000, 0x0000, 0xffff, 0xffff, 0x0000, 0x0000, 0x0000, 0x6d1f, 0x6d1f, 0x6d1f, 0x6d1f, 0x6d1f, 0x6d1f, 0x6d1f, 0x6d1f, 
	0x6d1f, 0x6d1f, 0x6d1f, 0x6d1f, 0x0000, 0x9e1f, 0x9e1f, 0x0000, 0x0000, 0x0000, 0x6d1f, 0x6d1f, 0x6d1f, 0x6d1f, 0x6d1f, 0x6d1f, 
	0x6d1f, 0x6d1f, 0x6d1f, 0x6d1f, 0x0000, 0x0000, 0x0000, 0x9e1f, 0x9e1f, 0x0000, 0x6d1f, 0x6d1f, 0x6d1f, 0x6d1f, 0x6d1f, 0x6d1f, 
	0x6d1f, 0x6d1f, 0x6d1f, 0x6d1f, 0x6d1f, 0x6d1f, 0x0000, 0x0000, 0x0000, 0xffff, 0xffff, 0x0000, 0x0000, 0x0000, 0x6d1f, 0x6d1f, 
	0x6d1f, 0x6d1f, 0x6d1f, 0x6d1f, 0x6d1f, 0x6d1f, 0x6d1f, 0x6d1f, 0x6d1f, 0x6d1f, 0x0000, 0x9e1f, 0x0000, 0x0000, 0x0000, 0x6d1f, 
	0x6d1f, 0x6d1f, 0x6d1f, 0x6d1f, 0x6d1f, 0x6d1f, 0x6d1f, 0x6d1f, 0x6d1f, 0x6d1f, 0x6d1f, 0x0000, 0x0000, 0x0000, 0x9e1f, 0x0000, 
	0x6d1f, 0x6d1f, 0x6d1f, 0x6d1f, 0x6d1f, 0x6d1f, 0x6d1f, 0x6d1f, 0x6d1f, 0x6d1f, 0x6d1f, 0x6d1f, 0x0000, 0x0000, 0x0000, 0xffff, 
	0xffff, 0x0000, 0x0000, 0x0000, 0x0000, 0x6d1f, 0x6d1f, 0x6d1f, 0x6d1f, 0x6d1f, 0x6d1f, 0x6d1f, 0x6d1f, 0x6d1f, 0x6d1f, 0x6d1f, 
	0x0000, 0x0000, 0x0000, 0x0000, 0x6d1f, 0x6d1f, 0x6d1f, 0x6d1f, 0x6d1f, 0x6d1f, 0x6d1f, 0x6d1f, 0x6d1f, 0x6d1f, 0x6d1f, 0x6d1f, 
	0x6d1f, 0x6d1f, 0x0000, 0x0000, 0x0000, 0x0000, 0x6d1f, 0x6d1f, 0x6d1f, 0x6d1f, 0x6d1f, 0x6d1f, 0x6d1f, 0x6d1f, 0x6d1f, 0x6d1f, 
	0x6d1f, 0x0000, 0x0000, 0x0000, 0x0000, 0xffff, 0xffff, 0x0000, 0x0000, 0x0000, 0x0000, 0x6d1f, 0x6d1f, 0x6d1f, 0x6d1f, 0x6d1f, 
	0x6d1f, 0x6d1f, 0x6d1f, 0x6d1f, 0x6d1f, 0x0000, 0x0000, 0x0000, 0x0000, 0x6d1f, 0x6d1f, 0x6d1f, 0x6d1f, 0x6d1f, 0x6d1f, 0x6d1f, 
	0x6d1f, 0x6d1f, 0x6d1f, 0x6d1f, 0x6d1f, 0x6d1f, 0x6d1f, 0x6d1f, 0x6d1f, 0x0000, 0x0000, 0x0000, 0x0000, 0x6d1f, 0x6d1f, 0x6d1f, 
	0x6d1f, 0x6d1f, 0x6d1f, 0x6d1f, 0x6d1f, 0x6d1f, 0x6d1f, 0x0000, 0x0000, 0x0000, 0x0000, 0xffff, 0xffff, 0x0000, 0x0000, 0x0000, 
	0x0000, 0x6d1f, 0x6d1f, 0x6d1f, 0x6d1f, 0x6d1f, 0x6d1f, 0x6d1f, 0x6d1f, 0x6d1f, 0x0000, 0x0000, 0x0000, 0x0000, 0x6d1f, 0x6d1f, 
	0x6d1f, 0x6d1f, 0x6d1f, 0x6d1f, 0x6d1f, 0x6d1f, 0x6d1f, 0x6d1f, 0x6d1f, 0x6d1f, 0x6d1f, 0x6d1f, 0x6d1f, 0x6d1f, 0x6d1f, 0x6d1f, 
	0x0000, 0x0000, 0x0000, 0x0000, 0x6d1f, 0x6d1f, 0x6d1f, 0x6d1f, 0x6d1f, 0x6d1f, 0x6d1f, 0x6d1f, 0x6d1f, 0x0000, 0x0000, 0x0000, 
	0x0000, 0xffff, 0xffff, 0x0000, 0x0000, 0x0000, 0x0000, 0x0000, 0x6d1f, 0x6d1f, 0x6d1f, 0x6d1f, 0x6d1f, 0x6d1f, 0x6d1f, 0x0000, 
	0x0000, 0x0000, 0x0000, 0x0000, 0x6d1f, 0x6d1f, 0x6d1f, 0x6d1f, 0x6d1f, 0x6d1f, 0x6d1f, 0x6d1f, 0x6d1f, 0x6d1f, 0x6d1f, 0x6d1f, 
	0x6d1f, 0x6d1f, 0x6d1f, 0x6d1f, 0x6d1f, 0x6d1f, 0x0000, 0x9e1f, 0x0000, 0x0000, 0x0000, 0x6d1f, 0x6d1f, 0x6d1f, 0x6d1f, 0x6d1f, 
	0x6d1f, 0x6d1f, 0x0000, 0x0000, 0x0000, 0x0000, 0x0000, 0xffff, 0xffff, 0x0000, 0x0000, 0x0000, 0x0000, 0x0000, 0x6d1f, 0x6d1f, 
	0x6d1f, 0x6d1f, 0x6d1f, 0x6d1f, 0x0000, 0x0000, 0x0000, 0x9e1f, 0x9e1f, 0x0000, 0x6d1f, 0x6d1f, 0x6d1f, 0x6d1f, 0x6d1f, 0x6d1f, 
	0x6d1f, 0x6d1f, 0x6d1f, 0x6d1f, 0x6d1f, 0x6d1f, 0x6d1f, 0x6d1f, 0x6d1f, 0x6d1f, 0x6d1f, 0x6d1f, 0x0000, 0x9e1f, 0x9e1f, 0x0000, 
	0x0000, 0x0000, 0x6d1f, 0x6d1f, 0x6d1f, 0x6d1f, 0x6d1f, 0x6d1f, 0x0000, 0x0000, 0x0000, 0x0000, 0x0000, 0xffff, 0xffff, 0x0000, 
	0x0000, 0x0000, 0x0000, 0x0000, 0x6d1f, 0x6d1f, 0x6d1f, 0x6d1f, 0x6d1f, 0x0000, 0x0000, 0x0000, 0x9e1f, 0x9e1f, 0x9e1f, 0x0000, 
	0x6d1f, 0x6d1f, 0x6d1f, 0x6d1f, 0x6d1f, 0x6d1f, 0x6d1f, 0x6d1f, 0x6d1f, 0x6d1f, 0x6d1f, 0x6d1f, 0x6d1f, 0x6d1f, 0x6d1f, 0x6d1f, 
	0x6d1f, 0x6d1f, 0x0000, 0x9e1f, 0x9e1f, 0x9e1f, 0x0000, 0x0000, 0x0000, 0x6d1f, 0x6d1f, 0x6d1f, 0x6d1f, 0x6d1f, 0x0000, 0x0000, 
	0x0000, 0x0000, 0x0000, 0xffff, 0xffff, 0x0000, 0x0000, 0x0000, 0x0000, 0x0000, 0x0000, 0x6d1f, 0x6d1f, 0x6d1f, 0x0000, 0x0000, 
	0x0000, 0x9e1f, 0x9e1f, 0x9e1f, 0x9e1f, 0x0000, 0x0000, 0x6d1f, 0x6d1f, 0x6d1f, 0x6d1f, 0x6d1f, 0x6d1f, 0x6d1f, 0x6d1f, 0x6d1f, 
	0x6d1f, 0x6d1f, 0x6d1f, 0x6d1f, 0x6d1f, 0x6d1f, 0x6d1f, 0x0000, 0x0000, 0x9e1f, 0x9e1f, 0x9e1f, 0x9e1f, 0x0000, 0x0000, 0x0000, 
	0x6d1f, 0x6d1f, 0x6d1f, 0x0000, 0x0000, 0x0000, 0x0000, 0x0000, 0x0000, 0xffff, 0xffff, 0x0000, 0x0000, 0x0000, 0x0000, 0x0000, 
	0x0000, 0x6d1f, 0x6d1f, 0x0000, 0x0000, 0x0000, 0x9e1f, 0x9e1f, 0x9e1f, 0x9e1f, 0x9e1f, 0x0000, 0x0000, 0x6d1f, 0x6d1f, 0x6d1f, 
	0x6d1f, 0x6d1f, 0x6d1f, 0x6d1f, 0x6d1f, 0x6d1f, 0x6d1f, 0x6d1f, 0x6d1f, 0x6d1f, 0x6d1f, 0x6d1f, 0x6d1f, 0x0000, 0x0000, 0x9e1f, 
	0x9e1f, 0x9e1f, 0x9e1f, 0x9e1f, 0x0000, 0x0000, 0x0000, 0x6d1f, 0x6d1f, 0x0000, 0x0000, 0x0000, 0x0000, 0x0000, 0x0000, 0xffff, 
	0xffff, 0x0000, 0x0000, 0x0000, 0x0000, 0x0000, 0x0000, 0x6d1f, 0x0000, 0x0000, 0x0000, 0x9e1f, 0x9e1f, 0x9e1f, 0x9e1f, 0x9e1f, 
	0x9e1f, 0x0000, 0x0000, 0x6d1f, 0x6d1f, 0x6d1f, 0x6d1f, 0x6d1f, 0x6d1f, 0x6d1f, 0x6d1f, 0x6d1f, 0x6d1f, 0x6d1f, 0x6d1f, 0x6d1f, 
	0x6d1f, 0x6d1f, 0x6d1f, 0x0000, 0x0000, 0x9e1f, 0x9e1f, 0x9e1f, 0x9e1f, 0x9e1f, 0x9e1f, 0x0000, 0x0000, 0x0000, 0x6d1f, 0x0000, 
	0x0000, 0x0000, 0x0000, 0x0000, 0x0000, 0xffff, 0xffff, 0x0000, 0x0000, 0x0000, 0x0000, 0x0000, 0x0000, 0x0000, 0x0000, 0x0000, 
	0x9e1f, 0x9e1f, 0x9e1f, 0x9e1f, 0x9e1f, 0x9e1f, 0x9e1f, 0x9e1f, 0x0000, 0x0000, 0x6d1f, 0x6d1f, 0x6d1f, 0x6d1f, 0x6d1f, 0x6d1f, 
	0x6d1f, 0x6d1f, 0x6d1f, 0x6d1f, 0x6d1f, 0x6d1f, 0x6d1f, 0x6d1f, 0x0000, 0x0000, 0x9e1f, 0x9e1f, 0x9e1f, 0x9e1f, 0x9e1f, 0x9e1f, 
	0x9e1f, 0x9e1f, 0x0000, 0x0000, 0x0000, 0x0000, 0x0000, 0x0000, 0x0000, 0x0000, 0x0000, 0xffff, 0xffff, 0x0000, 0x0000, 0x0000, 
	0x0000, 0x0000, 0x0000, 0x0000, 0x0000, 0x9e1f, 0x9e1f, 0x9e1f, 0x9e1f, 0x9e1f, 0x9e1f, 0x9e1f, 0x9e1f, 0x9e1f, 0x0000, 0x0000, 
	0x6d1f, 0x6d1f, 0x6d1f, 0x6d1f, 0x6d1f, 0x6d1f, 0x6d1f, 0x6d1f, 0x6d1f, 0x6d1f, 0x6d1f, 0x6d1f, 0x6d1f, 0x6d1f, 0x0000, 0x0000, 
	0x9e1f, 0x9e1f, 0x9e1f, 0x9e1f, 0x9e1f, 0x9e1f, 0x9e1f, 0x9e1f, 0x9e1f, 0x0000, 0x0000, 0x0000, 0x0000, 0x0000, 0x0000, 0x0000, 
	0x0000, 0xffff, 0xffff, 0x0000, 0x0000, 0x0000, 0x0000, 0x0000, 0x0000, 0x0000, 0x9e1f, 0x9e1f, 0x9e1f, 0x9e1f, 0x9e1f, 0x9e1f, 
	0x9e1f, 0x9e1f, 0x9e1f, 0x9e1f, 0x9e1f, 0x0000, 0x6d1f, 0x6d1f, 0x6d1f, 0x6d1f, 0x6d1f, 0x6d1f, 0x6d1f, 0x6d1f, 0x6d1f, 0x6d1f, 
	0x6d1f, 0x6d1f, 0x6d1f, 0x6d1f, 0x0000, 0x9e1f, 0x9e1f, 0x9e1f, 0x9e1f, 0x9e1f, 0x9e1f, 0x9e1f, 0x9e1f, 0x9e1f, 0x9e1f, 0x9e1f, 
	0x0000, 0x0000, 0x0000, 0x0000, 0x0000, 0x0000, 0x0000, 0xffff, 0xffff, 0x0000, 0x0000, 0x0000, 0x0000, 0x0000, 0x0000, 0x0000, 
	0x0000, 0x0000, 0x0000, 0x0000, 0x0000, 0x0000, 0x0000, 0x0000, 0x0000, 0x0000, 0x0000, 0x0000, 0x0000, 0x0000, 0x0000, 0x0000, 
	0x0000, 0x0000, 0x0000, 0x0000, 0x0000, 0x0000, 0x0000, 0x0000, 0x0000, 0x0000, 0x0000, 0x0000, 0x0000, 0x0000, 0x0000, 0x0000, 
	0x0000, 0x0000, 0x0000, 0x0000, 0x0000, 0x0000, 0x0000, 0x0000, 0x0000, 0x0000, 0x0000, 0x0000, 0x0000, 0xffff, 0xffff, 0x0000, 
	0x0000, 0x0000, 0x0000, 0x0000, 0x0000, 0x0000, 0x0000, 0x0000, 0x0000, 0x0000, 0x0000, 0x0000, 0x0000, 0x0000, 0x0000, 0x0000, 
	0x0000, 0x0000, 0x0000, 0x0000, 0x0000, 0x0000, 0x0000, 0x0000, 0x0000, 0x0000, 0x0000, 0x0000, 0x0000, 0x0000, 0x0000, 0x0000, 
	0x0000, 0x0000, 0x0000, 0x0000, 0x0000, 0x0000, 0x0000, 0x0000, 0x0000, 0x0000, 0x0000, 0x0000, 0x0000, 0x0000, 0x0000, 0x0000, 
	0x0000, 0x0000, 0x0000, 0xffff, 0xffff, 0x0000, 0x0000, 0x0000, 0x0000, 0x0000, 0x0000, 0x0000, 0x0000, 0x6d1f, 0x6d1f, 0x6d1f, 
	0x6d1f, 0x6d1f, 0x6d1f, 0x6d1f, 0x6d1f, 0x6d1f, 0x6d1f, 0x6d1f, 0x0000, 0x9e1f, 0x9e1f, 0x9e1f, 0x9e1f, 0x9e1f, 0x9e1f, 0x9e1f, 
	0x9e1f, 0x9e1f, 0x9e1f, 0x9e1f, 0x9e1f, 0x0000, 0x6d1f, 0x6d1f, 0x6d1f, 0x6d1f, 0x6d1f, 0x6d1f, 0x6d1f, 0x6d1f, 0x6d1f, 0x6d1f, 
	0x6d1f, 0x0000, 0x0000, 0x0000, 0x0000, 0x0000, 0x0000, 0x0000, 0x0000, 0xffff, 0xffff, 0x0000, 0x0000, 0x0000, 0x0000, 0x0000, 
	0x0000, 0x0000, 0x0000, 0x6d1f, 0x6d1f, 0x6d1f, 0x6d1f, 0x6d1f, 0x6d1f, 0x6d1f, 0x6d1f, 0x6d1f, 0x6d1f, 0x6d1f, 0x0000, 0x0000, 
	0x9e1f, 0x9e1f, 0x9e1f, 0x9e1f, 0x9e1f, 0x9e1f, 0x9e1f, 0x9e1f, 0x9e1f, 0x9e1f, 0x0000, 0x0000, 0x6d1f, 0x6d1f, 0x6d1f, 0x6d1f, 
	0x6d1f, 0x6d1f, 0x6d1f, 0x6d1f, 0x6d1f, 0x6d1f, 0x6d1f, 0x0000, 0x0000, 0x0000, 0x0000, 0x0000, 0x0000, 0x0000, 0x0000, 0xffff, 
	0xffff, 0x0000, 0x0000, 0x0000, 0x0000, 0x0000, 0x0000, 0x0000, 0x0000, 0x6d1f, 0x6d1f, 0x6d1f, 0x6d1f, 0x6d1f, 0x6d1f, 0x6d1f, 
	0x6d1f, 0x6d1f, 0x6d1f, 0x6d1f, 0x6d1f, 0x0000, 0x9e1f, 0x9e1f, 0x9e1f, 0x9e1f, 0x9e1f, 0x9e1f, 0x9e1f, 0x9e1f, 0x9e1f, 0x9e1f, 
	0x0000, 0x6d1f, 0x6d1f, 0x6d1f, 0x6d1f, 0x6d1f, 0x6d1f, 0x6d1f, 0x6d1f, 0x6d1f, 0x6d1f, 0x6d1f, 0x6d1f, 0x0000, 0x0000, 0x0000, 
	0x0000, 0x0000, 0x0000, 0x0000, 0x0000, 0xffff, 0xffff, 0x0000, 0x0000, 0x0000, 0x0000, 0x0000, 0x0000, 0x0000, 0x0000, 0x0000, 
	0x6d1f, 0x6d1f, 0x6d1f, 0x6d1f, 0x6d1f, 0x6d1f, 0x6d1f, 0x6d1f, 0x6d1f, 0x6d1f, 0x6d1f, 0x0000, 0x9e1f, 0x9e1f, 0x9e1f, 0x9e1f, 
	0x9e1f, 0x9e1f, 0x9e1f, 0x9e1f, 0x9e1f, 0x9e1f, 0x0000, 0x6d1f, 0x6d1f, 0x6d1f, 0x6d1f, 0x6d1f, 0x6d1f, 0x6d1f, 0x6d1f, 0x6d1f, 
	0x6d1f, 0x6d1f, 0x0000, 0x0000, 0x0000, 0x0000, 0x0000, 0x0000, 0x0000, 0x0000, 0x0000, 0xffff, 0xffff, 0x0000, 0x0000, 0x0000, 
	0x0000, 0x0000, 0x0000, 0x0000, 0x0000, 0x0000, 0x6d1f, 0x6d1f, 0x6d1f, 0x6d1f, 0x6d1f, 0x6d1f, 0x6d1f, 0x6d1f, 0x6d1f, 0x6d1f, 
	0x6d1f, 0x0000, 0x0000, 0x9e1f, 0x9e1f, 0x9e1f, 0x9e1f, 0x9e1f, 0x9e1f, 0x9e1f, 0x9e1f, 0x0000, 0x0000, 0x6d1f, 0x6d1f, 0x6d1f, 
	0x6d1f, 0x6d1f, 0x6d1f, 0x6d1f, 0x6d1f, 0x6d1f, 0x6d1f, 0x6d1f, 0x0000, 0x0000, 0x0000, 0x0000, 0x0000, 0x0000, 0x0000, 0x0000, 
	0x0000, 0xffff, 0xffff, 0x0000, 0x0000, 0x0000, 0x0000, 0x0000, 0x0000, 0x0000, 0x0000, 0x0000, 0x6d1f, 0x6d1f, 0x6d1f, 0x6d1f, 
	0x6d1f, 0x6d1f, 0x6d1f, 0x6d1f, 0x6d1f, 0x6d1f, 0x6d1f, 0x6d1f, 0x0000, 0x9e1f, 0x9e1f, 0x9e1f, 0x9e1f, 0x9e1f, 0x9e1f, 0x9e1f, 
	0x9e1f, 0x0000, 0x6d1f, 0x6d1f, 0x6d1f, 0x6d1f, 0x6d1f, 0x6d1f, 0x6d1f, 0x6d1f, 0x6d1f, 0x6d1f, 0x6d1f, 0x6d1f, 0x0000, 0x0000, 
	0x0000, 0x0000, 0x0000, 0x0000, 0x0000, 0x0000, 0x0000, 0xffff, 0xffff, 0x0000, 0x0000, 0x0000, 0x0000, 0x0000, 0x0000, 0x0000, 
	0x0000, 0x0000, 0x0000, 0x6d1f, 0x6d1f, 0x6d1f, 0x6d1f, 0x6d1f, 0x6d1f, 0x6d1f, 0x6d1f, 0x6d1f, 0x6d1f, 0x6d1f, 0x0000, 0x9e1f, 
	0x9e1f, 0x9e1f, 0x9e1f, 0x9e1f, 0x9e1f, 0x9e1f, 0x9e1f, 0x0000, 0x6d1f, 0x6d1f, 0x6d1f, 0x6d1f, 0x6d1f, 0x6d1f, 0x6d1f, 0x6d1f, 
	0x6d1f, 0x6d1f, 0x6d1f, 0x0000, 0x0000, 0x0000, 0x0000, 0x0000, 0x0000, 0x0000, 0x0000, 0x0000, 0x0000, 0xffff, 0xffff, 0x0000, 
	0x0000, 0x0000, 0x0000, 0x0000, 0x0000, 0x0000, 0x0000, 0x0000, 0x0000, 0x6d1f, 0x6d1f, 0x6d1f, 0x6d1f, 0x6d1f, 0x6d1f, 0x6d1f, 
	0x6d1f, 0x6d1f, 0x6d1f, 0x6d1f, 0x0000, 0x0000, 0x9e1f, 0x9e1f, 0x9e1f, 0x9e1f, 0x9e1f, 0x9e1f, 0x0000, 0x0000, 0x6d1f, 0x6d1f, 
	0x6d1f, 0x6d1f, 0x6d1f, 0x6d1f, 0x6d1f, 0x6d1f, 0x6d1f, 0x6d1f, 0x6d1f, 0x0000, 0x0000, 0x0000, 0x0000, 0x0000, 0x0000, 0x0000, 
	0x0000, 0x0000, 0x0000, 0xffff, 0xffff, 0x0000, 0x0000, 0x0000, 0x0000, 0x0000, 0x0000, 0x0000, 0x0000, 0x0000, 0x0000, 0x6d1f, 
	0x6d1f, 0x6d1f, 0x6d1f, 0x6d1f, 0x6d1f, 0x6d1f, 0x6d1f, 0x6d1f, 0x6d1f, 0x6d1f, 0x6d1f, 0x0000, 0x9e1f, 0x9e1f, 0x9e1f, 0x9e1f, 
	0x9e1f, 0x9e1f, 0x0000, 0x6d1f, 0x6d1f, 0x6d1f, 0x6d1f, 0x6d1f, 0x6d1f, 0x6d1f, 0x6d1f, 0x6d1f, 0x6d1f, 0x6d1f, 0x6d1f, 0x0000, 
	0x0000, 0x0000, 0x0000, 0x0000, 0x0000, 0x0000, 0x0000, 0x0000, 0x0000, 0xffff, 0xffff, 0x0000, 0x0000, 0x0000, 0x0000, 0x0000, 
	0x0000, 0x0000, 0x0000, 0x0000, 0x0000, 0x0000, 0x6d1f, 0x6d1f, 0x6d1f, 0x6d1f, 0x6d1f, 0x6d1f, 0x6d1f, 0x6d1f, 0x6d1f, 0x6d1f, 
	0x6d1f, 0x0000, 0x0000, 0x9e1f, 0x9e1f, 0x9e1f, 0x9e1f, 0x0000, 0x0000, 0x6d1f, 0x6d1f, 0x6d1f, 0x6d1f, 0x6d1f, 0x6d1f, 0x6d1f, 
	0x6d1f, 0x6d1f, 0x6d1f, 0x6d1f, 0x0000, 0x0000, 0x0000, 0x0000, 0x0000, 0x0000, 0x0000, 0x0000, 0x0000, 0x0000, 0x0000, 0xffff, 
	0xffff, 0x0000, 0x0000, 0x0000, 0x0000, 0x0000, 0x0000, 0x0000, 0x0000, 0x0000, 0x0000, 0x0000, 0x6d1f, 0x6d1f, 0x6d1f, 0x6d1f, 
	0x6d1f, 0x6d1f, 0x6d1f, 0x6d1f, 0x6d1f, 0x6d1f, 0x6d1f, 0x0000, 0x0000, 0x9e1f, 0x9e1f, 0x9e1f, 0x9e1f, 0x0000, 0x0000, 0x6d1f, 
	0x6d1f, 0x6d1f, 0x6d1f, 0x6d1f, 0x6d1f, 0x6d1f, 0x6d1f, 0x6d1f, 0x6d1f, 0x6d1f, 0x0000, 0x0000, 0x0000, 0x0000, 0x0000, 0x0000, 
	0x0000, 0x0000, 0x0000, 0x0000, 0x0000, 0xffff, 0xffff, 0x0000, 0x0000, 0x0000, 0x0000, 0x0000, 0x0000, 0x0000, 0x0000, 0x0000, 
	0x0000, 0x0000, 0x0000, 0x0000, 0x0000, 0x0000, 0x0000, 0x0000, 0x0000, 0x0000, 0x0000, 0x0000, 0x0000, 0x0000, 0x0000, 0x0000, 
	0x0000, 0x0000, 0x0000, 0x0000, 0x0000, 0x0000, 0x0000, 0x0000, 0x0000, 0x0000, 0x0000, 0x0000, 0x0000, 0x0000, 0x0000, 0x0000, 
	0x0000, 0x0000, 0x0000, 0x0000, 0x0000, 0x0000, 0x0000, 0x0000, 0x0000, 0x0000, 0x0000, 0xffff, 0xffff, 0x0000, 0x0000, 0x0000, 
	0x0000, 0x0000, 0x0000, 0x0000, 0x0000, 0x0000, 0x0000, 0x0000, 0x0000, 0x0000, 0x0000, 0x0000, 0x0000, 0x0000, 0x0000, 0x0000, 
	0x0000, 0x0000, 0x0000, 0x0000, 0x0000, 0x0000, 0x0000, 0x0000, 0x0000, 0x0000, 0x0000, 0x0000, 0x0000, 0x0000, 0x0000, 0x0000, 
	0x0000, 0x0000, 0x0000, 0x0000, 0x0000, 0x0000, 0x0000, 0x0000, 0x0000, 0x0000, 0x0000, 0x0000, 0x0000, 0x0000, 0x0000, 0x0000, 
	0x0000, 0xffff, 0xffff, 0x0000, 0x0000, 0x0000, 0x0000, 0x0000, 0x0000, 0x0000, 0x0000, 0x0000, 0x0000, 0x0000, 0x0000, 0x0000, 
	0x0000, 0x0000, 0x0000, 0x0000, 0x0000, 0x0000, 0x0000, 0x0000, 0x0000, 0x0000, 0x0000, 0x0000, 0x0000, 0x0000, 0x0000, 0x0000, 
	0x0000, 0x0000, 0x0000, 0x0000, 0x0000, 0x0000, 0x0000, 0x0000, 0x0000, 0x0000, 0x0000, 0x0000, 0x0000, 0x0000, 0x0000, 0x0000, 
	0x0000, 0x0000, 0x0000, 0x0000, 0x0000, 0x0000, 0x0000, 0xffff, 0xffff, 0x0000, 0x0000, 0x0000, 0x0000, 0x0000, 0x0000, 0x0000, 
	0x0000, 0x0000, 0x0000, 0x0000, 0x0000, 0x0000, 0x0000, 0x0000, 0x0000, 0x0000, 0x0000, 0x0000, 0x0000, 0x0000, 0x0000, 0x0000, 
	0x0000, 0x0000, 0x0000, 0x0000, 0x0000, 0x0000, 0x0000, 0x0000, 0x0000, 0x0000, 0x0000, 0x0000, 0x0000, 0x0000, 0x0000, 0x0000, 
	0x0000, 0x0000, 0x0000, 0x0000, 0x0000, 0x0000, 0x0000, 0x0000, 0x0000, 0x0000, 0x0000, 0x0000, 0x0000, 0xffff, 0xffff, 0xffff, 
	0xffff, 0xffff, 0xffff, 0xffff, 0xffff, 0xffff, 0xffff, 0xffff, 0xffff, 0xffff, 0xffff, 0xffff, 0xffff, 0xffff, 0xffff, 0xffff, 
	0xffff, 0xffff, 0xffff, 0xffff, 0xffff, 0xffff, 0xffff, 0xffff, 0xffff, 0xffff, 0xffff, 0xffff, 0xffff, 0xffff, 0xffff, 0xffff, 
	0xffff, 0xffff, 0xffff, 0xffff, 0xffff, 0xffff, 0xffff, 0xffff, 0xffff, 0xffff, 0xffff, 0xffff, 0xffff, 0xffff, 0xffff, 0xffff, 
	0xffff, 0xffff, 0xffff, 0xffff
};

const uint16_t sqonebuttonD[] PROGMEM = {
	0xffff, 0xffff, 0xffff, 0xffff, 0xffff, 0xffff, 0xffff, 0xffff, 0xffff, 0xffff, 0xffff, 0xffff, 0xffff, 0xffff, 0xffff, 0xffff, 
	0xffff, 0xffff, 0xffff, 0xffff, 0xffff, 0xffff, 0xffff, 0xffff, 0xffff, 0xffff, 0xffff, 0xffff, 0xffff, 0xffff, 0xffff, 0xffff, 
	0xffff, 0xffff, 0xffff, 0xffff, 0xffff, 0xffff, 0xffff, 0xffff, 0xffff, 0xffff, 0xffff, 0xffff, 0xffff, 0xffff, 0xffff, 0xffff, 
	0xffff, 0xffff, 0xffff, 0xffff, 0xffff, 0xffff, 0xffff, 0x0000, 0x0000, 0x0000, 0x0000, 0x0000, 0x0000, 0x0000, 0x0000, 0x0000, 
	0x0000, 0x0000, 0x0000, 0x0000, 0x0000, 0x0000, 0x0000, 0x0000, 0x0000, 0x0000, 0x0000, 0x0000, 0x0000, 0x0000, 0x0000, 0x0000, 
	0x0000, 0x0000, 0x0000, 0x0000, 0x0000, 0x0000, 0x0000, 0x0000, 0x0000, 0x0000, 0x0000, 0x0000, 0x0000, 0x0000, 0x0000, 0x0000, 
	0x0000, 0x0000, 0x0000, 0x0000, 0x0000, 0x0000, 0x0000, 0x0000, 0x0000, 0x0000, 0x0000, 0xffff, 0xffff, 0x0000, 0x0000, 0x0000, 
	0x0000, 0x0000, 0x0000, 0x0000, 0x0000, 0x0000, 0x0000, 0x0000, 0x0000, 0x0000, 0x0000, 0x0000, 0x0000, 0x0000, 0x0000, 0x0000, 
	0x0000, 0x0000, 0x0000, 0x0000, 0x0000, 0x0000, 0x0000, 0x0000, 0x0000, 0x0000, 0x0000, 0x0000, 0x0000, 0x0000, 0x0000, 0x0000, 
	0x0000, 0x0000, 0x0000, 0x0000, 0x0000, 0x0000, 0x0000, 0x0000, 0x0000, 0x0000, 0x0000, 0x0000, 0x0000, 0x0000, 0x0000, 0x0000, 
	0x0000, 0xffff, 0xffff, 0x0000, 0x0000, 0x6d1f, 0x6d1f, 0x6d1f, 0x6d1f, 0x6d1f, 0x6d1f, 0x6d1f, 0x6d1f, 0x6d1f, 0x6d1f, 0x6d1f, 
	0x6d1f, 0x6d1f, 0x6d1f, 0x6d1f, 0x6d1f, 0x6d1f, 0x0000, 0x0000, 0x9e1f, 0x9e1f, 0x9e1f, 0x9e1f, 0x9e1f, 0x9e1f, 0x9e1f, 0x9e1f, 
	0x9e1f, 0x9e1f, 0x0000, 0x0000, 0x6d1f, 0x6d1f, 0x6d1f, 0x6d1f, 0x6d1f, 0x6d1f, 0x6d1f, 0x6d1f, 0x6d1f, 0x6d1f, 0x6d1f, 0x6d1f, 
	0x6d1f, 0x6d1f, 0x6d1f, 0x6d1f, 0x6d1f, 0x0000, 0x0000, 0xffff, 0xffff, 0x0000, 0x0000, 0x6d1f, 0x6d1f, 0x6d1f, 0x6d1f, 0x6d1f, 
	0x6d1f, 0x6d1f, 0x6d1f, 0x6d1f, 0x6d1f, 0x6d1f, 0x6d1f, 0x6d1f, 0x6d1f, 0x6d1f, 0x6d1f, 0x6d1f, 0x0000, 0x0000, 0x0000, 0x9e1f, 
	0x9e1f, 0x9e1f, 0x9e1f, 0x9e1f, 0x9e1f, 0x9e1f, 0x9e1f, 0x0000, 0x0000, 0x0000, 0x6d1f, 0x6d1f, 0x6d1f, 0x6d1f, 0x6d1f, 0x6d1f, 
	0x6d1f, 0x6d1f, 0x6d1f, 0x6d1f, 0x6d1f, 0x6d1f, 0x6d1f, 0x6d1f, 0x6d1f, 0x6d1f, 0x6d1f, 0x0000, 0x0000, 0xffff, 0xffff, 0x0000, 
	0x0000, 0x6d1f, 0x6d1f, 0x6d1f, 0x6d1f, 0x6d1f, 0x6d1f, 0x6d1f, 0x6d1f, 0x6d1f, 0x6d1f, 0x6d1f, 0x6d1f, 0x6d1f, 0x6d1f, 0x6d1f, 
	0x6d1f, 0x6d1f, 0x0000, 0x0000, 0x0000, 0x9e1f, 0x9e1f, 0x9e1f, 0x9e1f, 0x9e1f, 0x9e1f, 0x9e1f, 0x9e1f, 0x0000, 0x0000, 0x0000, 
	0x6d1f, 0x6d1f, 0x6d1f, 0x6d1f, 0x6d1f, 0x6d1f, 0x6d1f, 0x6d1f, 0x6d1f, 0x6d1f, 0x6d1f, 0x6d1f, 0x6d1f, 0x6d1f, 0x6d1f, 0x6d1f, 
	0x6d1f, 0x0000, 0x0000, 0xffff, 0xffff, 0x0000, 0x0000, 0x6d1f, 0x6d1f, 0x6d1f, 0x6d1f, 0x6d1f, 0x6d1f, 0x6d1f, 0x6d1f, 0x6d1f, 
	0x6d1f, 0x6d1f, 0x6d1f, 0x6d1f, 0x6d1f, 0x6d1f, 0x6d1f, 0x6d1f, 0x0000, 0x0000, 0x0000, 0x9e1f, 0x9e1f, 0x9e1f, 0x9e1f, 0x9e1f, 
	0x9e1f, 0x9e1f, 0x9e1f, 0x0000, 0x0000, 0x0000, 0x6d1f, 0x6d1f, 0x6d1f, 0x6d1f, 0x6d1f, 0x6d1f, 0x6d1f, 0x6d1f, 0x6d1f, 0x6d1f, 
	0x6d1f, 0x6d1f, 0x6d1f, 0x6d1f, 0x6d1f, 0x6d1f, 0x6d1f, 0x0000, 0x0000, 0xffff, 0xffff, 0x0000, 0x0000, 0x6d1f, 0x6d1f, 0x6d1f, 
	0x6d1f, 0x6d1f, 0x6d1f, 0x6d1f, 0x6d1f, 0x6d1f, 0x6d1f, 0x6d1f, 0x6d1f, 0x6d1f, 0x6d1f, 0x6d1f, 0x6d1f, 0x6d1f, 0x6d1f, 0x0000, 
	0x0000, 0x9e1f, 0x9e1f, 0x9e1f, 0x9e1f, 0x9e1f, 0x9e1f, 0x9e1f, 0x9e1f, 0x0000, 0x0000, 0x6d1f, 0x6d1f, 0x6d1f, 0x6d1f, 0x6d1f, 
	0x6d1f, 0x6d1f, 0x6d1f, 0x6d1f, 0x6d1f, 0x6d1f, 0x6d1f, 0x6d1f, 0x6d1f, 0x6d1f, 0x6d1f, 0x6d1f, 0x6d1f, 0x0000, 0x0000, 0xffff, 
	0xffff, 0x0000, 0x0000, 0x6d1f, 0x6d1f, 0x6d1f, 0x6d1f, 0x6d1f, 0x6d1f, 0x6d1f, 0x6d1f, 0x6d1f, 0x6d1f, 0x6d1f, 0x6d1f, 0x6d1f, 
	0x6d1f, 0x6d1f, 0x6d1f, 0x6d1f, 0x6d1f, 0x0000, 0x0000, 0x0000, 0x9e1f, 0x9e1f, 0x9e1f, 0x9e1f, 0x9e1f, 0x9e1f, 0x0000, 0x0000, 
	0x0000, 0x6d1f, 0x6d1f, 0x6d1f, 0x6d1f, 0x6d1f, 0x6d1f, 0x6d1f, 0x6d1f, 0x6d1f, 0x6d1f, 0x6d1f, 0x6d1f, 0x6d1f, 0x6d1f, 0x6d1f, 
	0x6d1f, 0x6d1f, 0x6d1f, 0x0000, 0x0000, 0xffff, 0xffff, 0x0000, 0x0000, 0x6d1f, 0x6d1f, 0x6d1f, 0x6d1f, 0x6d1f, 0x6d1f, 0x6d1f, 
	0x6d1f, 0x6d1f, 0x6d1f, 0x6d1f, 0x6d1f, 0x6d1f, 0x6d1f, 0x6d1f, 0x6d1f, 0x6d1f, 0x6d1f, 0x0000, 0x0000, 0x0000, 0x9e1f, 0x9e1f, 
	0x9e1f, 0x9e1f, 0x9e1f, 0x9e1f, 0x0000, 0x0000, 0x0000, 0x6d1f, 0x6d1f, 0x6d1f, 0x6d1f, 0x6d1f, 0x6d1f, 0x6d1f, 0x6d1f, 0x6d1f, 
	0x6d1f, 0x6d1f, 0x6d1f, 0x6d1f, 0x6d1f, 0x6d1f, 0x6d1f, 0x6d1f, 0x6d1f, 0x0000, 0x0000, 0xffff, 0xffff, 0x0000, 0x0000, 0x6d1f, 
	0x6d1f, 0x6d1f, 0x6d1f, 0x6d1f, 0x6d1f, 0x6d1f, 0x6d1f, 0x6d1f, 0x6d1f, 0x6d1f, 0x6d1f, 0x6d1f, 0x6d1f, 0x6d1f, 0x6d1f, 0x6d1f, 
	0x6d1f, 0x0000, 0x0000, 0x0000, 0x9e1f, 0x9e1f, 0x9e1f, 0x9e1f, 0x9e1f, 0x9e1f, 0x0000, 0x0000, 0x0000, 0x6d1f, 0x6d1f, 0x6d1f, 
	0x6d1f, 0x6d1f, 0x6d1f, 0x6d1f, 0x6d1f, 0x6d1f, 0x6d1f, 0x6d1f, 0x6d1f, 0x6d1f, 0x6d1f, 0x6d1f, 0x6d1f, 0x6d1f, 0x6d1f, 0x0000, 
	0x0000, 0xffff, 0xffff, 0x0000, 0x0000, 0x6d1f, 0x6d1f, 0x6d1f, 0x6d1f, 0x6d1f, 0x6d1f, 0x6d1f, 0x6d1f, 0x6d1f, 0x6d1f, 0x6d1f, 
	0x6d1f, 0x6d1f, 0x6d1f, 0x6d1f, 0x6d1f, 0x6d1f, 0x6d1f, 0x6d1f, 0x0000, 0x0000, 0x9e1f, 0x9e1f, 0x9e1f, 0x9e1f, 0x9e1f, 0x9e1f, 
	0x0000, 0x0000, 0x6d1f, 0x6d1f, 0x6d1f, 0x6d1f, 0x6d1f, 0x6d1f, 0x6d1f, 0x6d1f, 0x6d1f, 0x6d1f, 0x6d1f, 0x6d1f, 0x6d1f, 0x6d1f, 
	0x6d1f, 0x6d1f, 0x6d1f, 0x6d1f, 0x6d1f, 0x0000, 0x0000, 0xffff, 0xffff, 0x0000, 0x0000, 0x6d1f, 0x6d1f, 0x6d1f, 0x6d1f, 0x6d1f, 
	0x6d1f, 0x6d1f, 0x6d1f, 0x6d1f, 0x6d1f, 0x6d1f, 0x6d1f, 0x6d1f, 0x6d1f, 0x6d1f, 0x6d1f, 0x6d1f, 0x6d1f, 0x6d1f, 0x0000, 0x0000, 
	0x9e1f, 0x9e1f, 0x9e1f, 0x9e1f, 0x9e1f, 0x9e1f, 0x0000, 0x0000, 0x6d1f, 0x6d1f, 0x6d1f, 0x6d1f, 0x6d1f, 0x6d1f, 0x6d1f, 0x6d1f, 
	0x6d1f, 0x6d1f, 0x6d1f, 0x6d1f, 0x6d1f, 0x6d1f, 0x6d1f, 0x6d1f, 0x6d1f, 0x6d1f, 0x6d1f, 0x0000, 0x0000, 0xffff, 0xffff, 0x0000, 
	0x0000, 0x6d1f, 0x6d1f, 0x6d1f, 0x6d1f, 0x6d1f, 0x6d1f, 0x6d1f, 0x6d1f, 0x6d1f, 0x6d1f, 0x6d1f, 0x6d1f, 0x6d1f, 0x6d1f, 0x6d1f, 
	0x6d1f, 0x6d1f, 0x6d1f, 0x6d1f, 0x0000, 0x0000, 0x0000, 0x9e1f, 0x9e1f, 0x9e1f, 0x9e1f, 0x0000, 0x0000, 0x0000, 0x6d1f, 0x6d1f, 
	0x6d1f, 0x6d1f, 0x6d1f, 0x6d1f, 0x6d1f, 0x6d1f, 0x6d1f, 0x6d1f, 0x6d1f, 0x6d1f, 0x6d1f, 0x6d1f, 0x6d1f, 0x6d1f, 0x6d1f, 0x6d1f, 
	0x6d1f, 0x0000, 0x0000, 0xffff, 0xffff, 0x0000, 0x0000, 0x6d1f, 0x6d1f, 0x6d1f, 0x6d1f, 0x6d1f, 0x6d1f, 0x6d1f, 0x6d1f, 0x6d1f, 
	0x6d1f, 0x6d1f, 0x6d1f, 0x6d1f, 0x6d1f, 0x6d1f, 0x6d1f, 0x6d1f, 0x6d1f, 0x6d1f, 0x0000, 0x0000, 0x0000, 0x9e1f, 0x9e1f, 0x9e1f, 
	0x9e1f, 0x0000, 0x0000, 0x0000, 0x6d1f, 0x6d1f, 0x6d1f, 0x6d1f, 0x6d1f, 0x6d1f, 0x6d1f, 0x6d1f, 0x6d1f, 0x6d1f, 0x6d1f, 0x6d1f, 
	0x6d1f, 0x6d1f, 0x6d1f, 0x6d1f, 0x6d1f, 0x6d1f, 0x6d1f, 0x0000, 0x0000, 0xffff, 0xffff, 0x0000, 0x0000, 0x6d1f, 0x6d1f, 0x6d1f, 
	0x6d1f, 0x6d1f, 0x6d1f, 0x6d1f, 0x6d1f, 0x6d1f, 0x6d1f, 0x6d1f, 0x6d1f, 0x6d1f, 0x6d1f, 0x6d1f, 0x6d1f, 0x6d1f, 0x6d1f, 0x6d1f, 
	0x6d1f, 0x0000, 0x0000, 0x9e1f, 0x9e1f, 0x9e1f, 0x9e1f, 0x0000, 0x0000, 0x6d1f, 0x6d1f, 0x6d1f, 0x6d1f, 0x6d1f, 0x6d1f, 0x6d1f, 
	0x6d1f, 0x6d1f, 0x6d1f, 0x6d1f, 0x6d1f, 0x6d1f, 0x6d1f, 0x6d1f, 0x6d1f, 0x6d1f, 0x6d1f, 0x6d1f, 0x6d1f, 0x0000, 0x0000, 0xffff, 
	0xffff, 0x0000, 0x0000, 0x6d1f, 0x6d1f, 0x6d1f, 0x6d1f, 0x6d1f, 0x6d1f, 0x6d1f, 0x6d1f, 0x6d1f, 0x6d1f, 0x6d1f, 0x6d1f, 0x6d1f, 
	0x6d1f, 0x6d1f, 0x6d1f, 0x6d1f, 0x6d1f, 0x6d1f, 0x6d1f, 0x0000, 0x0000, 0x9e1f, 0x9e1f, 0x9e1f, 0x9e1f, 0x0000, 0x0000, 0x6d1f, 
	0x6d1f, 0x6d1f, 0x6d1f, 0x6d1f, 0x6d1f, 0x6d1f, 0x6d1f, 0x6d1f, 0x6d1f, 0x6d1f, 0x6d1f, 0x6d1f, 0x6d1f, 0x6d1f, 0x6d1f, 0x6d1f, 
	0x6d1f, 0x6d1f, 0x6d1f, 0x0000, 0x0000, 0xffff, 0xffff, 0x0000, 0x0000, 0x6d1f, 0x6d1f, 0x6d1f, 0x6d1f, 0x6d1f, 0x6d1f, 0x6d1f, 
	0x6d1f, 0x6d1f, 0x6d1f, 0x6d1f, 0x6d1f, 0x6d1f, 0x6d1f, 0x6d1f, 0x6d1f, 0x6d1f, 0x6d1f, 0x6d1f, 0x6d1f, 0x0000, 0x0000, 0x0000, 
	0x9e1f, 0x9e1f, 0x0000, 0x0000, 0x0000, 0x6d1f, 0x6d1f, 0x6d1f, 0x6d1f, 0x6d1f, 0x6d1f, 0x6d1f, 0x6d1f, 0x6d1f, 0x6d1f, 0x6d1f, 
	0x6d1f, 0x6d1f, 0x6d1f, 0x6d1f, 0x6d1f, 0x6d1f, 0x6d1f, 0x6d1f, 0x6d1f, 0x0000, 0x0000, 0xffff, 0xffff, 0x0000, 0x0000, 0x6d1f, 
	0x6d1f, 0x6d1f, 0x6d1f, 0x6d1f, 0x6d1f, 0x6d1f, 0x6d1f, 0x6d1f, 0x6d1f, 0x6d1f, 0x6d1f, 0x6d1f, 0x6d1f, 0x6d1f, 0x6d1f, 0x6d1f, 
	0x6d1f, 0x6d1f, 0x6d1f, 0x0000, 0x0000, 0x0000, 0x9e1f, 0x9e1f, 0x0000, 0x0000, 0x0000, 0x6d1f, 0x6d1f, 0x6d1f, 0x6d1f, 0x6d1f, 
	0x6d1f, 0x6d1f, 0x6d1f, 0x6d1f, 0x6d1f, 0x6d1f, 0x6d1f, 0x6d1f, 0x6d1f, 0x6d1f, 0x6d1f, 0x6d1f, 0x6d1f, 0x6d1f, 0x6d1f, 0x0000, 
	0x0000, 0xffff, 0xffff, 0x0000, 0x0000, 0x6d1f, 0x6d1f, 0x6d1f, 0x6d1f, 0x6d1f, 0x6d1f, 0x6d1f, 0x6d1f, 0x6d1f, 0x6d1f, 0x6d1f, 
	0x6d1f, 0x6d1f, 0x6d1f, 0x6d1f, 0x6d1f, 0x6d1f, 0x6d1f, 0x6d1f, 0x6d1f, 0x6d1f, 0x0000, 0x0000, 0x9e1f, 0x9e1f, 0x0000, 0x0000, 
	0x6d1f, 0x6d1f, 0x6d1f, 0x6d1f, 0x6d1f, 0x6d1f, 0x6d1f, 0x6d1f, 0x6d1f, 0x6d1f, 0x6d1f, 0x6d1f, 0x6d1f, 0x6d1f, 0x6d1f, 0x6d1f, 
	0x6d1f, 0x6d1f, 0x6d1f, 0x6d1f, 0x6d1f, 0x0000, 0x0000, 0xffff, 0xffff, 0x0000, 0x0000, 0x0000, 0x0000, 0x0000, 0x0000, 0x6d1f, 
	0x6d1f, 0x6d1f, 0x6d1f, 0x6d1f, 0x6d1f, 0x6d1f, 0x6d1f, 0x6d1f, 0x6d1f, 0x6d1f, 0x6d1f, 0x6d1f, 0x6d1f, 0x6d1f, 0x6d1f, 0x6d1f, 
	0x0000, 0x0000, 0x9e1f, 0x9e1f, 0x0000, 0x0000, 0x6d1f, 0x6d1f, 0x6d1f, 0x6d1f, 0x6d1f, 0x6d1f, 0x6d1f, 0x6d1f, 0x6d1f, 0x6d1f, 
	0x6d1f, 0x6d1f, 0x6d1f, 0x6d1f, 0x6d1f, 0x6d1f, 0x6d1f, 0x0000, 0x0000, 0x0000, 0x0000, 0x0000, 0x0000, 0xffff, 0xffff, 0x0000, 
	0x0000, 0x0000, 0x0000, 0x0000, 0x0000, 0x0000, 0x0000, 0x0000, 0x0000, 0x6d1f, 0x6d1f, 0x6d1f, 0x6d1f, 0x6d1f, 0x6d1f, 0x6d1f, 
	0x6d1f, 0x6d1f, 0x6d1f, 0x6d1f, 0x6d1f, 0x6d1f, 0x0000, 0x0000, 0x9e1f, 0x9e1f, 0x0000, 0x0000, 0x6d1f, 0x6d1f, 0x6d1f, 0x6d1f, 
	0x6d1f, 0x6d1f, 0x6d1f, 0x6d1f, 0x6d1f, 0x6d1f, 0x6d1f, 0x6d1f, 0x6d1f, 0x0000, 0x0000, 0x0000, 0x0000, 0x0000, 0x0000, 0x0000, 
	0x0000, 0x0000, 0x0000, 0xffff, 0xffff, 0x0000, 0x0000, 0x9e1f, 0x0000, 0x0000, 0x0000, 0x0000, 0x0000, 0x0000, 0x0000, 0x0000, 
	0x0000, 0x0000, 0x0000, 0x6d1f, 0x6d1f, 0x6d1f, 0x6d1f, 0x6d1f, 0x6d1f, 0x6d1f, 0x6d1f, 0x6d1f, 0x0000, 0x0000, 0x0000, 0x0000, 
	0x0000, 0x0000, 0x6d1f, 0x6d1f, 0x6d1f, 0x6d1f, 0x6d1f, 0x6d1f, 0x6d1f, 0x6d1f, 0x6d1f, 0x0000, 0x0000, 0x0000, 0x0000, 0x0000, 
	0x0000, 0x0000, 0x0000, 0x0000, 0x0000, 0x0000, 0x9e1f, 0x0000, 0x0000, 0xffff, 0xffff, 0x0000, 0x0000, 0x9e1f, 0x9e1f, 0x9e1f, 
	0x9e1f, 0x9e1f, 0x0000, 0x0000, 0x0000, 0x0000, 0x0000, 0x0000, 0x0000, 0x0000, 0x0000, 0x0000, 0x0000, 0x6d1f, 0x6d1f, 0x6d1f, 
	0x6d1f, 0x6d1f, 0x0000, 0x0000, 0x0000, 0x0000, 0x0000, 0x0000, 0x6d1f, 0x6d1f, 0x6d1f, 0x6d1f, 0x6d1f, 0x0000, 0x0000, 0x0000, 
	0x0000, 0x0000, 0x0000, 0x0000, 0x0000, 0x0000, 0x0000, 0x0000, 0x9e1f, 0x9e1f, 0x9e1f, 0x9e1f, 0x9e1f, 0x0000, 0x0000, 0xffff, 
	0xffff, 0x0000, 0x0000, 0x9e1f, 0x9e1f, 0x9e1f, 0x9e1f, 0x9e1f, 0x9e1f, 0x9e1f, 0x9e1f, 0x9e1f, 0x9e1f, 0x0000, 0x0000, 0x0000, 
	0x0000, 0x0000, 0x0000, 0x0000, 0x0000, 0x0000, 0x0000, 0x0000, 0x0000, 0x0000, 0x0000, 0x0000, 0x0000, 0x0000, 0x0000, 0x0000, 
	0x0000, 0x0000, 0x0000, 0x0000, 0x0000, 0x0000, 0x0000, 0x0000, 0x0000, 0x9e1f, 0x9e1f, 0x9e1f, 0x9e1f, 0x9e1f, 0x9e1f, 0x9e1f, 
	0x9e1f, 0x9e1f, 0x9e1f, 0x0000, 0x0000, 0xffff, 0xffff, 0x0000, 0x0000, 0x9e1f, 0x9e1f, 0x9e1f, 0x9e1f, 0x9e1f, 0x9e1f, 0x9e1f, 
	0x9e1f, 0x9e1f, 0x9e1f, 0x9e1f, 0x9e1f, 0x9e1f, 0x9e1f, 0x0000, 0x0000, 0x0000, 0x0000, 0x0000, 0x0000, 0x0000, 0x0000, 0x0000, 
	0x0000, 0x0000, 0x0000, 0x0000, 0x0000, 0x0000, 0x0000, 0x0000, 0x0000, 0x0000, 0x0000, 0x9e1f, 0x9e1f, 0x9e1f, 0x9e1f, 0x9e1f, 
	0x9e1f, 0x9e1f, 0x9e1f, 0x9e1f, 0x9e1f, 0x9e1f, 0x9e1f, 0x9e1f, 0x9e1f, 0x0000, 0x0000, 0xffff, 0xffff, 0x0000, 0x0000, 0x9e1f, 
	0x9e1f, 0x9e1f, 0x9e1f, 0x9e1f, 0x9e1f, 0x9e1f, 0x9e1f, 0x9e1f, 0x9e1f, 0x9e1f, 0x9e1f, 0x9e1f, 0x9e1f, 0x9e1f, 0x9e1f, 0x9e1f, 
	0x9e1f, 0x9e1f, 0x0000, 0x0000, 0x0000, 0x0000, 0x0000, 0x0000, 0x0000, 0x0000, 0x0000, 0x0000, 0x9e1f, 0x9e1f, 0x9e1f, 0x9e1f, 
	0x9e1f, 0x9e1f, 0x9e1f, 0x9e1f, 0x9e1f, 0x9e1f, 0x9e1f, 0x9e1f, 0x9e1f, 0x9e1f, 0x9e1f, 0x9e1f, 0x9e1f, 0x9e1f, 0x9e1f, 0x0000, 
	0x0000, 0xffff, 0xffff, 0x0000, 0x0000, 0x9e1f, 0x9e1f, 0x9e1f, 0x9e1f, 0x9e1f, 0x9e1f, 0x9e1f, 0x9e1f, 0x9e1f, 0x9e1f, 0x9e1f, 
	0x9e1f, 0x9e1f, 0x9e1f, 0x9e1f, 0x9e1f, 0x9e1f, 0x9e1f, 0x9e1f, 0x0000, 0x0000, 0x0000, 0x0000, 0x0000, 0x0000, 0x0000, 0x0000, 
	0x0000, 0x0000, 0x9e1f, 0x9e1f, 0x9e1f, 0x9e1f, 0x9e1f, 0x9e1f, 0x9e1f, 0x9e1f, 0x9e1f, 0x9e1f, 0x9e1f, 0x9e1f, 0x9e1f, 0x9e1f, 
	0x9e1f, 0x9e1f, 0x9e1f, 0x9e1f, 0x9e1f, 0x0000, 0x0000, 0xffff, 0xffff, 0x0000, 0x0000, 0x9e1f, 0x9e1f, 0x9e1f, 0x9e1f, 0x9e1f, 
	0x9e1f, 0x9e1f, 0x9e1f, 0x9e1f, 0x9e1f, 0x9e1f, 0x9e1f, 0x9e1f, 0x9e1f, 0x0000, 0x0000, 0x0000, 0x0000, 0x0000, 0x0000, 0x0000, 
	0x0000, 0x0000, 0x0000, 0x0000, 0x0000, 0x0000, 0x0000, 0x0000, 0x0000, 0x0000, 0x0000, 0x0000, 0x0000, 0x9e1f, 0x9e1f, 0x9e1f, 
	0x9e1f, 0x9e1f, 0x9e1f, 0x9e1f, 0x9e1f, 0x9e1f, 0x9e1f, 0x9e1f, 0x9e1f, 0x9e1f, 0x9e1f, 0x0000, 0x0000, 0xffff, 0xffff, 0x0000, 
	0x0000, 0x9e1f, 0x9e1f, 0x9e1f, 0x9e1f, 0x9e1f, 0x9e1f, 0x9e1f, 0x9e1f, 0x9e1f, 0x9e1f, 0x0000, 0x0000, 0x0000, 0x0000, 0x0000, 
	0x0000, 0x0000, 0x0000, 0x0000, 0x0000, 0x0000, 0x0000, 0x0000, 0x0000, 0x0000, 0x0000, 0x0000, 0x0000, 0x0000, 0x0000, 0x0000, 
	0x0000, 0x0000, 0x0000, 0x0000, 0x0000, 0x0000, 0x0000, 0x9e1f, 0x9e1f, 0x9e1f, 0x9e1f, 0x9e1f, 0x9e1f, 0x9e1f, 0x9e1f, 0x9e1f, 
	0x9e1f, 0x0000, 0x0000, 0xffff, 0xffff, 0x0000, 0x0000, 0x9e1f, 0x9e1f, 0x9e1f, 0x9e1f, 0x9e1f, 0x0000, 0x0000, 0x0000, 0x0000, 
	0x0000, 0x0000, 0x0000, 0x0000, 0x0000, 0x0000, 0x0000, 0x0000, 0x6d1f, 0x6d1f, 0x6d1f, 0x6d1f, 0x0000, 0x0000, 0x0000, 0x0000, 
	0x0000, 0x0000, 0x6d1f, 0x6d1f, 0x6d1f, 0x6d1f, 0x6d1f, 0x0000, 0x0000, 0x0000, 0x0000, 0x0000, 0x0000, 0x0000, 0x0000, 0x0000, 
	0x0000, 0x0000, 0x9e1f, 0x9e1f, 0x9e1f, 0x9e1f, 0x9e1f, 0x0000, 0x0000, 0xffff, 0xffff, 0x0000, 0x0000, 0x9e1f, 0x0000, 0x0000, 
	0x0000, 0x0000, 0x0000, 0x0000, 0x0000, 0x0000, 0x0000, 0x0000, 0x0000, 0x6d1f, 0x6d1f, 0x6d1f, 0x6d1f, 0x6d1f, 0x6d1f, 0x6d1f, 
	0x6d1f, 0x6d1f, 0x0000, 0x0000, 0x0000, 0x0000, 0x0000, 0x0000, 0x6d1f, 0x6d1f, 0x6d1f, 0x6d1f, 0x6d1f, 0x6d1f, 0x6d1f, 0x6d1f, 
	0x6d1f, 0x0000, 0x0000, 0x0000, 0x0000, 0x0000, 0x0000, 0x0000, 0x0000, 0x0000, 0x0000, 0x0000, 0x9e1f, 0x0000, 0x0000, 0xffff, 
	0xffff, 0x0000, 0x0000, 0x0000, 0x0000, 0x0000, 0x0000, 0x0000, 0x0000, 0x0000, 0x0000, 0x6d1f, 0x6d1f, 0x6d1f, 0x6d1f, 0x6d1f, 
	0x6d1f, 0x6d1f, 0x6d1f, 0x6d1f, 0x6d1f, 0x6d1f, 0x6d1f, 0x6d1f, 0x0000, 0x0000, 0x9e1f, 0x9e1f, 0x0000, 0x0000, 0x6d1f, 0x6d1f, 
	0x6d1f, 0x6d1f, 0x6d1f, 0x6d1f, 0x6d1f, 0x6d1f, 0x6d1f, 0x6d1f, 0x6d1f, 0x6d1f, 0x6d1f, 0x0000, 0x0000, 0x0000, 0x0000, 0x0000, 
	0x0000, 0x0000, 0x0000, 0x0000, 0x0000, 0xffff, 0xffff, 0x0000, 0x0000, 0x0000, 0x0000, 0x0000, 0x0000, 0x6d1f, 0x6d1f, 0x6d1f, 
	0x6d1f, 0x6d1f, 0x6d1f, 0x6d1f, 0x6d1f, 0x6d1f, 0x6d1f, 0x6d1f, 0x6d1f, 0x6d1f, 0x6d1f, 0x6d1f, 0x6d1f, 0x6d1f, 0x0000, 0x0000, 
	0x9e1f, 0x9e1f, 0x0000, 0x0000, 0x6d1f, 0x6d1f, 0x6d1f, 0x6d1f, 0x6d1f, 0x6d1f, 0x6d1f, 0x6d1f, 0x6d1f, 0x6d1f, 0x6d1f, 0x6d1f, 
	0x6d1f, 0x6d1f, 0x6d1f, 0x6d1f, 0x6d1f, 0x0000, 0x0000, 0x0000, 0x0000, 0x0000, 0x0000, 0xffff, 0xffff, 0x0000, 0x0000, 0x6d1f, 
	0x6d1f, 0x6d1f, 0x6d1f, 0x6d1f, 0x6d1f, 0x6d1f, 0x6d1f, 0x6d1f, 0x6d1f, 0x6d1f, 0x6d1f, 0x6d1f, 0x6d1f, 0x6d1f, 0x6d1f, 0x6d1f, 
	0x6d1f, 0x6d1f, 0x6d1f, 0x6d1f, 0x0000, 0x0000, 0x9e1f, 0x9e1f, 0x0000, 0x0000, 0x6d1f, 0x6d1f, 0x6d1f, 0x6d1f, 0x6d1f, 0x6d1f, 
	0x6d1f, 0x6d1f, 0x6d1f, 0x6d1f, 0x6d1f, 0x6d1f, 0x6d1f, 0x6d1f, 0x6d1f, 0x6d1f, 0x6d1f, 0x6d1f, 0x6d1f, 0x6d1f, 0x6d1f, 0x0000, 
	0x0000, 0xffff, 0xffff, 0x0000, 0x0000, 0x6d1f, 0x6d1f, 0x6d1f, 0x6d1f, 0x6d1f, 0x6d1f, 0x6d1f, 0x6d1f, 0x6d1f, 0x6d1f, 0x6d1f, 
	0x6d1f, 0x6d1f, 0x6d1f, 0x6d1f, 0x6d1f, 0x6d1f, 0x6d1f, 0x6d1f, 0x6d1f, 0x0000, 0x0000, 0x0000, 0x9e1f, 0x9e1f, 0x0000, 0x0000, 
	0x0000, 0x6d1f, 0x6d1f, 0x6d1f, 0x6d1f, 0x6d1f, 0x6d1f, 0x6d1f, 0x6d1f, 0x6d1f, 0x6d1f, 0x6d1f, 0x6d1f, 0x6d1f, 0x6d1f, 0x6d1f, 
	0x6d1f, 0x6d1f, 0x6d1f, 0x6d1f, 0x6d1f, 0x0000, 0x0000, 0xffff, 0xffff, 0x0000, 0x0000, 0x6d1f, 0x6d1f, 0x6d1f, 0x6d1f, 0x6d1f, 
	0x6d1f, 0x6d1f, 0x6d1f, 0x6d1f, 0x6d1f, 0x6d1f, 0x6d1f, 0x6d1f, 0x6d1f, 0x6d1f, 0x6d1f, 0x6d1f, 0x6d1f, 0x6d1f, 0x6d1f, 0x0000, 
	0x0000, 0x0000, 0x9e1f, 0x9e1f, 0x0000, 0x0000, 0x0000, 0x6d1f, 0x6d1f, 0x6d1f, 0x6d1f, 0x6d1f, 0x6d1f, 0x6d1f, 0x6d1f, 0x6d1f, 
	0x6d1f, 0x6d1f, 0x6d1f, 0x6d1f, 0x6d1f, 0x6d1f, 0x6d1f, 0x6d1f, 0x6d1f, 0x6d1f, 0x6d1f, 0x0000, 0x0000, 0xffff, 0xffff, 0x0000, 
	0x0000, 0x6d1f, 0x6d1f, 0x6d1f, 0x6d1f, 0x6d1f, 0x6d1f, 0x6d1f, 0x6d1f, 0x6d1f, 0x6d1f, 0x6d1f, 0x6d1f, 0x6d1f, 0x6d1f, 0x6d1f, 
	0x6d1f, 0x6d1f, 0x6d1f, 0x6d1f, 0x6d1f, 0x0000, 0x0000, 0x9e1f, 0x9e1f, 0x9e1f, 0x9e1f, 0x0000, 0x0000, 0x6d1f, 0x6d1f, 0x6d1f, 
	0x6d1f, 0x6d1f, 0x6d1f, 0x6d1f, 0x6d1f, 0x6d1f, 0x6d1f, 0x6d1f, 0x6d1f, 0x6d1f, 0x6d1f, 0x6d1f, 0x6d1f, 0x6d1f, 0x6d1f, 0x6d1f, 
	0x6d1f, 0x0000, 0x0000, 0xffff, 0xffff, 0x0000, 0x0000, 0x6d1f, 0x6d1f, 0x6d1f, 0x6d1f, 0x6d1f, 0x6d1f, 0x6d1f, 0x6d1f, 0x6d1f, 
	0x6d1f, 0x6d1f, 0x6d1f, 0x6d1f, 0x6d1f, 0x6d1f, 0x6d1f, 0x6d1f, 0x6d1f, 0x6d1f, 0x6d1f, 0x0000, 0x0000, 0x9e1f, 0x9e1f, 0x9e1f, 
	0x9e1f, 0x0000, 0x0000, 0x6d1f, 0x6d1f, 0x6d1f, 0x6d1f, 0x6d1f, 0x6d1f, 0x6d1f, 0x6d1f, 0x6d1f, 0x6d1f, 0x6d1f, 0x6d1f, 0x6d1f, 
	0x6d1f, 0x6d1f, 0x6d1f, 0x6d1f, 0x6d1f, 0x6d1f, 0x6d1f, 0x0000, 0x0000, 0xffff, 0xffff, 0x0000, 0x0000, 0x6d1f, 0x6d1f, 0x6d1f, 
	0x6d1f, 0x6d1f, 0x6d1f, 0x6d1f, 0x6d1f, 0x6d1f, 0x6d1f, 0x6d1f, 0x6d1f, 0x6d1f, 0x6d1f, 0x6d1f, 0x6d1f, 0x6d1f, 0x6d1f, 0x6d1f, 
	0x0000, 0x0000, 0x0000, 0x9e1f, 0x9e1f, 0x9e1f, 0x9e1f, 0x0000, 0x0000, 0x0000, 0x6d1f, 0x6d1f, 0x6d1f, 0x6d1f, 0x6d1f, 0x6d1f, 
	0x6d1f, 0x6d1f, 0x6d1f, 0x6d1f, 0x6d1f, 0x6d1f, 0x6d1f, 0x6d1f, 0x6d1f, 0x6d1f, 0x6d1f, 0x6d1f, 0x6d1f, 0x0000, 0x0000, 0xffff, 
	0xffff, 0x0000, 0x0000, 0x6d1f, 0x6d1f, 0x6d1f, 0x6d1f, 0x6d1f, 0x6d1f, 0x6d1f, 0x6d1f, 0x6d1f, 0x6d1f, 0x6d1f, 0x6d1f, 0x6d1f, 
	0x6d1f, 0x6d1f, 0x6d1f, 0x6d1f, 0x6d1f, 0x6d1f, 0x0000, 0x0000, 0x0000, 0x9e1f, 0x9e1f, 0x9e1f, 0x9e1f, 0x0000, 0x0000, 0x0000, 
	0x6d1f, 0x6d1f, 0x6d1f, 0x6d1f, 0x6d1f, 0x6d1f, 0x6d1f, 0x6d1f, 0x6d1f, 0x6d1f, 0x6d1f, 0x6d1f, 0x6d1f, 0x6d1f, 0x6d1f, 0x6d1f, 
	0x6d1f, 0x6d1f, 0x6d1f, 0x0000, 0x0000, 0xffff, 0xffff, 0x0000, 0x0000, 0x6d1f, 0x6d1f, 0x6d1f, 0x6d1f, 0x6d1f, 0x6d1f, 0x6d1f, 
	0x6d1f, 0x6d1f, 0x6d1f, 0x6d1f, 0x6d1f, 0x6d1f, 0x6d1f, 0x6d1f, 0x6d1f, 0x6d1f, 0x6d1f, 0x6d1f, 0x0000, 0x0000, 0x9e1f, 0x9e1f, 
	0x9e1f, 0x9e1f, 0x9e1f, 0x9e1f, 0x0000, 0x0000, 0x6d1f, 0x6d1f, 0x6d1f, 0x6d1f, 0x6d1f, 0x6d1f, 0x6d1f, 0x6d1f, 0x6d1f, 0x6d1f, 
	0x6d1f, 0x6d1f, 0x6d1f, 0x6d1f, 0x6d1f, 0x6d1f, 0x6d1f, 0x6d1f, 0x6d1f, 0x0000, 0x0000, 0xffff, 0xffff, 0x0000, 0x0000, 0x6d1f, 
	0x6d1f, 0x6d1f, 0x6d1f, 0x6d1f, 0x6d1f, 0x6d1f, 0x6d1f, 0x6d1f, 0x6d1f, 0x6d1f, 0x6d1f, 0x6d1f, 0x6d1f, 0x6d1f, 0x6d1f, 0x6d1f, 
	0x6d1f, 0x6d1f, 0x0000, 0x0000, 0x9e1f, 0x9e1f, 0x9e1f, 0x9e1f, 0x9e1f, 0x9e1f, 0x0000, 0x0000, 0x6d1f, 0x6d1f, 0x6d1f, 0x6d1f, 
	0x6d1f, 0x6d1f, 0x6d1f, 0x6d1f, 0x6d1f, 0x6d1f, 0x6d1f, 0x6d1f, 0x6d1f, 0x6d1f, 0x6d1f, 0x6d1f, 0x6d1f, 0x6d1f, 0x6d1f, 0x0000, 
	0x0000, 0xffff, 0xffff, 0x0000, 0x0000, 0x6d1f, 0x6d1f, 0x6d1f, 0x6d1f, 0x6d1f, 0x6d1f, 0x6d1f, 0x6d1f, 0x6d1f, 0x6d1f, 0x6d1f, 
	0x6d1f, 0x6d1f, 0x6d1f, 0x6d1f, 0x6d1f, 0x6d1f, 0x6d1f, 0x0000, 0x0000, 0x0000, 0x9e1f, 0x9e1f, 0x9e1f, 0x9e1f, 0x9e1f, 0x9e1f, 
	0x0000, 0x0000, 0x0000, 0x6d1f, 0x6d1f, 0x6d1f, 0x6d1f, 0x6d1f, 0x6d1f, 0x6d1f, 0x6d1f, 0x6d1f, 0x6d1f, 0x6d1f, 0x6d1f, 0x6d1f, 
	0x6d1f, 0x6d1f, 0x6d1f, 0x6d1f, 0x6d1f, 0x0000, 0x0000, 0xffff, 0xffff, 0x0000, 0x0000, 0x6d1f, 0x6d1f, 0x6d1f, 0x6d1f, 0x6d1f, 
	0x6d1f, 0x6d1f, 0x6d1f, 0x6d1f, 0x6d1f, 0x6d1f, 0x6d1f, 0x6d1f, 0x6d1f, 0x6d1f, 0x6d1f, 0x6d1f, 0x6d1f, 0x0000, 0x0000, 0x0000, 
	0x9e1f, 0x9e1f, 0x9e1f, 0x9e1f, 0x9e1f, 0x9e1f, 0x0000, 0x0000, 0x0000, 0x6d1f, 0x6d1f, 0x6d1f, 0x6d1f, 0x6d1f, 0x6d1f, 0x6d1f, 
	0x6d1f, 0x6d1f, 0x6d1f, 0x6d1f, 0x6d1f, 0x6d1f, 0x6d1f, 0x6d1f, 0x6d1f, 0x6d1f, 0x6d1f, 0x0000, 0x0000, 0xffff, 0xffff, 0x0000, 
	0x0000, 0x6d1f, 0x6d1f, 0x6d1f, 0x6d1f, 0x6d1f, 0x6d1f, 0x6d1f, 0x6d1f, 0x6d1f, 0x6d1f, 0x6d1f, 0x6d1f, 0x6d1f, 0x6d1f, 0x6d1f, 
	0x6d1f, 0x6d1f, 0x6d1f, 0x0000, 0x0000, 0x0000, 0x9e1f, 0x9e1f, 0x9e1f, 0x9e1f, 0x9e1f, 0x9e1f, 0x0000, 0x0000, 0x0000, 0x6d1f, 
	0x6d1f, 0x6d1f, 0x6d1f, 0x6d1f, 0x6d1f, 0x6d1f, 0x6d1f, 0x6d1f, 0x6d1f, 0x6d1f, 0x6d1f, 0x6d1f, 0x6d1f, 0x6d1f, 0x6d1f, 0x6d1f, 
	0x6d1f, 0x0000, 0x0000, 0xffff, 0xffff, 0x0000, 0x0000, 0x6d1f, 0x6d1f, 0x6d1f, 0x6d1f, 0x6d1f, 0x6d1f, 0x6d1f, 0x6d1f, 0x6d1f, 
	0x6d1f, 0x6d1f, 0x6d1f, 0x6d1f, 0x6d1f, 0x6d1f, 0x6d1f, 0x6d1f, 0x6d1f, 0x0000, 0x0000, 0x9e1f, 0x9e1f, 0x9e1f, 0x9e1f, 0x9e1f, 
	0x9e1f, 0x9e1f, 0x9e1f, 0x0000, 0x0000, 0x6d1f, 0x6d1f, 0x6d1f, 0x6d1f, 0x6d1f, 0x6d1f, 0x6d1f, 0x6d1f, 0x6d1f, 0x6d1f, 0x6d1f, 
	0x6d1f, 0x6d1f, 0x6d1f, 0x6d1f, 0x6d1f, 0x6d1f, 0x6d1f, 0x0000, 0x0000, 0xffff, 0xffff, 0x0000, 0x0000, 0x6d1f, 0x6d1f, 0x6d1f, 
	0x6d1f, 0x6d1f, 0x6d1f, 0x6d1f, 0x6d1f, 0x6d1f, 0x6d1f, 0x6d1f, 0x6d1f, 0x6d1f, 0x6d1f, 0x6d1f, 0x6d1f, 0x6d1f, 0x0000, 0x0000, 
	0x0000, 0x9e1f, 0x9e1f, 0x9e1f, 0x9e1f, 0x9e1f, 0x9e1f, 0x9e1f, 0x9e1f, 0x0000, 0x0000, 0x0000, 0x6d1f, 0x6d1f, 0x6d1f, 0x6d1f, 
	0x6d1f, 0x6d1f, 0x6d1f, 0x6d1f, 0x6d1f, 0x6d1f, 0x6d1f, 0x6d1f, 0x6d1f, 0x6d1f, 0x6d1f, 0x6d1f, 0x6d1f, 0x0000, 0x0000, 0xffff, 
	0xffff, 0x0000, 0x0000, 0x6d1f, 0x6d1f, 0x6d1f, 0x6d1f, 0x6d1f, 0x6d1f, 0x6d1f, 0x6d1f, 0x6d1f, 0x6d1f, 0x6d1f, 0x6d1f, 0x6d1f, 
	0x6d1f, 0x6d1f, 0x6d1f, 0x6d1f, 0x0000, 0x0000, 0x0000, 0x9e1f, 0x9e1f, 0x9e1f, 0x9e1f, 0x9e1f, 0x9e1f, 0x9e1f, 0x9e1f, 0x0000, 
	0x0000, 0x0000, 0x6d1f, 0x6d1f, 0x6d1f, 0x6d1f, 0x6d1f, 0x6d1f, 0x6d1f, 0x6d1f, 0x6d1f, 0x6d1f, 0x6d1f, 0x6d1f, 0x6d1f, 0x6d1f, 
	0x6d1f, 0x6d1f, 0x6d1f, 0x0000, 0x0000, 0xffff, 0xffff, 0x0000, 0x0000, 0x6d1f, 0x6d1f, 0x6d1f, 0x6d1f, 0x6d1f, 0x6d1f, 0x6d1f, 
	0x6d1f, 0x6d1f, 0x6d1f, 0x6d1f, 0x6d1f, 0x6d1f, 0x6d1f, 0x6d1f, 0x6d1f, 0x6d1f, 0x0000, 0x0000, 0x0000, 0x9e1f, 0x9e1f, 0x9e1f, 
	0x9e1f, 0x9e1f, 0x9e1f, 0x9e1f, 0x9e1f, 0x0000, 0x0000, 0x0000, 0x6d1f, 0x6d1f, 0x6d1f, 0x6d1f, 0x6d1f, 0x6d1f, 0x6d1f, 0x6d1f, 
	0x6d1f, 0x6d1f, 0x6d1f, 0x6d1f, 0x6d1f, 0x6d1f, 0x6d1f, 0x6d1f, 0x6d1f, 0x0000, 0x0000, 0xffff, 0xffff, 0x0000, 0x0000, 0x6d1f, 
	0x6d1f, 0x6d1f, 0x6d1f, 0x6d1f, 0x6d1f, 0x6d1f, 0x6d1f, 0x6d1f, 0x6d1f, 0x6d1f, 0x6d1f, 0x6d1f, 0x6d1f, 0x6d1f, 0x6d1f, 0x6d1f, 
	0x0000, 0x0000, 0x9e1f, 0x9e1f, 0x9e1f, 0x9e1f, 0x9e1f, 0x9e1f, 0x9e1f, 0x9e1f, 0x9e1f, 0x9e1f, 0x0000, 0x0000, 0x6d1f, 0x6d1f, 
	0x6d1f, 0x6d1f, 0x6d1f, 0x6d1f, 0x6d1f, 0x6d1f, 0x6d1f, 0x6d1f, 0x6d1f, 0x6d1f, 0x6d1f, 0x6d1f, 0x6d1f, 0x6d1f, 0x6d1f, 0x0000, 
	0x0000, 0xffff, 0xffff, 0x0000, 0x0000, 0x0000, 0x0000, 0x0000, 0x0000, 0x0000, 0x0000, 0x0000, 0x0000, 0x0000, 0x0000, 0x0000, 
	0x0000, 0x0000, 0x0000, 0x0000, 0x0000, 0x0000, 0x0000, 0x0000, 0x0000, 0x0000, 0x0000, 0x0000, 0x0000, 0x0000, 0x0000, 0x0000, 
	0x0000, 0x0000, 0x0000, 0x0000, 0x0000, 0x0000, 0x0000, 0x0000, 0x0000, 0x0000, 0x0000, 0x0000, 0x0000, 0x0000, 0x0000, 0x0000, 
	0x0000, 0x0000, 0x0000, 0x0000, 0x0000, 0x0000, 0x0000, 0xffff, 0xffff, 0x0000, 0x0000, 0x0000, 0x0000, 0x0000, 0x0000, 0x0000, 
	0x0000, 0x0000, 0x0000, 0x0000, 0x0000, 0x0000, 0x0000, 0x0000, 0x0000, 0x0000, 0x0000, 0x0000, 0x0000, 0x0000, 0x0000, 0x0000, 
	0x0000, 0x0000, 0x0000, 0x0000, 0x0000, 0x0000, 0x0000, 0x0000, 0x0000, 0x0000, 0x0000, 0x0000, 0x0000, 0x0000, 0x0000, 0x0000, 
	0x0000, 0x0000, 0x0000, 0x0000, 0x0000, 0x0000, 0x0000, 0x0000, 0x0000, 0x0000, 0x0000, 0x0000, 0x0000, 0xffff, 0xffff, 0xffff, 
	0xffff, 0xffff, 0xffff, 0xffff, 0xffff, 0xffff, 0xffff, 0xffff, 0xffff, 0xffff, 0xffff, 0xffff, 0xffff, 0xffff, 0xffff, 0xffff, 
	0xffff, 0xffff, 0xffff, 0xffff, 0xffff, 0xffff, 0xffff, 0xffff, 0xffff, 0xffff, 0xffff, 0xffff, 0xffff, 0xffff, 0xffff, 0xffff, 
	0xffff, 0xffff, 0xffff, 0xffff, 0xffff, 0xffff, 0xffff, 0xffff, 0xffff, 0xffff, 0xffff, 0xffff, 0xffff, 0xffff, 0xffff, 0xffff, 
	0xffff, 0xffff, 0xffff, 0xffff
};

const uint16_t ohbuttonD[] PROGMEM = {
	0xffff, 0xffff, 0xffff, 0xffff, 0xffff, 0xffff, 0xffff, 0xffff, 0xffff, 0xffff, 0xffff, 0xffff, 0xffff, 0xffff, 0xffff, 0xffff, 
	0xffff, 0xffff, 0xffff, 0xffff, 0xffff, 0xffff, 0xffff, 0xffff, 0xffff, 0xffff, 0xffff, 0xffff, 0xffff, 0xffff, 0xffff, 0xffff, 
	0xffff, 0xffff, 0xffff, 0xffff, 0xffff, 0xffff, 0xffff, 0xffff, 0xffff, 0xffff, 0xffff, 0xffff, 0xffff, 0xffff, 0xffff, 0xffff, 
	0xffff, 0xffff, 0xffff, 0xffff, 0xffff, 0xffff, 0xffff, 0x0000, 0x0000, 0x0000, 0x0000, 0x0000, 0x0000, 0x0000, 0x0000, 0x0000, 
	0x0000, 0x0000, 0x0000, 0x0000, 0x0000, 0x0000, 0x0000, 0x0000, 0x0000, 0x0000, 0x0000, 0x0000, 0x0000, 0x0000, 0x0000, 0x0000, 
	0x0000, 0x0000, 0x0000, 0x0000, 0x0000, 0x0000, 0x0000, 0x0000, 0x0000, 0x0000, 0x0000, 0x0000, 0x0000, 0x0000, 0x0000, 0x0000, 
	0x0000, 0x0000, 0x0000, 0x0000, 0x0000, 0x0000, 0x0000, 0x0000, 0x0000, 0x0000, 0x0000, 0xffff, 0xffff, 0x0000, 0x0000, 0x0000, 
	0x0000, 0x0000, 0x0000, 0x0000, 0x0000, 0x0000, 0x0000, 0x0000, 0x0000, 0x0000, 0x0000, 0x0000, 0x0000, 0x0000, 0x0000, 0x0000, 
	0x0000, 0x0000, 0x0000, 0x0000, 0x0000, 0x0000, 0x0000, 0x0000, 0x0000, 0x0000, 0x0000, 0x0000, 0x0000, 0x0000, 0x0000, 0x0000, 
	0x0000, 0x0000, 0x0000, 0x0000, 0x0000, 0x0000, 0x0000, 0x0000, 0x0000, 0x0000, 0x0000, 0x0000, 0x0000, 0x0000, 0x0000, 0x0000, 
	0x0000, 0xffff, 0xffff, 0x0000, 0x0000, 0x0000, 0x0000, 0x0000, 0x0000, 0x0000, 0x0000, 0x0000, 0x0000, 0x0000, 0x0000, 0x0000, 
	0x0000, 0x0000, 0x0000, 0x0000, 0x0000, 0x0000, 0x0000, 0x0000, 0x0000, 0x0000, 0x0000, 0x0000, 0x0000, 0x0000, 0x0000, 0x0000, 
	0x0000, 0x0000, 0x0000, 0x0000, 0x0000, 0x0000, 0x0000, 0x0000, 0x0000, 0x0000, 0x0000, 0x0000, 0x0000, 0x0000, 0x0000, 0x0000, 
	0x0000, 0x0000, 0x0000, 0x0000, 0x0000, 0x0000, 0x0000, 0xffff, 0xffff, 0x0000, 0x0000, 0x0000, 0x0000, 0x0000, 0x0000, 0x0000, 
	0x0000, 0x0000, 0x0000, 0x0000, 0x0000, 0x0000, 0x6d1f, 0x6d1f, 0x6d1f, 0x6d1f, 0x6d1f, 0x6d1f, 0x0000, 0x0000, 0x0000, 0x9e1f, 
	0x9e1f, 0x9e1f, 0x9e1f, 0x9e1f, 0x9e1f, 0x0000, 0x0000, 0x0000, 0x6d1f, 0x6d1f, 0x6d1f, 0x6d1f, 0x6d1f, 0x6d1f, 0x0000, 0x0000, 
	0x0000, 0x0000, 0x0000, 0x0000, 0x0000, 0x0000, 0x0000, 0x0000, 0x0000, 0x0000, 0x0000, 0x0000, 0x0000, 0xffff, 0xffff, 0x0000, 
	0x0000, 0x0000, 0x0000, 0x0000, 0x0000, 0x0000, 0x0000, 0x0000, 0x0000, 0x0000, 0x0000, 0x0000, 0x6d1f, 0x6d1f, 0x6d1f, 0x6d1f, 
	0x6d1f, 0x6d1f, 0x0000, 0x0000, 0x0000, 0x9e1f, 0x9e1f, 0x9e1f, 0x9e1f, 0x9e1f, 0x9e1f, 0x0000, 0x0000, 0x0000, 0x6d1f, 0x6d1f, 
	0x6d1f, 0x6d1f, 0x6d1f, 0x6d1f, 0x0000, 0x0000, 0x0000, 0x0000, 0x0000, 0x0000, 0x0000, 0x0000, 0x0000, 0x0000, 0x0000, 0x0000, 
	0x0000, 0x0000, 0x0000, 0xffff, 0xffff, 0x0000, 0x0000, 0x0000, 0x0000, 0x0000, 0x0000, 0x0000, 0x0000, 0x0000, 0x0000, 0x0000, 
	0x0000, 0x0000, 0x6d1f, 0x6d1f, 0x6d1f, 0x6d1f, 0x6d1f, 0x6d1f, 0x0000, 0x0000, 0x0000, 0x9e1f, 0x9e1f, 0x9e1f, 0x9e1f, 0x9e1f, 
	0x9e1f, 0x0000, 0x0000, 0x0000, 0x6d1f, 0x6d1f, 0x6d1f, 0x6d1f, 0x6d1f, 0x6d1f, 0x0000, 0x0000, 0x0000, 0x0000, 0x0000, 0x0000, 
	0x0000, 0x0000, 0x0000, 0x0000, 0x0000, 0x0000, 0x0000, 0x0000, 0x0000, 0xffff, 0xffff, 0x0000, 0x0000, 0x0000, 0x0000, 0x0000, 
	0x0000, 0x0000, 0x0000, 0x0000, 0x0000, 0x0000, 0x0000, 0x0000, 0x6d1f, 0x6d1f, 0x6d1f, 0x6d1f, 0x6d1f, 0x6d1f, 0x0000, 0x0000, 
	0x0000, 0x9e1f, 0x9e1f, 0x9e1f, 0x9e1f, 0x9e1f, 0x9e1f, 0x0000, 0x0000, 0x0000, 0x6d1f, 0x6d1f, 0x6d1f, 0x6d1f, 0x6d1f, 0x6d1f, 
	0x0000, 0x0000, 0x0000, 0x0000, 0x0000, 0x0000, 0x0000, 0x0000, 0x0000, 0x0000, 0x0000, 0x0000, 0x0000, 0x0000, 0x0000, 0xffff, 
	0xffff, 0x0000, 0x0000, 0x0000, 0x0000, 0x0000, 0x0000, 0x0000, 0x0000, 0x0000, 0x0000, 0x0000, 0x0000, 0x0000, 0x6d1f, 0x6d1f, 
	0x6d1f, 0x6d1f, 0x6d1f, 0x6d1f, 0x0000, 0x0000, 0x0000, 0x9e1f, 0x9e1f, 0x9e1f, 0x9e1f, 0x9e1f, 0x9e1f, 0x0000, 0x0000, 0x0000, 
	0x6d1f, 0x6d1f, 0x6d1f, 0x6d1f, 0x6d1f, 0x6d1f, 0x0000, 0x0000, 0x0000, 0x0000, 0x0000, 0x0000, 0x0000, 0x0000, 0x0000, 0x0000, 
	0x0000, 0x0000, 0x0000, 0x0000, 0x0000, 0xffff, 0xffff, 0x0000, 0x0000, 0x0000, 0x0000, 0x0000, 0x0000, 0x0000, 0x0000, 0x0000, 
	0x0000, 0x0000, 0x0000, 0x0000, 0x6d1f, 0x6d1f, 0x6d1f, 0x6d1f, 0x6d1f, 0x6d1f, 0x0000, 0x0000, 0x0000, 0x9e1f, 0x9e1f, 0x9e1f, 
	0x9e1f, 0x9e1f, 0x9e1f, 0x0000, 0x0000, 0x0000, 0x6d1f, 0x6d1f, 0x6d1f, 0x6d1f, 0x6d1f, 0x6d1f, 0x0000, 0x0000, 0x0000, 0x0000, 
	0x0000, 0x0000, 0x0000, 0x0000, 0x0000, 0x0000, 0x0000, 0x0000, 0x0000, 0x0000, 0x0000, 0xffff, 0xffff, 0x0000, 0x0000, 0x0000, 
	0x0000, 0x0000, 0x0000, 0x0000, 0x0000, 0x0000, 0x0000, 0x0000, 0x0000, 0x0000, 0x0000, 0x0000, 0x0000, 0x0000, 0x0000, 0x0000, 
	0x0000, 0x0000, 0x0000, 0x0000, 0x0000, 0x0000, 0x0000, 0x0000, 0x0000, 0x0000, 0x0000, 0x0000, 0x0000, 0x0000, 0x0000, 0x0000, 
	0x0000, 0x0000, 0x0000, 0x0000, 0x0000, 0x0000, 0x0000, 0x0000, 0x0000, 0x0000, 0x0000, 0x0000, 0x0000, 0x0000, 0x0000, 0x0000, 
	0x0000, 0xffff, 0xffff, 0x0000, 0x0000, 0x0000, 0x0000, 0x0000, 0x0000, 0x0000, 0x0000, 0x0000, 0x0000, 0x0000, 0x0000, 0x0000, 
	0x0000, 0x0000, 0x0000, 0x0000, 0x0000, 0x0000, 0x0000, 0x0000, 0x0000, 0x0000, 0x0000, 0x0000, 0x0000, 0x0000, 0x0000, 0x0000, 
	0x0000, 0x0000, 0x0000, 0x0000, 0x0000, 0x0000, 0x0000, 0x0000, 0x0000, 0x0000, 0x0000, 0x0000, 0x0000, 0x0000, 0x0000, 0x0000, 
	0x0000, 0x0000, 0x0000, 0x0000, 0x0000, 0x0000, 0x0000, 0xffff, 0xffff, 0x0000, 0x0000, 0x0000, 0x0000, 0x0000, 0x0000, 0x0000, 
	0x0000, 0x0000, 0x0000, 0x0000, 0x0000, 0x0000, 0x0000, 0x0000, 0x0000, 0x0000, 0x0000, 0x0000, 0x0000, 0x0000, 0x0000, 0x0000, 
	0x0000, 0x0000, 0x0000, 0x0000, 0x0000, 0x0000, 0x0000, 0x0000, 0x0000, 0x0000, 0x0000, 0x0000, 0x0000, 0x0000, 0x0000, 0x0000, 
	0x0000, 0x0000, 0x0000, 0x0000, 0x0000, 0x0000, 0x0000, 0x0000, 0x0000, 0x0000, 0x0000, 0x0000, 0x0000, 0xffff, 0xffff, 0x0000, 
	0x0000, 0x0000, 0x0000, 0x0000, 0x0000, 0x0000, 0x0000, 0x0000, 0x0000, 0x0000, 0x0000, 0x0000, 0x9e1f, 0x9e1f, 0x9e1f, 0x9e1f, 
	0x9e1f, 0x9e1f, 0x0000, 0x0000, 0x0000, 0x6d1f, 0x6d1f, 0x6d1f, 0x6d1f, 0x6d1f, 0x6d1f, 0x0000, 0x0000, 0x0000, 0x9e1f, 0x9e1f, 
	0x9e1f, 0x9e1f, 0x9e1f, 0x9e1f, 0x0000, 0x0000, 0x0000, 0x0000, 0x0000, 0x0000, 0x0000, 0x0000, 0x0000, 0x0000, 0x0000, 0x0000, 
	0x0000, 0x0000, 0x0000, 0xffff, 0xffff, 0x0000, 0x0000, 0x0000, 0x0000, 0x0000, 0x0000, 0x0000, 0x0000, 0x0000, 0x0000, 0x0000, 
	0x0000, 0x0000, 0x9e1f, 0x9e1f, 0x9e1f, 0x9e1f, 0x9e1f, 0x9e1f, 0x0000, 0x0000, 0x0000, 0x6d1f, 0x6d1f, 0x6d1f, 0x6d1f, 0x6d1f, 
	0x6d1f, 0x0000, 0x0000, 0x0000, 0x9e1f, 0x9e1f, 0x9e1f, 0x9e1f, 0x9e1f, 0x9e1f, 0x0000, 0x0000, 0x0000, 0x0000, 0x0000, 0x0000, 
	0x0000, 0x0000, 0x0000, 0x0000, 0x0000, 0x0000, 0x0000, 0x0000, 0x0000, 0xffff, 0xffff, 0x0000, 0x0000, 0x0000, 0x0000, 0x0000, 
	0x0000, 0x0000, 0x0000, 0x0000, 0x0000, 0x0000, 0x0000, 0x0000, 0x9e1f, 0x9e1f, 0x9e1f, 0x9e1f, 0x9e1f, 0x9e1f, 0x0000, 0x0000, 
	0x0000, 0x6d1f, 0x6d1f, 0x6d1f, 0x6d1f, 0x6d1f, 0x6d1f, 0x0000, 0x0000, 0x0000, 0x9e1f, 0x9e1f, 0x9e1f, 0x9e1f, 0x9e1f, 0x9e1f, 
	0x0000, 0x0000, 0x0000, 0x0000, 0x0000, 0x0000, 0x0000, 0x0000, 0x0000, 0x0000, 0x0000, 0x0000, 0x0000, 0x0000, 0x0000, 0xffff, 
	0xffff, 0x0000, 0x0000, 0x0000, 0x0000, 0x0000, 0x0000, 0x0000, 0x0000, 0x0000, 0x0000, 0x0000, 0x0000, 0x0000, 0x9e1f, 0x9e1f, 
	0x9e1f, 0x9e1f, 0x9e1f, 0x9e1f, 0x0000, 0x0000, 0x0000, 0x6d1f, 0x6d1f, 0x6d1f, 0x6d1f, 0x6d1f, 0x6d1f, 0x0000, 0x0000, 0x0000, 
	0x9e1f, 0x9e1f, 0x9e1f, 0x9e1f, 0x9e1f, 0x9e1f, 0x0000, 0x0000, 0x0000, 0x0000, 0x0000, 0x0000, 0x0000, 0x0000, 0x0000, 0x0000, 
	0x0000, 0x0000, 0x0000, 0x0000, 0x0000, 0xffff, 0xffff, 0x0000, 0x0000, 0x0000, 0x0000, 0x0000, 0x0000, 0x0000, 0x0000, 0x0000, 
	0x0000, 0x0000, 0x0000, 0x0000, 0x9e1f, 0x9e1f, 0x9e1f, 0x9e1f, 0x9e1f, 0x9e1f, 0x0000, 0x0000, 0x0000, 0x6d1f, 0x6d1f, 0x6d1f, 
	0x6d1f, 0x6d1f, 0x6d1f, 0x0000, 0x0000, 0x0000, 0x9e1f, 0x9e1f, 0x9e1f, 0x9e1f, 0x9e1f, 0x9e1f, 0x0000, 0x0000, 0x0000, 0x0000, 
	0x0000, 0x0000, 0x0000, 0x0000, 0x0000, 0x0000, 0x0000, 0x0000, 0x0000, 0x0000, 0x0000, 0xffff, 0xffff, 0x0000, 0x0000, 0x0000, 
	0x0000, 0x0000, 0x0000, 0x0000, 0x0000, 0x0000, 0x0000, 0x0000, 0x0000, 0x0000, 0x9e1f, 0x9e1f, 0x9e1f, 0x9e1f, 0x9e1f, 0x9e1f, 
	0x0000, 0x0000, 0x0000, 0x6d1f, 0x6d1f, 0x6d1f, 0x6d1f, 0x6d1f, 0x6d1f, 0x0000, 0x0000, 0x0000, 0x9e1f, 0x9e1f, 0x9e1f, 0x9e1f, 
	0x9e1f, 0x9e1f, 0x0000, 0x0000, 0x0000, 0x0000, 0x0000, 0x0000, 0x0000, 0x0000, 0x0000, 0x0000, 0x0000, 0x0000, 0x0000, 0x0000, 
	0x0000, 0xffff, 0xffff, 0x0000, 0x0000, 0x0000, 0x0000, 0x0000, 0x0000, 0x0000, 0x0000, 0x0000, 0x0000, 0x0000, 0x0000, 0x0000, 
	0x0000, 0x0000, 0x0000, 0x0000, 0x0000, 0x0000, 0x0000, 0x0000, 0x0000, 0x0000, 0x0000, 0x0000, 0x0000, 0x0000, 0x0000, 0x0000, 
	0x0000, 0x0000, 0x0000, 0x0000, 0x0000, 0x0000, 0x0000, 0x0000, 0x0000, 0x0000, 0x0000, 0x0000, 0x0000, 0x0000, 0x0000, 0x0000, 
	0x0000, 0x0000, 0x0000, 0x0000, 0x0000, 0x0000, 0x0000, 0xffff, 0xffff, 0x0000, 0x0000, 0x0000, 0x0000, 0x0000, 0x0000, 0x0000, 
	0x0000, 0x0000, 0x0000, 0x0000, 0x0000, 0x0000, 0x0000, 0x0000, 0x0000, 0x0000, 0x0000, 0x0000, 0x0000, 0x0000, 0x0000, 0x0000, 
	0x0000, 0x0000, 0x0000, 0x0000, 0x0000, 0x0000, 0x0000, 0x0000, 0x0000, 0x0000, 0x0000, 0x0000, 0x0000, 0x0000, 0x0000, 0x0000, 
	0x0000, 0x0000, 0x0000, 0x0000, 0x0000, 0x0000, 0x0000, 0x0000, 0x0000, 0x0000, 0x0000, 0x0000, 0x0000, 0xffff, 0xffff, 0x0000, 
	0x0000, 0x0000, 0x0000, 0x0000, 0x0000, 0x0000, 0x0000, 0x0000, 0x0000, 0x0000, 0x0000, 0x0000, 0x0000, 0x0000, 0x0000, 0x0000, 
	0x0000, 0x0000, 0x0000, 0x0000, 0x0000, 0x0000, 0x0000, 0x0000, 0x0000, 0x0000, 0x0000, 0x0000, 0x0000, 0x0000, 0x0000, 0x0000, 
	0x0000, 0x0000, 0x0000, 0x0000, 0x0000, 0x0000, 0x0000, 0x0000, 0x0000, 0x0000, 0x0000, 0x0000, 0x0000, 0x0000, 0x0000, 0x0000, 
	0x0000, 0x0000, 0x0000, 0xffff, 0xffff, 0x0000, 0x0000, 0x0000, 0x0000, 0x0000, 0x0000, 0x0000, 0x0000, 0x0000, 0x0000, 0x0000, 
	0x0000, 0x0000, 0x6d1f, 0x6d1f, 0x6d1f, 0x6d1f, 0x6d1f, 0x6d1f, 0x0000, 0x0000, 0x0000, 0x9e1f, 0x9e1f, 0x9e1f, 0x9e1f, 0x9e1f, 
	0x9e1f, 0x0000, 0x0000, 0x0000, 0x6d1f, 0x6d1f, 0x6d1f, 0x6d1f, 0x6d1f, 0x6d1f, 0x0000, 0x0000, 0x0000, 0x0000, 0x0000, 0x0000, 
	0x0000, 0x0000, 0x0000, 0x0000, 0x0000, 0x0000, 0x0000, 0x0000, 0x0000, 0xffff, 0xffff, 0x0000, 0x0000, 0x0000, 0x0000, 0x0000, 
	0x0000, 0x0000, 0x0000, 0x0000, 0x0000, 0x0000, 0x0000, 0x0000, 0x6d1f, 0x6d1f, 0x6d1f, 0x6d1f, 0x6d1f, 0x6d1f, 0x0000, 0x0000, 
	0x0000, 0x9e1f, 0x9e1f, 0x9e1f, 0x9e1f, 0x9e1f, 0x9e1f, 0x0000, 0x0000, 0x0000, 0x6d1f, 0x6d1f, 0x6d1f, 0x6d1f, 0x6d1f, 0x6d1f, 
	0x0000, 0x0000, 0x0000, 0x0000, 0x0000, 0x0000, 0x0000, 0x0000, 0x0000, 0x0000, 0x0000, 0x0000, 0x0000, 0x0000, 0x0000, 0xffff, 
	0xffff, 0x0000, 0x0000, 0x0000, 0x0000, 0x0000, 0x0000, 0x0000, 0x0000, 0x0000, 0x0000, 0x0000, 0x0000, 0x0000, 0x6d1f, 0x6d1f, 
	0x6d1f, 0x6d1f, 0x6d1f, 0x6d1f, 0x0000, 0x0000, 0x0000, 0x9e1f, 0x9e1f, 0x9e1f, 0x9e1f, 0x9e1f, 0x9e1f, 0x0000, 0x0000, 0x0000, 
	0x6d1f, 0x6d1f, 0x6d1f, 0x6d1f, 0x6d1f, 0x6d1f, 0x0000, 0x0000, 0x0000, 0x0000, 0x0000, 0x0000, 0x0000, 0x0000, 0x0000, 0x0000, 
	0x0000, 0x0000, 0x0000, 0x0000, 0x0000, 0xffff, 0xffff, 0x0000, 0x0000, 0x0000, 0x0000, 0x0000, 0x0000, 0x0000, 0x0000, 0x0000, 
	0x0000, 0x0000, 0x0000, 0x0000, 0x6d1f, 0x6d1f, 0x6d1f, 0x6d1f, 0x6d1f, 0x6d1f, 0x0000, 0x0000, 0x0000, 0x9e1f, 0x9e1f, 0x9e1f, 
	0x9e1f, 0x9e1f, 0x9e1f, 0x0000, 0x0000, 0x0000, 0x6d1f, 0x6d1f, 0x6d1f, 0x6d1f, 0x6d1f, 0x6d1f, 0x0000, 0x0000, 0x0000, 0x0000, 
	0x0000, 0x0000, 0x0000, 0x0000, 0x0000, 0x0000, 0x0000, 0x0000, 0x0000, 0x0000, 0x0000, 0xffff, 0xffff, 0x0000, 0x0000, 0x0000, 
	0x0000, 0x0000, 0x0000, 0x0000, 0x0000, 0x0000, 0x0000, 0x0000, 0x0000, 0x0000, 0x6d1f, 0x6d1f, 0x6d1f, 0x6d1f, 0x6d1f, 0x6d1f, 
	0x0000, 0x0000, 0x0000, 0x9e1f, 0x9e1f, 0x9e1f, 0x9e1f, 0x9e1f, 0x9e1f, 0x0000, 0x0000, 0x0000, 0x6d1f, 0x6d1f, 0x6d1f, 0x6d1f, 
	0x6d1f, 0x6d1f, 0x0000, 0x0000, 0x0000, 0x0000, 0x0000, 0x0000, 0x0000, 0x0000, 0x0000, 0x0000, 0x0000, 0x0000, 0x0000, 0x0000, 
	0x0000, 0xffff, 0xffff, 0x0000, 0x0000, 0x0000, 0x0000, 0x0000, 0x0000, 0x0000, 0x0000, 0x0000, 0x0000, 0x0000, 0x0000, 0x0000, 
	0x6d1f, 0x6d1f, 0x6d1f, 0x6d1f, 0x6d1f, 0x6d1f, 0x0000, 0x0000, 0x0000, 0x9e1f, 0x9e1f, 0x9e1f, 0x9e1f, 0x9e1f, 0x9e1f, 0x0000, 
	0x0000, 0x0000, 0x6d1f, 0x6d1f, 0x6d1f, 0x6d1f, 0x6d1f, 0x6d1f, 0x0000, 0x0000, 0x0000, 0x0000, 0x0000, 0x0000, 0x0000, 0x0000, 
	0x0000, 0x0000, 0x0000, 0x0000, 0x0000, 0x0000, 0x0000, 0xffff, 0xffff, 0x0000, 0x0000, 0x0000, 0x0000, 0x0000, 0x0000, 0x6d1f, 
	0x6d1f, 0x6d1f, 0x0000, 0x0000, 0x0000, 0x0000, 0x0000, 0x0000, 0x0000, 0x0000, 0x0000, 0x0000, 0x0000, 0x0000, 0x0000, 0x0000, 
	0x0000, 0x0000, 0x0000, 0x0000, 0x0000, 0x0000, 0x0000, 0x0000, 0x0000, 0x0000, 0x0000, 0x0000, 0x0000, 0x0000, 0x0000, 0x0000, 
	0x0000, 0x0000, 0x0000, 0x0000, 0x0000, 0x0000, 0x0000, 0x0000, 0x0000, 0x0000, 0x0000, 0x0000, 0x0000, 0xffff, 0xffff, 0x0000, 
	0x0000, 0x0000, 0x0000, 0x0000, 0x0000, 0x6d1f, 0x6d1f, 0x6d1f, 0x6d1f, 0x0000, 0x0000, 0x0000, 0x0000, 0x0000, 0x0000, 0x0000, 
	0x0000, 0x0000, 0x0000, 0x0000, 0x0000, 0x0000, 0x0000, 0x0000, 0x0000, 0x0000, 0x0000, 0x0000, 0x0000, 0x0000, 0x0000, 0x0000, 
	0x0000, 0x0000, 0x0000, 0x0000, 0x0000, 0x0000, 0x0000, 0x0000, 0x0000, 0x0000, 0x0000, 0x0000, 0x0000, 0x0000, 0x0000, 0x0000, 
	0x0000, 0x0000, 0x0000, 0xffff, 0xffff, 0x0000, 0x0000, 0x0000, 0x0000, 0x0000, 0x0000, 0x6d1f, 0x6d1f, 0x6d1f, 0x6d1f, 0x6d1f, 
	0x0000, 0x0000, 0x0000, 0x0000, 0x0000, 0x0000, 0x0000, 0x0000, 0x0000, 0x6d1f, 0x6d1f, 0x6d1f, 0x6d1f, 0x6d1f, 0x6d1f, 0x6d1f, 
	0x6d1f, 0x6d1f, 0x6d1f, 0x6d1f, 0x6d1f, 0x6d1f, 0x6d1f, 0x0000, 0x0000, 0x0000, 0x0000, 0x0000, 0x0000, 0x0000, 0x0000, 0x0000, 
	0x0000, 0x0000, 0x0000, 0x0000, 0x0000, 0x0000, 0x0000, 0x0000, 0x0000, 0xffff, 0xffff, 0x0000, 0x0000, 0x0000, 0x0000, 0x0000, 
	0x0000, 0x6d1f, 0x6d1f, 0x6d1f, 0x6d1f, 0x6d1f, 0x6d1f, 0x0000, 0x0000, 0x0000, 0x0000, 0x0000, 0x0000, 0x0000, 0x6d1f, 0x6d1f, 
	0x6d1f, 0x6d1f, 0x6d1f, 0x6d1f, 0x6d1f, 0x6d1f, 0x6d1f, 0x6d1f, 0x6d1f, 0x6d1f, 0x6d1f, 0x6d1f, 0x6d1f, 0x6d1f, 0x6d1f, 0x0000, 
	0x0000, 0x0000, 0x0000, 0x0000, 0x0000, 0x0000, 0x0000, 0x0000, 0x0000, 0x0000, 0x0000, 0x0000, 0x0000, 0x0000, 0x0000, 0xffff, 
	0xffff, 0x0000, 0x0000, 0x0000, 0x0000, 0x0000, 0x0000, 0x0000, 0x6d1f, 0x6d1f, 0x6d1f, 0x6d1f, 0x6d1f, 0x6d1f, 0x6d1f, 0x0000, 
	0x0000, 0x0000, 0x0000, 0x6d1f, 0x6d1f, 0x6d1f, 0x6d1f, 0x6d1f, 0x6d1f, 0x6d1f, 0x6d1f, 0x6d1f, 0x6d1f, 0x6d1f, 0x6d1f, 0x6d1f, 
	0x6d1f, 0x6d1f, 0x6d1f, 0x6d1f, 0x6d1f, 0x6d1f, 0x0000, 0x0000, 0x0000, 0x0000, 0x0000, 0x0000, 0x0000, 0x0000, 0x0000, 0x0000, 
	0x0000, 0x0000, 0x0000, 0x0000, 0x0000, 0xffff, 0xffff, 0x0000, 0x0000, 0x0000, 0x0000, 0x0000, 0x0000, 0x0000, 0x0000, 0x6d1f, 
	0x6d1f, 0x6d1f, 0x6d1f, 0x6d1f, 0x6d1f, 0x6d1f, 0x0000, 0x0000, 0x0000, 0x6d1f, 0x6d1f, 0x6d1f, 0x6d1f, 0x6d1f, 0x6d1f, 0x6d1f, 
	0x6d1f, 0x6d1f, 0x6d1f, 0x6d1f, 0x6d1f, 0x6d1f, 0x6d1f, 0x6d1f, 0x6d1f, 0x6d1f, 0x6d1f, 0x6d1f, 0x6d1f, 0x0000, 0x0000, 0x0000, 
	0x0000, 0x0000, 0x0000, 0x0000, 0x0000, 0x0000, 0x0000, 0x0000, 0x0000, 0x0000, 0x0000, 0xffff, 0xffff, 0x0000, 0x0000, 0x0000, 
	0x0000, 0x0000, 0x0000, 0x0000, 0x0000, 0x0000, 0x6d1f, 0x6d1f, 0x6d1f, 0x6d1f, 0x6d1f, 0x6d1f, 0x6d1f, 0x0000, 0x0000, 0x0000, 
	0x6d1f, 0x6d1f, 0x6d1f, 0x6d1f, 0x6d1f, 0x6d1f, 0x6d1f, 0x6d1f, 0x6d1f, 0x6d1f, 0x6d1f, 0x6d1f, 0x6d1f, 0x6d1f, 0x6d1f, 0x6d1f, 
	0x6d1f, 0x6d1f, 0x6d1f, 0x6d1f, 0x0000, 0x0000, 0x0000, 0x0000, 0x0000, 0x0000, 0x0000, 0x0000, 0x0000, 0x0000, 0x0000, 0x0000, 
	0x0000, 0xffff, 0xffff, 0x0000, 0x0000, 0x0000, 0x0000, 0x0000, 0x0000, 0x0000, 0x0000, 0x0000, 0x0000, 0x6d1f, 0x6d1f, 0x6d1f, 
	0x6d1f, 0x6d1f, 0x6d1f, 0x6d1f, 0x0000, 0x0000, 0x0000, 0x0000, 0x0000, 0x0000, 0x0000, 0x0000, 0x0000, 0x0000, 0x0000, 0x0000, 
	0x0000, 0x0000, 0x6d1f, 0x6d1f, 0x6d1f, 0x6d1f, 0x6d1f, 0x6d1f, 0x6d1f, 0x6d1f, 0x6d1f, 0x0000, 0x0000, 0x0000, 0x0000, 0x0000, 
	0x0000, 0x0000, 0x0000, 0x0000, 0x0000, 0x0000, 0x0000, 0xffff, 0xffff, 0x0000, 0x0000, 0x0000, 0x0000, 0x0000, 0x0000, 0x0000, 
	0x0000, 0x0000, 0x0000, 0x0000, 0x6d1f, 0x6d1f, 0x6d1f, 0x6d1f, 0x6d1f, 0x6d1f, 0x6d1f, 0x6d1f, 0x6d1f, 0x6d1f, 0x6d1f, 0x6d1f, 
	0x6d1f, 0x6d1f, 0x6d1f, 0x6d1f, 0x6d1f, 0x6d1f, 0x6d1f, 0x6d1f, 0x6d1f, 0x6d1f, 0x6d1f, 0x6d1f, 0x6d1f, 0x6d1f, 0x6d1f, 0x6d1f, 
	0x6d1f, 0x6d1f, 0x0000, 0x0000, 0x0000, 0x0000, 0x0000, 0x0000, 0x0000, 0x0000, 0x0000, 0x0000, 0x0000, 0xffff, 0xffff, 0x0000, 
	0x0000, 0x0000, 0x0000, 0x0000, 0x0000, 0x0000, 0x0000, 0x0000, 0x0000, 0x0000, 0x0000, 0x6d1f, 0x6d1f, 0x6d1f, 0x6d1f, 0x6d1f, 
	0x6d1f, 0x6d1f, 0x6d1f, 0x6d1f, 0x6d1f, 0x6d1f, 0x6d1f, 0x6d1f, 0x6d1f, 0x6d1f, 0x6d1f, 0x6d1f, 0x6d1f, 0x6d1f, 0x6d1f, 0x6d1f, 
	0x6d1f, 0x6d1f, 0x6d1f, 0x6d1f, 0x6d1f, 0x6d1f, 0x6d1f, 0x6d1f, 0x6d1f, 0x0000, 0x0000, 0x0000, 0x0000, 0x0000, 0x0000, 0x0000, 
	0x0000, 0x0000, 0x0000, 0xffff, 0xffff, 0x0000, 0x0000, 0x0000, 0x0000, 0x0000, 0x0000, 0x0000, 0x0000, 0x0000, 0x0000, 0x0000, 
	0x0000, 0x0000, 0x6d1f, 0x6d1f, 0x6d1f, 0x6d1f, 0x6d1f, 0x6d1f, 0x6d1f, 0x6d1f, 0x6d1f, 0x6d1f, 0x6d1f, 0x6d1f, 0x6d1f, 0x6d1f, 
	0x6d1f, 0x6d1f, 0x6d1f, 0x6d1f, 0x6d1f, 0x6d1f, 0x6d1f, 0x6d1f, 0x6d1f, 0x6d1f, 0x6d1f, 0x6d1f, 0x6d1f, 0x6d1f, 0x6d1f, 0x6d1f, 
	0x0000, 0x0000, 0x0000, 0x0000, 0x0000, 0x0000, 0x0000, 0x0000, 0x0000, 0xffff, 0xffff, 0x0000, 0x0000, 0x0000, 0x0000, 0x0000, 
	0x0000, 0x0000, 0x0000, 0x0000, 0x0000, 0x0000, 0x0000, 0x0000, 0x0000, 0x6d1f, 0x6d1f, 0x6d1f, 0x6d1f, 0x6d1f, 0x6d1f, 0x6d1f, 
	0x6d1f, 0x6d1f, 0x6d1f, 0x6d1f, 0x6d1f, 0x6d1f, 0x6d1f, 0x6d1f, 0x6d1f, 0x6d1f, 0x6d1f, 0x6d1f, 0x6d1f, 0x6d1f, 0x6d1f, 0x6d1f, 
	0x6d1f, 0x6d1f, 0x6d1f, 0x6d1f, 0x6d1f, 0x6d1f, 0x6d1f, 0x0000, 0x0000, 0x0000, 0x0000, 0x0000, 0x0000, 0x0000, 0x0000, 0xffff, 
	0xffff, 0x0000, 0x0000, 0x0000, 0x0000, 0x0000, 0x0000, 0x0000, 0x0000, 0x0000, 0x0000, 0x0000, 0x0000, 0x0000, 0x0000, 0x0000, 
	0x6d1f, 0x6d1f, 0x6d1f, 0x6d1f, 0x6d1f, 0x6d1f, 0x6d1f, 0x6d1f, 0x6d1f, 0x6d1f, 0x6d1f, 0x6d1f, 0x6d1f, 0x6d1f, 0x6d1f, 0x6d1f, 
	0x6d1f, 0x6d1f, 0x6d1f, 0x6d1f, 0x6d1f, 0x6d1f, 0x6d1f, 0x6d1f, 0x6d1f, 0x6d1f, 0x6d1f, 0x6d1f, 0x6d1f, 0x6d1f, 0x0000, 0x0000, 
	0x0000, 0x0000, 0x0000, 0x0000, 0x0000, 0xffff, 0xffff, 0x0000, 0x0000, 0x0000, 0x0000, 0x0000, 0x0000, 0x0000, 0x0000, 0x0000, 
	0x0000, 0x0000, 0x0000, 0x0000, 0x0000, 0x0000, 0x0000, 0x6d1f, 0x6d1f, 0x6d1f, 0x6d1f, 0x6d1f, 0x6d1f, 0x6d1f, 0x6d1f, 0x6d1f, 
	0x6d1f, 0x6d1f, 0x6d1f, 0x6d1f, 0x6d1f, 0x6d1f, 0x6d1f, 0x6d1f, 0x6d1f, 0x6d1f, 0x6d1f, 0x6d1f, 0x6d1f, 0x6d1f, 0x6d1f, 0x6d1f, 
	0x6d1f, 0x6d1f, 0x6d1f, 0x6d1f, 0x6d1f, 0x0000, 0x0000, 0x0000, 0x0000, 0x0000, 0x0000, 0xffff, 0xffff, 0x0000, 0x0000, 0x0000, 
	0x0000, 0x0000, 0x0000, 0x0000, 0x0000, 0x0000, 0x0000, 0x0000, 0x0000, 0x0000, 0x0000, 0x0000, 0x0000, 0x0000, 0x6d1f, 0x6d1f, 
	0x6d1f, 0x6d1f, 0x6d1f, 0x6d1f, 0x6d1f, 0x6d1f, 0x6d1f, 0x6d1f, 0x6d1f, 0x6d1f, 0x6d1f, 0x6d1f, 0x6d1f, 0x6d1f, 0x6d1f, 0x6d1f, 
	0x6d1f, 0x6d1f, 0x6d1f, 0x6d1f, 0x6d1f, 0x6d1f, 0x6d1f, 0x6d1f, 0x6d1f, 0x6d1f, 0x6d1f, 0x0000, 0x0000, 0x0000, 0x0000, 0x0000, 
	0x0000, 0xffff, 0xffff, 0x0000, 0x0000, 0x0000, 0x0000, 0x0000, 0x0000, 0x0000, 0x0000, 0x0000, 0x0000, 0x0000, 0x0000, 0x0000, 
	0x0000, 0x0000, 0x0000, 0x0000, 0x0000, 0x0000, 0x0000, 0x0000, 0x0000, 0x0000, 0x0000, 0x0000, 0x0000, 0x0000, 0x0000, 0x0000, 
	0x0000, 0x0000, 0x0000, 0x0000, 0x0000, 0x0000, 0x0000, 0x0000, 0x0000, 0x0000, 0x6d1f, 0x6d1f, 0x6d1f, 0x6d1f, 0x6d1f, 0x6d1f, 
	0x6d1f, 0x0000, 0x0000, 0x0000, 0x0000, 0x0000, 0x0000, 0xffff, 0xffff, 0x0000, 0x0000, 0x0000, 0x0000, 0x0000, 0x0000, 0x0000, 
	0x0000, 0x0000, 0x0000, 0x0000, 0x0000, 0x0000, 0x0000, 0x0000, 0x0000, 0x0000, 0x0000, 0x0000, 0x0000, 0x0000, 0x0000, 0x0000, 
	0x0000, 0x0000, 0x0000, 0x0000, 0x0000, 0x0000, 0x0000, 0x0000, 0x0000, 0x0000, 0x0000, 0x0000, 0x0000, 0x0000, 0x0000, 0x0000, 
	0x0000, 0x6d1f, 0x6d1f, 0x6d1f, 0x6d1f, 0x6d1f, 0x6d1f, 0x0000, 0x0000, 0x0000, 0x0000, 0x0000, 0x0000, 0xffff, 0xffff, 0x0000, 
	0x0000, 0x0000, 0x0000, 0x0000, 0x0000, 0x0000, 0x0000, 0x0000, 0x0000, 0x0000, 0x0000, 0x0000, 0x0000, 0x0000, 0x0000, 0x0000, 
	0x0000, 0x0000, 0x0000, 0x0000, 0x0000, 0x0000, 0x0000, 0x0000, 0x0000, 0x0000, 0x0000, 0x0000, 0x0000, 0x0000, 0x0000, 0x0000, 
	0x0000, 0x0000, 0x0000, 0x0000, 0x0000, 0x0000, 0x0000, 0x0000, 0x6d1f, 0x6d1f, 0x6d1f, 0x6d1f, 0x6d1f, 0x0000, 0x0000, 0x0000, 
	0x0000, 0x0000, 0x0000, 0xffff, 0xffff, 0x0000, 0x0000, 0x0000, 0x0000, 0x0000, 0x0000, 0x0000, 0x0000, 0x0000, 0x0000, 0x0000, 
	0x0000, 0x0000, 0x0000, 0x0000, 0x0000, 0x0000, 0x0000, 0x0000, 0x0000, 0x0000, 0x0000, 0x0000, 0x0000, 0x0000, 0x0000, 0x0000, 
	0x0000, 0x0000, 0x0000, 0x0000, 0x0000, 0x0000, 0x0000, 0x0000, 0x0000, 0x0000, 0x0000, 0x0000, 0x0000, 0x0000, 0x0000, 0x6d1f, 
	0x6d1f, 0x6d1f, 0x6d1f, 0x0000, 0x0000, 0x0000, 0x0000, 0x0000, 0x0000, 0xffff, 0xffff, 0x0000, 0x0000, 0x0000, 0x0000, 0x0000, 
	0x0000, 0x0000, 0x0000, 0x0000, 0x0000, 0x0000, 0x0000, 0x0000, 0x0000, 0x0000, 0x0000, 0x0000, 0x0000, 0x0000, 0x0000, 0x0000, 
	0x0000, 0x0000, 0x0000, 0x0000, 0x0000, 0x0000, 0x0000, 0x0000, 0x0000, 0x0000, 0x0000, 0x0000, 0x0000, 0x0000, 0x0000, 0x0000, 
	0x0000, 0x0000, 0x0000, 0x0000, 0x0000, 0x0000, 0x6d1f, 0x6d1f, 0x6d1f, 0x0000, 0x0000, 0x0000, 0x0000, 0x0000, 0x0000, 0xffff, 
	0xffff, 0x0000, 0x0000, 0x0000, 0x0000, 0x0000, 0x0000, 0x0000, 0x0000, 0x0000, 0x0000, 0x0000, 0x0000, 0x0000, 0x0000, 0x0000, 
	0x0000, 0x0000, 0x0000, 0x0000, 0x0000, 0x0000, 0x0000, 0x0000, 0x0000, 0x0000, 0x0000, 0x0000, 0x0000, 0x0000, 0x0000, 0x0000, 
	0x0000, 0x0000, 0x0000, 0x0000, 0x0000, 0x0000, 0x0000, 0x0000, 0x0000, 0x0000, 0x0000, 0x0000, 0x0000, 0x6d1f, 0x6d1f, 0x0000, 
	0x0000, 0x0000, 0x0000, 0x0000, 0x0000, 0xffff, 0xffff, 0x0000, 0x0000, 0x0000, 0x0000, 0x0000, 0x0000, 0x0000, 0x0000, 0x0000, 
	0x0000, 0x0000, 0x0000, 0x0000, 0x0000, 0x0000, 0x0000, 0x0000, 0x0000, 0x0000, 0x0000, 0x0000, 0x0000, 0x0000, 0x0000, 0x0000, 
	0x0000, 0x0000, 0x0000, 0x0000, 0x0000, 0x0000, 0x0000, 0x0000, 0x0000, 0x0000, 0x0000, 0x0000, 0x0000, 0x0000, 0x0000, 0x0000, 
	0x0000, 0x0000, 0x0000, 0x0000, 0x6d1f, 0x0000, 0x0000, 0x0000, 0x0000, 0x0000, 0x0000, 0xffff, 0xffff, 0x0000, 0x0000, 0x0000, 
	0x0000, 0x0000, 0x0000, 0x0000, 0x0000, 0x0000, 0x0000, 0x0000, 0x0000, 0x0000, 0x0000, 0x0000, 0x0000, 0x0000, 0x0000, 0x0000, 
	0x0000, 0x0000, 0x0000, 0x0000, 0x0000, 0x0000, 0x0000, 0x0000, 0x0000, 0x0000, 0x0000, 0x0000, 0x0000, 0x0000, 0x0000, 0x0000, 
	0x0000, 0x0000, 0x0000, 0x0000, 0x0000, 0x0000, 0x0000, 0x0000, 0x0000, 0x0000, 0x0000, 0x0000, 0x0000, 0x0000, 0x0000, 0x0000, 
	0x0000, 0xffff, 0xffff, 0x0000, 0x0000, 0x0000, 0x0000, 0x0000, 0x0000, 0x0000, 0x0000, 0x0000, 0x0000, 0x0000, 0x0000, 0x0000, 
	0x0000, 0x0000, 0x0000, 0x0000, 0x0000, 0x0000, 0x0000, 0x0000, 0x0000, 0x0000, 0x0000, 0x0000, 0x0000, 0x0000, 0x0000, 0x0000, 
	0x0000, 0x0000, 0x0000, 0x0000, 0x0000, 0x0000, 0x0000, 0x0000, 0x0000, 0x0000, 0x0000, 0x0000, 0x0000, 0x0000, 0x0000, 0x0000, 
	0x0000, 0x0000, 0x0000, 0x0000, 0x0000, 0x0000, 0x0000, 0xffff, 0xffff, 0x0000, 0x0000, 0x0000, 0x0000, 0x0000, 0x0000, 0x0000, 
	0x0000, 0x0000, 0x0000, 0x0000, 0x0000, 0x0000, 0x0000, 0x0000, 0x0000, 0x0000, 0x0000, 0x0000, 0x0000, 0x0000, 0x0000, 0x0000, 
	0x0000, 0x0000, 0x0000, 0x0000, 0x0000, 0x0000, 0x0000, 0x0000, 0x0000, 0x0000, 0x0000, 0x0000, 0x0000, 0x0000, 0x0000, 0x0000, 
	0x0000, 0x0000, 0x0000, 0x0000, 0x0000, 0x0000, 0x0000, 0x0000, 0x0000, 0x0000, 0x0000, 0x0000, 0x0000, 0xffff, 0xffff, 0xffff, 
	0xffff, 0xffff, 0xffff, 0xffff, 0xffff, 0xffff, 0xffff, 0xffff, 0xffff, 0xffff, 0xffff, 0xffff, 0xffff, 0xffff, 0xffff, 0xffff, 
	0xffff, 0xffff, 0xffff, 0xffff, 0xffff, 0xffff, 0xffff, 0xffff, 0xffff, 0xffff, 0xffff, 0xffff, 0xffff, 0xffff, 0xffff, 0xffff, 
	0xffff, 0xffff, 0xffff, 0xffff, 0xffff, 0xffff, 0xffff, 0xffff, 0xffff, 0xffff, 0xffff, 0xffff, 0xffff, 0xffff, 0xffff, 0xffff, 
	0xffff, 0xffff, 0xffff, 0xffff
};

const uint16_t fourbldbuttonD[] PROGMEM = {
	0xffff, 0xffff, 0xffff, 0xffff, 0xffff, 0xffff, 0xffff, 0xffff, 0xffff, 0xffff, 0xffff, 0xffff, 0xffff, 0xffff, 0xffff, 0xffff, 
	0xffff, 0xffff, 0xffff, 0xffff, 0xffff, 0xffff, 0xffff, 0xffff, 0xffff, 0xffff, 0xffff, 0xffff, 0xffff, 0xffff, 0xffff, 0xffff, 
	0xffff, 0xffff, 0xffff, 0xffff, 0xffff, 0xffff, 0xffff, 0xffff, 0xffff, 0xffff, 0xffff, 0xffff, 0xffff, 0xffff, 0xffff, 0xffff, 
	0xffff, 0xffff, 0xffff, 0xffff, 0xffff, 0xffff, 0xffff, 0x0000, 0x0000, 0x0000, 0x0000, 0x0000, 0x0000, 0x0000, 0x0000, 0x0000, 
	0x0000, 0x0000, 0x0000, 0x0000, 0x0000, 0x0000, 0x0000, 0x0000, 0x0000, 0x0000, 0x0000, 0x0000, 0x0000, 0x0000, 0x0000, 0x0000, 
	0x0000, 0x0000, 0x0000, 0x0000, 0x0000, 0x0000, 0x0000, 0x0000, 0x0000, 0x0000, 0x0000, 0x0000, 0x0000, 0x0000, 0x0000, 0x0000, 
	0x0000, 0x0000, 0x0000, 0x0000, 0x0000, 0x0000, 0x0000, 0x0000, 0x0000, 0x0000, 0x0000, 0xffff, 0xffff, 0x0000, 0x0000, 0x0000, 
	0x0000, 0x0000, 0x0000, 0x0000, 0x0000, 0x0000, 0x0000, 0x0000, 0x0000, 0x0000, 0x0000, 0x0000, 0x0000, 0x0000, 0x0000, 0x0000, 
	0x0000, 0x0000, 0x0000, 0x0000, 0x0000, 0x0000, 0x0000, 0x0000, 0x0000, 0x0000, 0x0000, 0x0000, 0x0000, 0x0000, 0x0000, 0x0000, 
	0x0000, 0x0000, 0x0000, 0x0000, 0x0000, 0x0000, 0x0000, 0x0000, 0x0000, 0x0000, 0x0000, 0x0000, 0x0000, 0x0000, 0x0000, 0x0000, 
	0x0000, 0xffff, 0xffff, 0x0000, 0x0000, 0x0000, 0x0000, 0x0000, 0x0000, 0x0000, 0x0000, 0x0000, 0x0000, 0x0000, 0x0000, 0x0000, 
	0x0000, 0x0000, 0x0000, 0x0000, 0x0000, 0x0000, 0x0000, 0x0000, 0x0000, 0x0000, 0x0000, 0x0000, 0x0000, 0x0000, 0x0000, 0x0000, 
	0x0000, 0x0000, 0x0000, 0x0000, 0x0000, 0x0000, 0x0000, 0x0000, 0x0000, 0x0000, 0x0000, 0x0000, 0x0000, 0x0000, 0x0000, 0x0000, 
	0x0000, 0x0000, 0x0000, 0x0000, 0x0000, 0x0000, 0x0000, 0xffff, 0xffff, 0x0000, 0x0000, 0x0000, 0x0000, 0x6d1f, 0x6d1f, 0x6d1f, 
	0x6d1f, 0x6d1f, 0x6d1f, 0x6d1f, 0x6d1f, 0x6d1f, 0x6d1f, 0x0000, 0x0000, 0x0000, 0x0000, 0x0000, 0x0000, 0x0000, 0x0000, 0x0000, 
	0x0000, 0x0000, 0x0000, 0x0000, 0x0000, 0x0000, 0x0000, 0x0000, 0x0000, 0x0000, 0x0000, 0x0000, 0x0000, 0x6d1f, 0x6d1f, 0x6d1f, 
	0x6d1f, 0x0000, 0x0000, 0x0000, 0x0000, 0x0000, 0x0000, 0x0000, 0x0000, 0x0000, 0x0000, 0x0000, 0x0000, 0xffff, 0xffff, 0x0000, 
	0x0000, 0x0000, 0x0000, 0x6d1f, 0x6d1f, 0x6d1f, 0x6d1f, 0x6d1f, 0x6d1f, 0x6d1f, 0x6d1f, 0x6d1f, 0x6d1f, 0x0000, 0x0000, 0x0000, 
	0x0000, 0x0000, 0x0000, 0x0000, 0x0000, 0x0000, 0x0000, 0x0000, 0x0000, 0x0000, 0x0000, 0x0000, 0x0000, 0x0000, 0x0000, 0x6d1f, 
	0x6d1f, 0x6d1f, 0x6d1f, 0x6d1f, 0x6d1f, 0x6d1f, 0x6d1f, 0x6d1f, 0x6d1f, 0x6d1f, 0x6d1f, 0x6d1f, 0x0000, 0x0000, 0x0000, 0x0000, 
	0x0000, 0x0000, 0x0000, 0xffff, 0xffff, 0x0000, 0x0000, 0x0000, 0x0000, 0x6d1f, 0x6d1f, 0x6d1f, 0x6d1f, 0x6d1f, 0x6d1f, 0x6d1f, 
	0x6d1f, 0x6d1f, 0x6d1f, 0x0000, 0x0000, 0x0000, 0x0000, 0x0000, 0x0000, 0x0000, 0x0000, 0x0000, 0x0000, 0x0000, 0x0000, 0x0000, 
	0x0000, 0x0000, 0x0000, 0x6d1f, 0x6d1f, 0x6d1f, 0x6d1f, 0x6d1f, 0x6d1f, 0x6d1f, 0x6d1f, 0x6d1f, 0x6d1f, 0x6d1f, 0x6d1f, 0x6d1f, 
	0x6d1f, 0x6d1f, 0x6d1f, 0x6d1f, 0x0000, 0x0000, 0x0000, 0x0000, 0x0000, 0xffff, 0xffff, 0x0000, 0x0000, 0x0000, 0x0000, 0x6d1f, 
	0x6d1f, 0x6d1f, 0x6d1f, 0x6d1f, 0x6d1f, 0x6d1f, 0x6d1f, 0x6d1f, 0x6d1f, 0x0000, 0x0000, 0x0000, 0x0000, 0x0000, 0x0000, 0x0000, 
	0x0000, 0x0000, 0x0000, 0x0000, 0x0000, 0x0000, 0x0000, 0x0000, 0x6d1f, 0x6d1f, 0x6d1f, 0x6d1f, 0x6d1f, 0x6d1f, 0x6d1f, 0x6d1f, 
	0x6d1f, 0x6d1f, 0x6d1f, 0x6d1f, 0x6d1f, 0x6d1f, 0x6d1f, 0x6d1f, 0x6d1f, 0x6d1f, 0x0000, 0x0000, 0x0000, 0x0000, 0x0000, 0xffff, 
	0xffff, 0x0000, 0x0000, 0x0000, 0x0000, 0x6d1f, 0x6d1f, 0x6d1f, 0x6d1f, 0x6d1f, 0x6d1f, 0x6d1f, 0x6d1f, 0x6d1f, 0x6d1f, 0x0000, 
	0x0000, 0x0000, 0x0000, 0x0000, 0x0000, 0x0000, 0x0000, 0x0000, 0x0000, 0x0000, 0x0000, 0x0000, 0x0000, 0x6d1f, 0x6d1f, 0x6d1f, 
	0x6d1f, 0x6d1f, 0x6d1f, 0x6d1f, 0x6d1f, 0x6d1f, 0x6d1f, 0x6d1f, 0x6d1f, 0x6d1f, 0x6d1f, 0x6d1f, 0x6d1f, 0x6d1f, 0x6d1f, 0x6d1f, 
	0x6d1f, 0x0000, 0x0000, 0x0000, 0x0000, 0xffff, 0xffff, 0x0000, 0x0000, 0x0000, 0x0000, 0x6d1f, 0x6d1f, 0x6d1f, 0x6d1f, 0x6d1f, 
	0x6d1f, 0x6d1f, 0x6d1f, 0x6d1f, 0x6d1f, 0x0000, 0x0000, 0x0000, 0x0000, 0x0000, 0x0000, 0x0000, 0x0000, 0x0000, 0x0000, 0x0000, 
	0x0000, 0x0000, 0x6d1f, 0x6d1f, 0x6d1f, 0x6d1f, 0x6d1f, 0x6d1f, 0x6d1f, 0x6d1f, 0x6d1f, 0x6d1f, 0x6d1f, 0x6d1f, 0x6d1f, 0x6d1f, 
	0x6d1f, 0x6d1f, 0x6d1f, 0x6d1f, 0x6d1f, 0x6d1f, 0x6d1f, 0x0000, 0x0000, 0x0000, 0x0000, 0xffff, 0xffff, 0x0000, 0x0000, 0x0000, 
	0x0000, 0x6d1f, 0x6d1f, 0x6d1f, 0x6d1f, 0x6d1f, 0x6d1f, 0x6d1f, 0x6d1f, 0x6d1f, 0x6d1f, 0x0000, 0x0000, 0x0000, 0x0000, 0x0000, 
	0x0000, 0x0000, 0x0000, 0x0000, 0x0000, 0x0000, 0x0000, 0x0000, 0x6d1f, 0x6d1f, 0x6d1f, 0x6d1f, 0x6d1f, 0x6d1f, 0x6d1f, 0x6d1f, 
	0x6d1f, 0x6d1f, 0x6d1f, 0x6d1f, 0x6d1f, 0x6d1f, 0x6d1f, 0x6d1f, 0x6d1f, 0x6d1f, 0x6d1f, 0x6d1f, 0x6d1f, 0x0000, 0x0000, 0x0000, 
	0x0000, 0xffff, 0xffff, 0x0000, 0x0000, 0x0000, 0x0000, 0x6d1f, 0x6d1f, 0x6d1f, 0x6d1f, 0x6d1f, 0x6d1f, 0x6d1f, 0x6d1f, 0x6d1f, 
	0x6d1f, 0x0000, 0x0000, 0x0000, 0x0000, 0x0000, 0x0000, 0x0000, 0x0000, 0x0000, 0x0000, 0x0000, 0x0000, 0x0000, 0x6d1f, 0x6d1f, 
	0x6d1f, 0x6d1f, 0x6d1f, 0x6d1f, 0x6d1f, 0x6d1f, 0x6d1f, 0x6d1f, 0x6d1f, 0x6d1f, 0x6d1f, 0x6d1f, 0x6d1f, 0x6d1f, 0x6d1f, 0x6d1f, 
	0x6d1f, 0x6d1f, 0x6d1f, 0x0000, 0x0000, 0x0000, 0x0000, 0xffff, 0xffff, 0x0000, 0x0000, 0x0000, 0x0000, 0x6d1f, 0x6d1f, 0x6d1f, 
	0x6d1f, 0x6d1f, 0x6d1f, 0x6d1f, 0x6d1f, 0x6d1f, 0x6d1f, 0x0000, 0x0000, 0x0000, 0x0000, 0x0000, 0x0000, 0x0000, 0x0000, 0x0000, 
	0x0000, 0x0000, 0x6d1f, 0x6d1f, 0x6d1f, 0x6d1f, 0x6d1f, 0x6d1f, 0x6d1f, 0x6d1f, 0x6d1f, 0x6d1f, 0x6d1f, 0x6d1f, 0x6d1f, 0x6d1f, 
	0x6d1f, 0x6d1f, 0x6d1f, 0x6d1f, 0x6d1f, 0x6d1f, 0x6d1f, 0x6d1f, 0x6d1f, 0x0000, 0x0000, 0x0000, 0x0000, 0xffff, 0xffff, 0x0000, 
	0x0000, 0x0000, 0x0000, 0x6d1f, 0x6d1f, 0x6d1f, 0x6d1f, 0x6d1f, 0x6d1f, 0x6d1f, 0x6d1f, 0x6d1f, 0x6d1f, 0x0000, 0x0000, 0x0000, 
	0x0000, 0x0000, 0x0000, 0x0000, 0x0000, 0x0000, 0x0000, 0x0000, 0x6d1f, 0x6d1f, 0x6d1f, 0x6d1f, 0x6d1f, 0x6d1f, 0x6d1f, 0x6d1f, 
	0x6d1f, 0x6d1f, 0x6d1f, 0x6d1f, 0x6d1f, 0x6d1f, 0x6d1f, 0x6d1f, 0x6d1f, 0x6d1f, 0x6d1f, 0x6d1f, 0x6d1f, 0x6d1f, 0x6d1f, 0x0000, 
	0x0000, 0x0000, 0x0000, 0xffff, 0xffff, 0x0000, 0x0000, 0x0000, 0x0000, 0x0000, 0x0000, 0x0000, 0x0000, 0x0000, 0x0000, 0x0000, 
	0x0000, 0x0000, 0x0000, 0x0000, 0x0000, 0x0000, 0x0000, 0x0000, 0x0000, 0x0000, 0x0000, 0x0000, 0x0000, 0x0000, 0x6d1f, 0x6d1f, 
	0x6d1f, 0x6d1f, 0x6d1f, 0x6d1f, 0x6d1f, 0x6d1f, 0x6d1f, 0x6d1f, 0x6d1f, 0x6d1f, 0x6d1f, 0x6d1f, 0x6d1f, 0x6d1f, 0x6d1f, 0x6d1f, 
	0x6d1f, 0x6d1f, 0x6d1f, 0x6d1f, 0x6d1f, 0x0000, 0x0000, 0x0000, 0x0000, 0xffff, 0xffff, 0x0000, 0x0000, 0x0000, 0x0000, 0x0000, 
	0x0000, 0x0000, 0x0000, 0x0000, 0x0000, 0x0000, 0x0000, 0x0000, 0x0000, 0x0000, 0x0000, 0x0000, 0x0000, 0x0000, 0x0000, 0x0000, 
	0x0000, 0x0000, 0x0000, 0x6d1f, 0x6d1f, 0x6d1f, 0x6d1f, 0x6d1f, 0x6d1f, 0x6d1f, 0x6d1f, 0x6d1f, 0x6d1f, 0x6d1f, 0x6d1f, 0x6d1f, 
	0x6d1f, 0x6d1f, 0x6d1f, 0x6d1f, 0x6d1f, 0x6d1f, 0x6d1f, 0x6d1f, 0x6d1f, 0x6d1f, 0x6d1f, 0x0000, 0x0000, 0x0000, 0x0000, 0xffff, 
	0xffff, 0x0000, 0x0000, 0x0000, 0x0000, 0x9e1f, 0x9e1f, 0x9e1f, 0x9e1f, 0x9e1f, 0x9e1f, 0x9e1f, 0x9e1f, 0x9e1f, 0x9e1f, 0x0000, 
	0x0000, 0x0000, 0x0000, 0x0000, 0x0000, 0x0000, 0x0000, 0x0000, 0x0000, 0x6d1f, 0x6d1f, 0x6d1f, 0x6d1f, 0x6d1f, 0x6d1f, 0x6d1f, 
	0x6d1f, 0x6d1f, 0x6d1f, 0x6d1f, 0x6d1f, 0x6d1f, 0x6d1f, 0x6d1f, 0x6d1f, 0x6d1f, 0x6d1f, 0x6d1f, 0x6d1f, 0x6d1f, 0x6d1f, 0x6d1f, 
	0x6d1f, 0x0000, 0x0000, 0x0000, 0x0000, 0xffff, 0xffff, 0x0000, 0x0000, 0x0000, 0x0000, 0x9e1f, 0x9e1f, 0x9e1f, 0x9e1f, 0x9e1f, 
	0x9e1f, 0x9e1f, 0x9e1f, 0x9e1f, 0x9e1f, 0x0000, 0x0000, 0x0000, 0x0000, 0x0000, 0x0000, 0x0000, 0x0000, 0x0000, 0x0000, 0x6d1f, 
	0x6d1f, 0x6d1f, 0x6d1f, 0x6d1f, 0x6d1f, 0x6d1f, 0x6d1f, 0x6d1f, 0x6d1f, 0x6d1f, 0x6d1f, 0x6d1f, 0x6d1f, 0x6d1f, 0x6d1f, 0x6d1f, 
	0x6d1f, 0x6d1f, 0x6d1f, 0x6d1f, 0x6d1f, 0x6d1f, 0x0000, 0x0000, 0x0000, 0x0000, 0x0000, 0xffff, 0xffff, 0x0000, 0x0000, 0x0000, 
	0x0000, 0x9e1f, 0x9e1f, 0x9e1f, 0x9e1f, 0x9e1f, 0x9e1f, 0x9e1f, 0x9e1f, 0x9e1f, 0x9e1f, 0x0000, 0x0000, 0x0000, 0x0000, 0x0000, 
	0x0000, 0x0000, 0x0000, 0x0000, 0x0000, 0x6d1f, 0x6d1f, 0x6d1f, 0x6d1f, 0x6d1f, 0x6d1f, 0x6d1f, 0x6d1f, 0x6d1f, 0x6d1f, 0x6d1f, 
	0x6d1f, 0x6d1f, 0x6d1f, 0x6d1f, 0x6d1f, 0x6d1f, 0x6d1f, 0x6d1f, 0x6d1f, 0x6d1f, 0x6d1f, 0x6d1f, 0x0000, 0x0000, 0x0000, 0x0000, 
	0x0000, 0xffff, 0xffff, 0x0000, 0x0000, 0x0000, 0x0000, 0x9e1f, 0x9e1f, 0x9e1f, 0x9e1f, 0x9e1f, 0x9e1f, 0x9e1f, 0x9e1f, 0x9e1f, 
	0x9e1f, 0x0000, 0x0000, 0x0000, 0x0000, 0x0000, 0x0000, 0x0000, 0x0000, 0x0000, 0x0000, 0x6d1f, 0x6d1f, 0x6d1f, 0x6d1f, 0x6d1f, 
	0x6d1f, 0x6d1f, 0x6d1f, 0x6d1f, 0x6d1f, 0x6d1f, 0x6d1f, 0x6d1f, 0x6d1f, 0x6d1f, 0x6d1f, 0x6d1f, 0x6d1f, 0x6d1f, 0x6d1f, 0x6d1f, 
	0x6d1f, 0x6d1f, 0x0000, 0x0000, 0x0000, 0x0000, 0x0000, 0xffff, 0xffff, 0x0000, 0x0000, 0x0000, 0x0000, 0x9e1f, 0x9e1f, 0x9e1f, 
	0x9e1f, 0x9e1f, 0x9e1f, 0x9e1f, 0x9e1f, 0x9e1f, 0x9e1f, 0x0000, 0x0000, 0x0000, 0x0000, 0x0000, 0x0000, 0x0000, 0x0000, 0x0000, 
	0x0000, 0x6d1f, 0x6d1f, 0x6d1f, 0x6d1f, 0x6d1f, 0x6d1f, 0x6d1f, 0x6d1f, 0x6d1f, 0x6d1f, 0x6d1f, 0x6d1f, 0x6d1f, 0x6d1f, 0x6d1f, 
	0x6d1f, 0x6d1f, 0x6d1f, 0x6d1f, 0x6d1f, 0x6d1f, 0x6d1f, 0x6d1f, 0x0000, 0x0000, 0x0000, 0x0000, 0x0000, 0xffff, 0xffff, 0x0000, 
	0x0000, 0x0000, 0x0000, 0x9e1f, 0x9e1f, 0x9e1f, 0x9e1f, 0x9e1f, 0x9e1f, 0x9e1f, 0x9e1f, 0x9e1f, 0x9e1f, 0x0000, 0x0000, 0x0000, 
	0x0000, 0x0000, 0x0000, 0x0000, 0x0000, 0x0000, 0x0000, 0x6d1f, 0x6d1f, 0x6d1f, 0x6d1f, 0x6d1f, 0x6d1f, 0x6d1f, 0x6d1f, 0x6d1f, 
	0x6d1f, 0x6d1f, 0x6d1f, 0x6d1f, 0x6d1f, 0x6d1f, 0x6d1f, 0x6d1f, 0x6d1f, 0x6d1f, 0x6d1f, 0x6d1f, 0x6d1f, 0x6d1f, 0x0000, 0x0000, 
	0x0000, 0x0000, 0x0000, 0xffff, 0xffff, 0x0000, 0x0000, 0x0000, 0x0000, 0x9e1f, 0x9e1f, 0x9e1f, 0x9e1f, 0x9e1f, 0x9e1f, 0x9e1f, 
	0x9e1f, 0x9e1f, 0x9e1f, 0x0000, 0x0000, 0x0000, 0x0000, 0x0000, 0x0000, 0x0000, 0x0000, 0x0000, 0x0000, 0x6d1f, 0x6d1f, 0x6d1f, 
	0x6d1f, 0x6d1f, 0x6d1f, 0x6d1f, 0x6d1f, 0x6d1f, 0x6d1f, 0x6d1f, 0x6d1f, 0x6d1f, 0x6d1f, 0x6d1f, 0x6d1f, 0x6d1f, 0x6d1f, 0x6d1f, 
	0x6d1f, 0x6d1f, 0x6d1f, 0x6d1f, 0x0000, 0x0000, 0x0000, 0x0000, 0x0000, 0xffff, 0xffff, 0x0000, 0x0000, 0x0000, 0x0000, 0x9e1f, 
	0x9e1f, 0x9e1f, 0x9e1f, 0x9e1f, 0x9e1f, 0x9e1f, 0x9e1f, 0x9e1f, 0x9e1f, 0x0000, 0x0000, 0x0000, 0x0000, 0x0000, 0x0000, 0x0000, 
	0x0000, 0x0000, 0x0000, 0x6d1f, 0x6d1f, 0x6d1f, 0x6d1f, 0x6d1f, 0x6d1f, 0x6d1f, 0x6d1f, 0x6d1f, 0x6d1f, 0x6d1f, 0x6d1f, 0x6d1f, 
	0x6d1f, 0x6d1f, 0x6d1f, 0x6d1f, 0x6d1f, 0x6d1f, 0x6d1f, 0x6d1f, 0x6d1f, 0x0000, 0x0000, 0x0000, 0x0000, 0x0000, 0x0000, 0xffff, 
	0xffff, 0x0000, 0x0000, 0x0000, 0x0000, 0x9e1f, 0x9e1f, 0x9e1f, 0x9e1f, 0x9e1f, 0x9e1f, 0x9e1f, 0x9e1f, 0x9e1f, 0x9e1f, 0x0000, 
	0x0000, 0x0000, 0x0000, 0x0000, 0x0000, 0x0000, 0x0000, 0x0000, 0x0000, 0x6d1f, 0x6d1f, 0x6d1f, 0x6d1f, 0x6d1f, 0x6d1f, 0x6d1f, 
	0x6d1f, 0x6d1f, 0x6d1f, 0x6d1f, 0x6d1f, 0x6d1f, 0x6d1f, 0x6d1f, 0x6d1f, 0x6d1f, 0x6d1f, 0x6d1f, 0x6d1f, 0x6d1f, 0x6d1f, 0x0000, 
	0x0000, 0x0000, 0x0000, 0x0000, 0x0000, 0xffff, 0xffff, 0x0000, 0x0000, 0x0000, 0x0000, 0x9e1f, 0x9e1f, 0x9e1f, 0x9e1f, 0x9e1f, 
	0x9e1f, 0x9e1f, 0x9e1f, 0x9e1f, 0x9e1f, 0x0000, 0x0000, 0x0000, 0x0000, 0x0000, 0x0000, 0x0000, 0x0000, 0x0000, 0x0000, 0x6d1f, 
	0x6d1f, 0x6d1f, 0x6d1f, 0x6d1f, 0x6d1f, 0x6d1f, 0x6d1f, 0x6d1f, 0x6d1f, 0x6d1f, 0x6d1f, 0x6d1f, 0x6d1f, 0x6d1f, 0x6d1f, 0x6d1f, 
	0x6d1f, 0x6d1f, 0x6d1f, 0x6d1f, 0x6d1f, 0x0000, 0x0000, 0x0000, 0x0000, 0x0000, 0x0000, 0xffff, 0xffff, 0x0000, 0x0000, 0x0000, 
	0x0000, 0x0000, 0x0000, 0x0000, 0x0000, 0x0000, 0x0000, 0x0000, 0x0000, 0x0000, 0x0000, 0x0000, 0x0000, 0x0000, 0x0000, 0x0000, 
	0x0000, 0x0000, 0x0000, 0x0000, 0x0000, 0x6d1f, 0x6d1f, 0x6d1f, 0x6d1f, 0x6d1f, 0x6d1f, 0x6d1f, 0x6d1f, 0x6d1f, 0x6d1f, 0x6d1f, 
	0x6d1f, 0x6d1f, 0x6d1f, 0x6d1f, 0x6d1f, 0x6d1f, 0x6d1f, 0x6d1f, 0x6d1f, 0x6d1f, 0x6d1f, 0x0000, 0x0000, 0x0000, 0x0000, 0x0000, 
	0x0000, 0xffff, 0xffff, 0x0000, 0x0000, 0x0000, 0x0000, 0x0000, 0x0000, 0x0000, 0x0000, 0x0000, 0x0000, 0x0000, 0x0000, 0x0000, 
	0x0000, 0x0000, 0x0000, 0x0000, 0x0000, 0x0000, 0x0000, 0x0000, 0x0000, 0x0000, 0x0000, 0x6d1f, 0x6d1f, 0x6d1f, 0x6d1f, 0x6d1f, 
	0x6d1f, 0x6d1f, 0x6d1f, 0x6d1f, 0x6d1f, 0x6d1f, 0x6d1f, 0x6d1f, 0x6d1f, 0x6d1f, 0x6d1f, 0x6d1f, 0x6d1f, 0x6d1f, 0x6d1f, 0x6d1f, 
	0x6d1f, 0x0000, 0x0000, 0x0000, 0x0000, 0x0000, 0x0000, 0xffff, 0xffff, 0x0000, 0x0000, 0x0000, 0x0000, 0x6d1f, 0x6d1f, 0x6d1f, 
	0x6d1f, 0x6d1f, 0x6d1f, 0x6d1f, 0x6d1f, 0x6d1f, 0x6d1f, 0x0000, 0x0000, 0x0000, 0x0000, 0x0000, 0x0000, 0x0000, 0x0000, 0x0000, 
	0x0000, 0x6d1f, 0x6d1f, 0x6d1f, 0x6d1f, 0x6d1f, 0x6d1f, 0x6d1f, 0x6d1f, 0x6d1f, 0x6d1f, 0x6d1f, 0x6d1f, 0x6d1f, 0x6d1f, 0x6d1f, 
	0x6d1f, 0x6d1f, 0x6d1f, 0x6d1f, 0x6d1f, 0x6d1f, 0x6d1f, 0x0000, 0x0000, 0x0000, 0x0000, 0x0000, 0x0000, 0xffff, 0xffff, 0x0000, 
	0x0000, 0x0000, 0x0000, 0x6d1f, 0x6d1f, 0x6d1f, 0x6d1f, 0x6d1f, 0x6d1f, 0x6d1f, 0x6d1f, 0x6d1f, 0x6d1f, 0x0000, 0x0000, 0x0000, 
	0x0000, 0x0000, 0x0000, 0x0000, 0x0000, 0x0000, 0x0000, 0x6d1f, 0x6d1f, 0x6d1f, 0x6d1f, 0x6d1f, 0x6d1f, 0x6d1f, 0x6d1f, 0x6d1f, 
	0x6d1f, 0x6d1f, 0x6d1f, 0x6d1f, 0x6d1f, 0x6d1f, 0x6d1f, 0x6d1f, 0x6d1f, 0x6d1f, 0x6d1f, 0x6d1f, 0x6d1f, 0x0000, 0x0000, 0x0000, 
	0x0000, 0x0000, 0x0000, 0xffff, 0xffff, 0x0000, 0x0000, 0x0000, 0x0000, 0x6d1f, 0x6d1f, 0x6d1f, 0x6d1f, 0x6d1f, 0x6d1f, 0x6d1f, 
	0x6d1f, 0x6d1f, 0x6d1f, 0x0000, 0x0000, 0x0000, 0x0000, 0x0000, 0x0000, 0x0000, 0x0000, 0x0000, 0x0000, 0x6d1f, 0x6d1f, 0x6d1f, 
	0x6d1f, 0x6d1f, 0x6d1f, 0x6d1f, 0x6d1f, 0x6d1f, 0x6d1f, 0x6d1f, 0x6d1f, 0x6d1f, 0x6d1f, 0x6d1f, 0x6d1f, 0x6d1f, 0x6d1f, 0x6d1f, 
	0x6d1f, 0x6d1f, 0x6d1f, 0x0000, 0x0000, 0x0000, 0x0000, 0x0000, 0x0000, 0xffff, 0xffff, 0x0000, 0x0000, 0x0000, 0x0000, 0x6d1f, 
	0x6d1f, 0x6d1f, 0x6d1f, 0x6d1f, 0x6d1f, 0x6d1f, 0x6d1f, 0x6d1f, 0x6d1f, 0x0000, 0x0000, 0x0000, 0x0000, 0x0000, 0x0000, 0x0000, 
	0x0000, 0x0000, 0x0000, 0x6d1f, 0x6d1f, 0x6d1f, 0x6d1f, 0x6d1f, 0x6d1f, 0x6d1f, 0x6d1f, 0x6d1f, 0x6d1f, 0x6d1f, 0x6d1f, 0x6d1f, 
	0x6d1f, 0x6d1f, 0x6d1f, 0x6d1f, 0x6d1f, 0x6d1f, 0x6d1f, 0x6d1f, 0x6d1f, 0x6d1f, 0x0000, 0x0000, 0x0000, 0x0000, 0x0000, 0xffff, 
	0xffff, 0x0000, 0x0000, 0x0000, 0x0000, 0x6d1f, 0x6d1f, 0x6d1f, 0x6d1f, 0x6d1f, 0x6d1f, 0x6d1f, 0x6d1f, 0x6d1f, 0x6d1f, 0x0000, 
	0x0000, 0x0000, 0x0000, 0x0000, 0x0000, 0x0000, 0x0000, 0x0000, 0x0000, 0x6d1f, 0x6d1f, 0x6d1f, 0x6d1f, 0x6d1f, 0x6d1f, 0x6d1f, 
	0x6d1f, 0x6d1f, 0x6d1f, 0x6d1f, 0x6d1f, 0x6d1f, 0x6d1f, 0x6d1f, 0x6d1f, 0x6d1f, 0x6d1f, 0x6d1f, 0x6d1f, 0x6d1f, 0x6d1f, 0x6d1f, 
	0x0000, 0x0000, 0x0000, 0x0000, 0x0000, 0xffff, 0xffff, 0x0000, 0x0000, 0x0000, 0x0000, 0x6d1f, 0x6d1f, 0x6d1f, 0x6d1f, 0x6d1f, 
	0x6d1f, 0x6d1f, 0x6d1f, 0x6d1f, 0x6d1f, 0x0000, 0x0000, 0x0000, 0x0000, 0x0000, 0x0000, 0x0000, 0x0000, 0x0000, 0x0000, 0x6d1f, 
	0x6d1f, 0x6d1f, 0x6d1f, 0x6d1f, 0x6d1f, 0x6d1f, 0x6d1f, 0x6d1f, 0x6d1f, 0x6d1f, 0x6d1f, 0x6d1f, 0x6d1f, 0x6d1f, 0x6d1f, 0x6d1f, 
	0x6d1f, 0x6d1f, 0x6d1f, 0x6d1f, 0x6d1f, 0x6d1f, 0x0000, 0x0000, 0x0000, 0x0000, 0x0000, 0xffff, 0xffff, 0x0000, 0x0000, 0x0000, 
	0x0000, 0x6d1f, 0x6d1f, 0x6d1f, 0x6d1f, 0x6d1f, 0x6d1f, 0x6d1f, 0x6d1f, 0x6d1f, 0x6d1f, 0x0000, 0x0000, 0x0000, 0x0000, 0x0000, 
	0x0000, 0x0000, 0x0000, 0x0000, 0x0000, 0x6d1f, 0x6d1f, 0x6d1f, 0x6d1f, 0x6d1f, 0x6d1f, 0x6d1f, 0x6d1f, 0x6d1f, 0x6d1f, 0x6d1f, 
	0x6d1f, 0x6d1f, 0x6d1f, 0x6d1f, 0x6d1f, 0x6d1f, 0x6d1f, 0x6d1f, 0x6d1f, 0x6d1f, 0x6d1f, 0x6d1f, 0x0000, 0x0000, 0x0000, 0x0000, 
	0x0000, 0xffff, 0xffff, 0x0000, 0x0000, 0x0000, 0x0000, 0x6d1f, 0x6d1f, 0x6d1f, 0x6d1f, 0x6d1f, 0x6d1f, 0x6d1f, 0x6d1f, 0x6d1f, 
	0x6d1f, 0x0000, 0x0000, 0x0000, 0x0000, 0x0000, 0x0000, 0x0000, 0x0000, 0x0000, 0x0000, 0x6d1f, 0x6d1f, 0x6d1f, 0x6d1f, 0x6d1f, 
	0x6d1f, 0x6d1f, 0x6d1f, 0x6d1f, 0x6d1f, 0x6d1f, 0x6d1f, 0x6d1f, 0x6d1f, 0x6d1f, 0x6d1f, 0x6d1f, 0x6d1f, 0x6d1f, 0x6d1f, 0x6d1f, 
	0x6d1f, 0x6d1f, 0x0000, 0x0000, 0x0000, 0x0000, 0x0000, 0xffff, 0xffff, 0x0000, 0x0000, 0x0000, 0x0000, 0x6d1f, 0x6d1f, 0x6d1f, 
	0x6d1f, 0x6d1f, 0x6d1f, 0x6d1f, 0x6d1f, 0x6d1f, 0x6d1f, 0x0000, 0x0000, 0x0000, 0x0000, 0x0000, 0x0000, 0x0000, 0x0000, 0x0000, 
	0x0000, 0x6d1f, 0x6d1f, 0x6d1f, 0x6d1f, 0x6d1f, 0x6d1f, 0x6d1f, 0x6d1f, 0x6d1f, 0x6d1f, 0x6d1f, 0x6d1f, 0x6d1f, 0x6d1f, 0x6d1f, 
	0x6d1f, 0x6d1f, 0x6d1f, 0x6d1f, 0x6d1f, 0x6d1f, 0x6d1f, 0x6d1f, 0x0000, 0x0000, 0x0000, 0x0000, 0x0000, 0xffff, 0xffff, 0x0000, 
	0x0000, 0x0000, 0x0000, 0x6d1f, 0x6d1f, 0x6d1f, 0x6d1f, 0x6d1f, 0x6d1f, 0x6d1f, 0x6d1f, 0x6d1f, 0x6d1f, 0x0000, 0x0000, 0x0000, 
	0x0000, 0x0000, 0x0000, 0x0000, 0x0000, 0x0000, 0x0000, 0x6d1f, 0x6d1f, 0x6d1f, 0x6d1f, 0x6d1f, 0x6d1f, 0x6d1f, 0x6d1f, 0x6d1f, 
	0x6d1f, 0x6d1f, 0x6d1f, 0x6d1f, 0x6d1f, 0x6d1f, 0x6d1f, 0x6d1f, 0x6d1f, 0x6d1f, 0x6d1f, 0x6d1f, 0x6d1f, 0x6d1f, 0x6d1f, 0x0000, 
	0x0000, 0x0000, 0x0000, 0xffff, 0xffff, 0x0000, 0x0000, 0x0000, 0x0000, 0x0000, 0x0000, 0x0000, 0x0000, 0x0000, 0x0000, 0x0000, 
	0x0000, 0x0000, 0x0000, 0x0000, 0x0000, 0x0000, 0x0000, 0x0000, 0x0000, 0x0000, 0x0000, 0x0000, 0x0000, 0x6d1f, 0x6d1f, 0x6d1f, 
	0x6d1f, 0x6d1f, 0x6d1f, 0x6d1f, 0x6d1f, 0x6d1f, 0x6d1f, 0x6d1f, 0x6d1f, 0x6d1f, 0x6d1f, 0x6d1f, 0x6d1f, 0x6d1f, 0x6d1f, 0x6d1f, 
	0x6d1f, 0x6d1f, 0x6d1f, 0x6d1f, 0x6d1f, 0x0000, 0x0000, 0x0000, 0x0000, 0xffff, 0xffff, 0x0000, 0x0000, 0x0000, 0x0000, 0x0000, 
	0x0000, 0x0000, 0x0000, 0x0000, 0x0000, 0x0000, 0x0000, 0x0000, 0x0000, 0x0000, 0x0000, 0x0000, 0x0000, 0x0000, 0x0000, 0x0000, 
	0x0000, 0x0000, 0x0000, 0x0000, 0x6d1f, 0x6d1f, 0x6d1f, 0x6d1f, 0x6d1f, 0x6d1f, 0x6d1f, 0x6d1f, 0x6d1f, 0x6d1f, 0x6d1f, 0x6d1f, 
	0x6d1f, 0x6d1f, 0x6d1f, 0x6d1f, 0x6d1f, 0x6d1f, 0x6d1f, 0x6d1f, 0x6d1f, 0x6d1f, 0x6d1f, 0x0000, 0x0000, 0x0000, 0x0000, 0xffff, 
	0xffff, 0x0000, 0x0000, 0x0000, 0x0000, 0x9e1f, 0x9e1f, 0x9e1f, 0x9e1f, 0x9e1f, 0x9e1f, 0x9e1f, 0x9e1f, 0x9e1f, 0x9e1f, 0x0000, 
	0x0000, 0x0000, 0x0000, 0x0000, 0x0000, 0x0000, 0x0000, 0x0000, 0x0000, 0x0000, 0x6d1f, 0x6d1f, 0x6d1f, 0x6d1f, 0x6d1f, 0x6d1f, 
	0x6d1f, 0x6d1f, 0x6d1f, 0x6d1f, 0x6d1f, 0x6d1f, 0x6d1f, 0x6d1f, 0x6d1f, 0x6d1f, 0x6d1f, 0x6d1f, 0x6d1f, 0x6d1f, 0x6d1f, 0x6d1f, 
	0x6d1f, 0x0000, 0x0000, 0x0000, 0x0000, 0xffff, 0xffff, 0x0000, 0x0000, 0x0000, 0x0000, 0x9e1f, 0x9e1f, 0x9e1f, 0x9e1f, 0x9e1f, 
	0x9e1f, 0x9e1f, 0x9e1f, 0x9e1f, 0x9e1f, 0x0000, 0x0000, 0x0000, 0x0000, 0x0000, 0x0000, 0x0000, 0x0000, 0x0000, 0x0000, 0x0000, 
	0x6d1f, 0x6d1f, 0x6d1f, 0x6d1f, 0x6d1f, 0x6d1f, 0x6d1f, 0x6d1f, 0x6d1f, 0x6d1f, 0x6d1f, 0x6d1f, 0x6d1f, 0x6d1f, 0x6d1f, 0x6d1f, 
	0x6d1f, 0x6d1f, 0x6d1f, 0x6d1f, 0x6d1f, 0x6d1f, 0x6d1f, 0x0000, 0x0000, 0x0000, 0x0000, 0xffff, 0xffff, 0x0000, 0x0000, 0x0000, 
	0x0000, 0x9e1f, 0x9e1f, 0x9e1f, 0x9e1f, 0x9e1f, 0x9e1f, 0x9e1f, 0x9e1f, 0x9e1f, 0x9e1f, 0x0000, 0x0000, 0x0000, 0x0000, 0x0000, 
	0x0000, 0x0000, 0x0000, 0x0000, 0x0000, 0x0000, 0x0000, 0x0000, 0x6d1f, 0x6d1f, 0x6d1f, 0x6d1f, 0x6d1f, 0x6d1f, 0x6d1f, 0x6d1f, 
	0x6d1f, 0x6d1f, 0x6d1f, 0x6d1f, 0x6d1f, 0x6d1f, 0x6d1f, 0x6d1f, 0x6d1f, 0x6d1f, 0x6d1f, 0x6d1f, 0x6d1f, 0x0000, 0x0000, 0x0000, 
	0x0000, 0xffff, 0xffff, 0x0000, 0x0000, 0x0000, 0x0000, 0x9e1f, 0x9e1f, 0x9e1f, 0x9e1f, 0x9e1f, 0x9e1f, 0x9e1f, 0x9e1f, 0x9e1f, 
	0x9e1f, 0x0000, 0x0000, 0x0000, 0x0000, 0x0000, 0x0000, 0x0000, 0x0000, 0x0000, 0x0000, 0x0000, 0x0000, 0x0000, 0x6d1f, 0x6d1f, 
	0x6d1f, 0x6d1f, 0x6d1f, 0x6d1f, 0x6d1f, 0x6d1f, 0x6d1f, 0x6d1f, 0x6d1f, 0x6d1f, 0x6d1f, 0x6d1f, 0x6d1f, 0x6d1f, 0x6d1f, 0x6d1f, 
	0x6d1f, 0x6d1f, 0x6d1f, 0x0000, 0x0000, 0x0000, 0x0000, 0xffff, 0xffff, 0x0000, 0x0000, 0x0000, 0x0000, 0x9e1f, 0x9e1f, 0x9e1f, 
	0x9e1f, 0x9e1f, 0x9e1f, 0x9e1f, 0x9e1f, 0x9e1f, 0x9e1f, 0x0000, 0x0000, 0x0000, 0x0000, 0x0000, 0x0000, 0x0000, 0x0000, 0x0000, 
	0x0000, 0x0000, 0x0000, 0x0000, 0x6d1f, 0x6d1f, 0x6d1f, 0x6d1f, 0x6d1f, 0x6d1f, 0x6d1f, 0x6d1f, 0x6d1f, 0x6d1f, 0x6d1f, 0x6d1f, 
	0x6d1f, 0x6d1f, 0x6d1f, 0x6d1f, 0x6d1f, 0x6d1f, 0x6d1f, 0x6d1f, 0x6d1f, 0x0000, 0x0000, 0x0000, 0x0000, 0xffff, 0xffff, 0x0000, 
	0x0000, 0x0000, 0x0000, 0x9e1f, 0x9e1f, 0x9e1f, 0x9e1f, 0x9e1f, 0x9e1f, 0x9e1f, 0x9e1f, 0x9e1f, 0x9e1f, 0x0000, 0x0000, 0x0000, 
	0x0000, 0x0000, 0x0000, 0x0000, 0x0000, 0x0000, 0x0000, 0x0000, 0x0000, 0x0000, 0x0000, 0x6d1f, 0x6d1f, 0x6d1f, 0x6d1f, 0x6d1f, 
	0x6d1f, 0x6d1f, 0x6d1f, 0x6d1f, 0x6d1f, 0x6d1f, 0x6d1f, 0x6d1f, 0x6d1f, 0x6d1f, 0x6d1f, 0x6d1f, 0x6d1f, 0x6d1f, 0x6d1f, 0x0000, 
	0x0000, 0x0000, 0x0000, 0xffff, 0xffff, 0x0000, 0x0000, 0x0000, 0x0000, 0x9e1f, 0x9e1f, 0x9e1f, 0x9e1f, 0x9e1f, 0x9e1f, 0x9e1f, 
	0x9e1f, 0x9e1f, 0x9e1f, 0x0000, 0x0000, 0x0000, 0x0000, 0x0000, 0x0000, 0x0000, 0x0000, 0x0000, 0x0000, 0x0000, 0x0000, 0x0000, 
	0x0000, 0x0000, 0x6d1f, 0x6d1f, 0x6d1f, 0x6d1f, 0x6d1f, 0x6d1f, 0x6d1f, 0x6d1f, 0x6d1f, 0x6d1f, 0x6d1f, 0x6d1f, 0x6d1f, 0x6d1f, 
	0x6d1f, 0x6d1f, 0x6d1f, 0x6d1f, 0x0000, 0x0000, 0x0000, 0x0000, 0x0000, 0xffff, 0xffff, 0x0000, 0x0000, 0x0000, 0x0000, 0x9e1f, 
	0x9e1f, 0x9e1f, 0x9e1f, 0x9e1f, 0x9e1f, 0x9e1f, 0x9e1f, 0x9e1f, 0x9e1f, 0x0000, 0x0000, 0x0000, 0x0000, 0x0000, 0x0000, 0x0000, 
	0x0000, 0x0000, 0x0000, 0x0000, 0x0000, 0x0000, 0x0000, 0x0000, 0x0000, 0x6d1f, 0x6d1f, 0x6d1f, 0x6d1f, 0x6d1f, 0x6d1f, 0x6d1f, 
	0x6d1f, 0x6d1f, 0x6d1f, 0x6d1f, 0x6d1f, 0x6d1f, 0x6d1f, 0x6d1f, 0x6d1f, 0x0000, 0x0000, 0x0000, 0x0000, 0x0000, 0x0000, 0xffff, 
	0xffff, 0x0000, 0x0000, 0x0000, 0x0000, 0x9e1f, 0x9e1f, 0x9e1f, 0x9e1f, 0x9e1f, 0x9e1f, 0x9e1f, 0x9e1f, 0x9e1f, 0x9e1f, 0x0000, 
	0x0000, 0x0000, 0x0000, 0x0000, 0x0000, 0x0000, 0x0000, 0x0000, 0x0000, 0x0000, 0x0000, 0x0000, 0x0000, 0x0000, 0x0000, 0x0000, 
	0x6d1f, 0x6d1f, 0x6d1f, 0x6d1f, 0x6d1f, 0x6d1f, 0x6d1f, 0x6d1f, 0x6d1f, 0x6d1f, 0x6d1f, 0x6d1f, 0x6d1f, 0x6d1f, 0x0000, 0x0000, 
	0x0000, 0x0000, 0x0000, 0x0000, 0x0000, 0xffff, 0xffff, 0x0000, 0x0000, 0x0000, 0x0000, 0x9e1f, 0x9e1f, 0x9e1f, 0x9e1f, 0x9e1f, 
	0x9e1f, 0x9e1f, 0x9e1f, 0x9e1f, 0x9e1f, 0x0000, 0x0000, 0x0000, 0x0000, 0x0000, 0x0000, 0x0000, 0x0000, 0x0000, 0x0000, 0x0000, 
	0x0000, 0x0000, 0x0000, 0x0000, 0x0000, 0x0000, 0x0000, 0x0000, 0x0000, 0x0000, 0x0000, 0x6d1f, 0x6d1f, 0x6d1f, 0x6d1f, 0x0000, 
	0x0000, 0x0000, 0x0000, 0x0000, 0x0000, 0x0000, 0x0000, 0x0000, 0x0000, 0x0000, 0x0000, 0xffff, 0xffff, 0x0000, 0x0000, 0x0000, 
	0x0000, 0x0000, 0x0000, 0x0000, 0x0000, 0x0000, 0x0000, 0x0000, 0x0000, 0x0000, 0x0000, 0x0000, 0x0000, 0x0000, 0x0000, 0x0000, 
	0x0000, 0x0000, 0x0000, 0x0000, 0x0000, 0x0000, 0x0000, 0x0000, 0x0000, 0x0000, 0x0000, 0x0000, 0x0000, 0x0000, 0x0000, 0x0000, 
	0x0000, 0x0000, 0x0000, 0x0000, 0x0000, 0x0000, 0x0000, 0x0000, 0x0000, 0x0000, 0x0000, 0x0000, 0x0000, 0x0000, 0x0000, 0x0000, 
	0x0000, 0xffff, 0xffff, 0x0000, 0x0000, 0x0000, 0x0000, 0x0000, 0x0000, 0x0000, 0x0000, 0x0000, 0x0000, 0x0000, 0x0000, 0x0000, 
	0x0000, 0x0000, 0x0000, 0x0000, 0x0000, 0x0000, 0x0000, 0x0000, 0x0000, 0x0000, 0x0000, 0x0000, 0x0000, 0x0000, 0x0000, 0x0000, 
	0x0000, 0x0000, 0x0000, 0x0000, 0x0000, 0x0000, 0x0000, 0x0000, 0x0000, 0x0000, 0x0000, 0x0000, 0x0000, 0x0000, 0x0000, 0x0000, 
	0x0000, 0x0000, 0x0000, 0x0000, 0x0000, 0x0000, 0x0000, 0xffff, 0xffff, 0x0000, 0x0000, 0x0000, 0x0000, 0x0000, 0x0000, 0x0000, 
	0x0000, 0x0000, 0x0000, 0x0000, 0x0000, 0x0000, 0x0000, 0x0000, 0x0000, 0x0000, 0x0000, 0x0000, 0x0000, 0x0000, 0x0000, 0x0000, 
	0x0000, 0x0000, 0x0000, 0x0000, 0x0000, 0x0000, 0x0000, 0x0000, 0x0000, 0x0000, 0x0000, 0x0000, 0x0000, 0x0000, 0x0000, 0x0000, 
	0x0000, 0x0000, 0x0000, 0x0000, 0x0000, 0x0000, 0x0000, 0x0000, 0x0000, 0x0000, 0x0000, 0x0000, 0x0000, 0xffff, 0xffff, 0xffff, 
	0xffff, 0xffff, 0xffff, 0xffff, 0xffff, 0xffff, 0xffff, 0xffff, 0xffff, 0xffff, 0xffff, 0xffff, 0xffff, 0xffff, 0xffff, 0xffff, 
	0xffff, 0xffff, 0xffff, 0xffff, 0xffff, 0xffff, 0xffff, 0xffff, 0xffff, 0xffff, 0xffff, 0xffff, 0xffff, 0xffff, 0xffff, 0xffff, 
	0xffff, 0xffff, 0xffff, 0xffff, 0xffff, 0xffff, 0xffff, 0xffff, 0xffff, 0xffff, 0xffff, 0xffff, 0xffff, 0xffff, 0xffff, 0xffff, 
	0xffff, 0xffff, 0xffff, 0xffff
};

const uint16_t fivebldbuttonD[] PROGMEM = {
	0xffff, 0xffff, 0xffff, 0xffff, 0xffff, 0xffff, 0xffff, 0xffff, 0xffff, 0xffff, 0xffff, 0xffff, 0xffff, 0xffff, 0xffff, 0xffff, 
	0xffff, 0xffff, 0xffff, 0xffff, 0xffff, 0xffff, 0xffff, 0xffff, 0xffff, 0xffff, 0xffff, 0xffff, 0xffff, 0xffff, 0xffff, 0xffff, 
	0xffff, 0xffff, 0xffff, 0xffff, 0xffff, 0xffff, 0xffff, 0xffff, 0xffff, 0xffff, 0xffff, 0xffff, 0xffff, 0xffff, 0xffff, 0xffff, 
	0xffff, 0xffff, 0xffff, 0xffff, 0xffff, 0xffff, 0xffff, 0x0000, 0x0000, 0x0000, 0x0000, 0x0000, 0x0000, 0x0000, 0x0000, 0x0000, 
	0x0000, 0x0000, 0x0000, 0x0000, 0x0000, 0x0000, 0x0000, 0x0000, 0x0000, 0x0000, 0x0000, 0x0000, 0x0000, 0x0000, 0x0000, 0x0000, 
	0x0000, 0x0000, 0x0000, 0x0000, 0x0000, 0x0000, 0x0000, 0x0000, 0x0000, 0x0000, 0x0000, 0x0000, 0x0000, 0x0000, 0x0000, 0x0000, 
	0x0000, 0x0000, 0x0000, 0x0000, 0x0000, 0x0000, 0x0000, 0x0000, 0x0000, 0x0000, 0x0000, 0xffff, 0xffff, 0x0000, 0x0000, 0x0000, 
	0x0000, 0x0000, 0x0000, 0x0000, 0x0000, 0x0000, 0x0000, 0x0000, 0x0000, 0x0000, 0x0000, 0x0000, 0x0000, 0x0000, 0x0000, 0x0000, 
	0x0000, 0x0000, 0x0000, 0x0000, 0x0000, 0x0000, 0x0000, 0x0000, 0x0000, 0x0000, 0x0000, 0x0000, 0x0000, 0x0000, 0x0000, 0x0000, 
	0x0000, 0x0000, 0x0000, 0x0000, 0x0000, 0x0000, 0x0000, 0x0000, 0x0000, 0x0000, 0x0000, 0x0000, 0x0000, 0x0000, 0x0000, 0x0000, 
	0x0000, 0xffff, 0xffff, 0x0000, 0x0000, 0x0000, 0x0000, 0x6d1f, 0x6d1f, 0x6d1f, 0x6d1f, 0x6d1f, 0x6d1f, 0x6d1f, 0x6d1f, 0x0000, 
	0x0000, 0x0000, 0x0000, 0x0000, 0x0000, 0x0000, 0x0000, 0x0000, 0x0000, 0x0000, 0x0000, 0x0000, 0x0000, 0x0000, 0x0000, 0x0000, 
	0x0000, 0x0000, 0x0000, 0x0000, 0x0000, 0x0000, 0x0000, 0x0000, 0x0000, 0x0000, 0x0000, 0x0000, 0x0000, 0x0000, 0x0000, 0x0000, 
	0x0000, 0x0000, 0x0000, 0x0000, 0x0000, 0x0000, 0x0000, 0xffff, 0xffff, 0x0000, 0x0000, 0x0000, 0x0000, 0x6d1f, 0x6d1f, 0x6d1f, 
	0x6d1f, 0x6d1f, 0x6d1f, 0x6d1f, 0x6d1f, 0x0000, 0x0000, 0x0000, 0x0000, 0x0000, 0x0000, 0x0000, 0x0000, 0x0000, 0x0000, 0x0000, 
	0x0000, 0x0000, 0x0000, 0x0000, 0x0000, 0x0000, 0x0000, 0x0000, 0x0000, 0x0000, 0x0000, 0x0000, 0x0000, 0x6d1f, 0x6d1f, 0x6d1f, 
	0x6d1f, 0x0000, 0x0000, 0x0000, 0x0000, 0x0000, 0x0000, 0x0000, 0x0000, 0x0000, 0x0000, 0x0000, 0x0000, 0xffff, 0xffff, 0x0000, 
	0x0000, 0x0000, 0x0000, 0x6d1f, 0x6d1f, 0x6d1f, 0x6d1f, 0x6d1f, 0x6d1f, 0x6d1f, 0x6d1f, 0x0000, 0x0000, 0x0000, 0x0000, 0x0000, 
	0x0000, 0x0000, 0x0000, 0x0000, 0x0000, 0x0000, 0x0000, 0x0000, 0x0000, 0x0000, 0x0000, 0x0000, 0x0000, 0x0000, 0x0000, 0x6d1f, 
	0x6d1f, 0x6d1f, 0x6d1f, 0x6d1f, 0x6d1f, 0x6d1f, 0x6d1f, 0x6d1f, 0x6d1f, 0x6d1f, 0x6d1f, 0x6d1f, 0x0000, 0x0000, 0x0000, 0x0000, 
	0x0000, 0x0000, 0x0000, 0xffff, 0xffff, 0x0000, 0x0000, 0x0000, 0x0000, 0x6d1f, 0x6d1f, 0x6d1f, 0x6d1f, 0x6d1f, 0x6d1f, 0x6d1f, 
	0x6d1f, 0x0000, 0x0000, 0x0000, 0x0000, 0x0000, 0x0000, 0x0000, 0x0000, 0x0000, 0x0000, 0x0000, 0x0000, 0x0000, 0x0000, 0x0000, 
	0x0000, 0x0000, 0x0000, 0x6d1f, 0x6d1f, 0x6d1f, 0x6d1f, 0x6d1f, 0x6d1f, 0x6d1f, 0x6d1f, 0x6d1f, 0x6d1f, 0x6d1f, 0x6d1f, 0x6d1f, 
	0x6d1f, 0x6d1f, 0x6d1f, 0x6d1f, 0x0000, 0x0000, 0x0000, 0x0000, 0x0000, 0xffff, 0xffff, 0x0000, 0x0000, 0x0000, 0x0000, 0x6d1f, 
	0x6d1f, 0x6d1f, 0x6d1f, 0x6d1f, 0x6d1f, 0x6d1f, 0x6d1f, 0x0000, 0x0000, 0x0000, 0x0000, 0x0000, 0x0000, 0x0000, 0x0000, 0x0000, 
	0x0000, 0x0000, 0x0000, 0x0000, 0x0000, 0x0000, 0x0000, 0x0000, 0x6d1f, 0x6d1f, 0x6d1f, 0x6d1f, 0x6d1f, 0x6d1f, 0x6d1f, 0x6d1f, 
	0x6d1f, 0x6d1f, 0x6d1f, 0x6d1f, 0x6d1f, 0x6d1f, 0x6d1f, 0x6d1f, 0x6d1f, 0x6d1f, 0x0000, 0x0000, 0x0000, 0x0000, 0x0000, 0xffff, 
	0xffff, 0x0000, 0x0000, 0x0000, 0x0000, 0x6d1f, 0x6d1f, 0x6d1f, 0x6d1f, 0x6d1f, 0x6d1f, 0x6d1f, 0x6d1f, 0x0000, 0x0000, 0x0000, 
	0x0000, 0x0000, 0x0000, 0x0000, 0x0000, 0x0000, 0x0000, 0x0000, 0x0000, 0x0000, 0x0000, 0x0000, 0x0000, 0x6d1f, 0x6d1f, 0x6d1f, 
	0x6d1f, 0x6d1f, 0x6d1f, 0x6d1f, 0x6d1f, 0x6d1f, 0x6d1f, 0x6d1f, 0x6d1f, 0x6d1f, 0x6d1f, 0x6d1f, 0x6d1f, 0x6d1f, 0x6d1f, 0x6d1f, 
	0x6d1f, 0x0000, 0x0000, 0x0000, 0x0000, 0xffff, 0xffff, 0x0000, 0x0000, 0x0000, 0x0000, 0x6d1f, 0x6d1f, 0x6d1f, 0x6d1f, 0x6d1f, 
	0x6d1f, 0x6d1f, 0x6d1f, 0x0000, 0x0000, 0x0000, 0x0000, 0x0000, 0x0000, 0x0000, 0x0000, 0x0000, 0x0000, 0x0000, 0x0000, 0x0000, 
	0x0000, 0x0000, 0x6d1f, 0x6d1f, 0x6d1f, 0x6d1f, 0x6d1f, 0x6d1f, 0x6d1f, 0x6d1f, 0x6d1f, 0x6d1f, 0x6d1f, 0x6d1f, 0x6d1f, 0x6d1f, 
	0x6d1f, 0x6d1f, 0x6d1f, 0x6d1f, 0x6d1f, 0x6d1f, 0x6d1f, 0x0000, 0x0000, 0x0000, 0x0000, 0xffff, 0xffff, 0x0000, 0x0000, 0x0000, 
	0x0000, 0x6d1f, 0x6d1f, 0x6d1f, 0x6d1f, 0x6d1f, 0x6d1f, 0x6d1f, 0x6d1f, 0x0000, 0x0000, 0x0000, 0x0000, 0x0000, 0x0000, 0x0000, 
	0x0000, 0x0000, 0x0000, 0x0000, 0x0000, 0x0000, 0x0000, 0x0000, 0x6d1f, 0x6d1f, 0x6d1f, 0x6d1f, 0x6d1f, 0x6d1f, 0x6d1f, 0x6d1f, 
	0x6d1f, 0x6d1f, 0x6d1f, 0x6d1f, 0x6d1f, 0x6d1f, 0x6d1f, 0x6d1f, 0x6d1f, 0x6d1f, 0x6d1f, 0x6d1f, 0x6d1f, 0x0000, 0x0000, 0x0000, 
	0x0000, 0xffff, 0xffff, 0x0000, 0x0000, 0x0000, 0x0000, 0x0000, 0x0000, 0x0000, 0x0000, 0x0000, 0x0000, 0x0000, 0x0000, 0x0000, 
	0x0000, 0x0000, 0x0000, 0x0000, 0x0000, 0x0000, 0x0000, 0x0000, 0x0000, 0x0000, 0x0000, 0x0000, 0x0000, 0x0000, 0x6d1f, 0x6d1f, 
	0x6d1f, 0x6d1f, 0x6d1f, 0x6d1f, 0x6d1f, 0x6d1f, 0x6d1f, 0x6d1f, 0x6d1f, 0x6d1f, 0x6d1f, 0x6d1f, 0x6d1f, 0x6d1f, 0x6d1f, 0x6d1f, 
	0x6d1f, 0x6d1f, 0x6d1f, 0x0000, 0x0000, 0x0000, 0x0000, 0xffff, 0xffff, 0x0000, 0x0000, 0x0000, 0x0000, 0x0000, 0x0000, 0x0000, 
	0x0000, 0x0000, 0x0000, 0x0000, 0x0000, 0x0000, 0x0000, 0x0000, 0x0000, 0x0000, 0x0000, 0x0000, 0x0000, 0x0000, 0x0000, 0x0000, 
	0x0000, 0x0000, 0x6d1f, 0x6d1f, 0x6d1f, 0x6d1f, 0x6d1f, 0x6d1f, 0x6d1f, 0x6d1f, 0x6d1f, 0x6d1f, 0x6d1f, 0x6d1f, 0x6d1f, 0x6d1f, 
	0x6d1f, 0x6d1f, 0x6d1f, 0x6d1f, 0x6d1f, 0x6d1f, 0x6d1f, 0x6d1f, 0x6d1f, 0x0000, 0x0000, 0x0000, 0x0000, 0xffff, 0xffff, 0x0000, 
	0x0000, 0x0000, 0x0000, 0x9e1f, 0x9e1f, 0x9e1f, 0x9e1f, 0x9e1f, 0x9e1f, 0x9e1f, 0x9e1f, 0x0000, 0x0000, 0x0000, 0x0000, 0x0000, 
	0x0000, 0x0000, 0x0000, 0x0000, 0x0000, 0x0000, 0x0000, 0x0000, 0x6d1f, 0x6d1f, 0x6d1f, 0x6d1f, 0x6d1f, 0x6d1f, 0x6d1f, 0x6d1f, 
	0x6d1f, 0x6d1f, 0x6d1f, 0x6d1f, 0x6d1f, 0x6d1f, 0x6d1f, 0x6d1f, 0x6d1f, 0x6d1f, 0x6d1f, 0x6d1f, 0x6d1f, 0x6d1f, 0x6d1f, 0x0000, 
	0x0000, 0x0000, 0x0000, 0xffff, 0xffff, 0x0000, 0x0000, 0x0000, 0x0000, 0x9e1f, 0x9e1f, 0x9e1f, 0x9e1f, 0x9e1f, 0x9e1f, 0x9e1f, 
	0x9e1f, 0x0000, 0x0000, 0x0000, 0x0000, 0x0000, 0x0000, 0x0000, 0x0000, 0x0000, 0x0000, 0x0000, 0x0000, 0x0000, 0x6d1f, 0x6d1f, 
	0x6d1f, 0x6d1f, 0x6d1f, 0x6d1f, 0x6d1f, 0x6d1f, 0x6d1f, 0x6d1f, 0x6d1f, 0x6d1f, 0x6d1f, 0x6d1f, 0x6d1f, 0x6d1f, 0x6d1f, 0x6d1f, 
	0x6d1f, 0x6d1f, 0x6d1f, 0x6d1f, 0x6d1f, 0x0000, 0x0000, 0x0000, 0x0000, 0xffff, 0xffff, 0x0000, 0x0000, 0x0000, 0x0000, 0x9e1f, 
	0x9e1f, 0x9e1f, 0x9e1f, 0x9e1f, 0x9e1f, 0x9e1f, 0x9e1f, 0x0000, 0x0000, 0x0000, 0x0000, 0x0000, 0x0000, 0x0000, 0x0000, 0x0000, 
	0x0000, 0x0000, 0x0000, 0x6d1f, 0x6d1f, 0x6d1f, 0x6d1f, 0x6d1f, 0x6d1f, 0x6d1f, 0x6d1f, 0x6d1f, 0x6d1f, 0x6d1f, 0x6d1f, 0x6d1f, 
	0x6d1f, 0x6d1f, 0x6d1f, 0x6d1f, 0x6d1f, 0x6d1f, 0x6d1f, 0x6d1f, 0x6d1f, 0x6d1f, 0x6d1f, 0x0000, 0x0000, 0x0000, 0x0000, 0xffff, 
	0xffff, 0x0000, 0x0000, 0x0000, 0x0000, 0x9e1f, 0x9e1f, 0x9e1f, 0x9e1f, 0x9e1f, 0x9e1f, 0x9e1f, 0x9e1f, 0x0000, 0x0000, 0x0000, 
	0x0000, 0x0000, 0x0000, 0x0000, 0x0000, 0x0000, 0x0000, 0x0000, 0x0000, 0x6d1f, 0x6d1f, 0x6d1f, 0x6d1f, 0x6d1f, 0x6d1f, 0x6d1f, 
	0x6d1f, 0x6d1f, 0x6d1f, 0x6d1f, 0x6d1f, 0x6d1f, 0x6d1f, 0x6d1f, 0x6d1f, 0x6d1f, 0x6d1f, 0x6d1f, 0x6d1f, 0x6d1f, 0x6d1f, 0x6d1f, 
	0x6d1f, 0x0000, 0x0000, 0x0000, 0x0000, 0xffff, 0xffff, 0x0000, 0x0000, 0x0000, 0x0000, 0x9e1f, 0x9e1f, 0x9e1f, 0x9e1f, 0x9e1f, 
	0x9e1f, 0x9e1f, 0x9e1f, 0x0000, 0x0000, 0x0000, 0x0000, 0x0000, 0x0000, 0x0000, 0x0000, 0x0000, 0x0000, 0x0000, 0x0000, 0x6d1f, 
	0x6d1f, 0x6d1f, 0x6d1f, 0x6d1f, 0x6d1f, 0x6d1f, 0x6d1f, 0x6d1f, 0x6d1f, 0x6d1f, 0x6d1f, 0x6d1f, 0x6d1f, 0x6d1f, 0x6d1f, 0x6d1f, 
	0x6d1f, 0x6d1f, 0x6d1f, 0x6d1f, 0x6d1f, 0x6d1f, 0x0000, 0x0000, 0x0000, 0x0000, 0x0000, 0xffff, 0xffff, 0x0000, 0x0000, 0x0000, 
	0x0000, 0x9e1f, 0x9e1f, 0x9e1f, 0x9e1f, 0x9e1f, 0x9e1f, 0x9e1f, 0x9e1f, 0x0000, 0x0000, 0x0000, 0x0000, 0x0000, 0x0000, 0x0000, 
	0x0000, 0x0000, 0x0000, 0x0000, 0x0000, 0x6d1f, 0x6d1f, 0x6d1f, 0x6d1f, 0x6d1f, 0x6d1f, 0x6d1f, 0x6d1f, 0x6d1f, 0x6d1f, 0x6d1f, 
	0x6d1f, 0x6d1f, 0x6d1f, 0x6d1f, 0x6d1f, 0x6d1f, 0x6d1f, 0x6d1f, 0x6d1f, 0x6d1f, 0x6d1f, 0x6d1f, 0x0000, 0x0000, 0x0000, 0x0000, 
	0x0000, 0xffff, 0xffff, 0x0000, 0x0000, 0x0000, 0x0000, 0x9e1f, 0x9e1f, 0x9e1f, 0x9e1f, 0x9e1f, 0x9e1f, 0x9e1f, 0x9e1f, 0x0000, 
	0x0000, 0x0000, 0x0000, 0x0000, 0x0000, 0x0000, 0x0000, 0x0000, 0x0000, 0x0000, 0x0000, 0x6d1f, 0x6d1f, 0x6d1f, 0x6d1f, 0x6d1f, 
	0x6d1f, 0x6d1f, 0x6d1f, 0x6d1f, 0x6d1f, 0x6d1f, 0x6d1f, 0x6d1f, 0x6d1f, 0x6d1f, 0x6d1f, 0x6d1f, 0x6d1f, 0x6d1f, 0x6d1f, 0x6d1f, 
	0x6d1f, 0x6d1f, 0x0000, 0x0000, 0x0000, 0x0000, 0x0000, 0xffff, 0xffff, 0x0000, 0x0000, 0x0000, 0x0000, 0x9e1f, 0x9e1f, 0x9e1f, 
	0x9e1f, 0x9e1f, 0x9e1f, 0x9e1f, 0x9e1f, 0x0000, 0x0000, 0x0000, 0x0000, 0x0000, 0x0000, 0x0000, 0x0000, 0x0000, 0x0000, 0x0000, 
	0x0000, 0x6d1f, 0x6d1f, 0x6d1f, 0x6d1f, 0x6d1f, 0x6d1f, 0x6d1f, 0x6d1f, 0x6d1f, 0x6d1f, 0x6d1f, 0x6d1f, 0x6d1f, 0x6d1f, 0x6d1f, 
	0x6d1f, 0x6d1f, 0x6d1f, 0x6d1f, 0x6d1f, 0x6d1f, 0x6d1f, 0x6d1f, 0x0000, 0x0000, 0x0000, 0x0000, 0x0000, 0xffff, 0xffff, 0x0000, 
	0x0000, 0x0000, 0x0000, 0x0000, 0x0000, 0x0000, 0x0000, 0x0000, 0x0000, 0x0000, 0x0000, 0x0000, 0x0000, 0x0000, 0x0000, 0x0000, 
	0x0000, 0x0000, 0x0000, 0x0000, 0x0000, 0x0000, 0x0000, 0x6d1f, 0x6d1f, 0x6d1f, 0x6d1f, 0x6d1f, 0x6d1f, 0x6d1f, 0x6d1f, 0x6d1f, 
	0x6d1f, 0x6d1f, 0x6d1f, 0x6d1f, 0x6d1f, 0x6d1f, 0x6d1f, 0x6d1f, 0x6d1f, 0x6d1f, 0x6d1f, 0x6d1f, 0x6d1f, 0x6d1f, 0x0000, 0x0000, 
	0x0000, 0x0000, 0x0000, 0xffff, 0xffff, 0x0000, 0x0000, 0x0000, 0x0000, 0x0000, 0x0000, 0x0000, 0x0000, 0x0000, 0x0000, 0x0000, 
	0x0000, 0x0000, 0x0000, 0x0000, 0x0000, 0x0000, 0x0000, 0x0000, 0x0000, 0x0000, 0x0000, 0x0000, 0x0000, 0x6d1f, 0x6d1f, 0x6d1f, 
	0x6d1f, 0x6d1f, 0x6d1f, 0x6d1f, 0x6d1f, 0x6d1f, 0x6d1f, 0x6d1f, 0x6d1f, 0x6d1f, 0x6d1f, 0x6d1f, 0x6d1f, 0x6d1f, 0x6d1f, 0x6d1f, 
	0x6d1f, 0x6d1f, 0x6d1f, 0x6d1f, 0x0000, 0x0000, 0x0000, 0x0000, 0x0000, 0xffff, 0xffff, 0x0000, 0x0000, 0x0000, 0x0000, 0x6d1f, 
	0x6d1f, 0x6d1f, 0x6d1f, 0x6d1f, 0x6d1f, 0x6d1f, 0x6d1f, 0x0000, 0x0000, 0x0000, 0x0000, 0x0000, 0x0000, 0x0000, 0x0000, 0x0000, 
	0x0000, 0x0000, 0x0000, 0x6d1f, 0x6d1f, 0x6d1f, 0x6d1f, 0x6d1f, 0x6d1f, 0x6d1f, 0x6d1f, 0x6d1f, 0x6d1f, 0x6d1f, 0x6d1f, 0x6d1f, 
	0x6d1f, 0x6d1f, 0x6d1f, 0x6d1f, 0x6d1f, 0x6d1f, 0x6d1f, 0x6d1f, 0x6d1f, 0x0000, 0x0000, 0x0000, 0x0000, 0x0000, 0x0000, 0xffff, 
	0xffff, 0x0000, 0x0000, 0x0000, 0x0000, 0x6d1f, 0x6d1f, 0x6d1f, 0x6d1f, 0x6d1f, 0x6d1f, 0x6d1f, 0x6d1f, 0x0000, 0x0000, 0x0000, 
	0x0000, 0x0000, 0x0000, 0x0000, 0x0000, 0x0000, 0x0000, 0x0000, 0x0000, 0x6d1f, 0x6d1f, 0x6d1f, 0x6d1f, 0x6d1f, 0x6d1f, 0x6d1f, 
	0x6d1f, 0x6d1f, 0x6d1f, 0x6d1f, 0x6d1f, 0x6d1f, 0x6d1f, 0x6d1f, 0x6d1f, 0x6d1f, 0x6d1f, 0x6d1f, 0x6d1f, 0x6d1f, 0x6d1f, 0x0000, 
	0x0000, 0x0000, 0x0000, 0x0000, 0x0000, 0xffff, 0xffff, 0x0000, 0x0000, 0x0000, 0x0000, 0x6d1f, 0x6d1f, 0x6d1f, 0x6d1f, 0x6d1f, 
	0x6d1f, 0x6d1f, 0x6d1f, 0x0000, 0x0000, 0x0000, 0x0000, 0x0000, 0x0000, 0x0000, 0x0000, 0x0000, 0x0000, 0x0000, 0x0000, 0x6d1f, 
	0x6d1f, 0x6d1f, 0x6d1f, 0x6d1f, 0x6d1f, 0x6d1f, 0x6d1f, 0x6d1f, 0x6d1f, 0x6d1f, 0x6d1f, 0x6d1f, 0x6d1f, 0x6d1f, 0x6d1f, 0x6d1f, 
	0x6d1f, 0x6d1f, 0x6d1f, 0x6d1f, 0x6d1f, 0x0000, 0x0000, 0x0000, 0x0000, 0x0000, 0x0000, 0xffff, 0xffff, 0x0000, 0x0000, 0x0000, 
	0x0000, 0x6d1f, 0x6d1f, 0x6d1f, 0x6d1f, 0x6d1f, 0x6d1f, 0x6d1f, 0x6d1f, 0x0000, 0x0000, 0x0000, 0x0000, 0x0000, 0x0000, 0x0000, 
	0x0000, 0x0000, 0x0000, 0x0000, 0x0000, 0x6d1f, 0x6d1f, 0x6d1f, 0x6d1f, 0x6d1f, 0x6d1f, 0x6d1f, 0x6d1f, 0x6d1f, 0x6d1f, 0x6d1f, 
	0x6d1f, 0x6d1f, 0x6d1f, 0x6d1f, 0x6d1f, 0x6d1f, 0x6d1f, 0x6d1f, 0x6d1f, 0x6d1f, 0x6d1f, 0x0000, 0x0000, 0x0000, 0x0000, 0x0000, 
	0x0000, 0xffff, 0xffff, 0x0000, 0x0000, 0x0000, 0x0000, 0x6d1f, 0x6d1f, 0x6d1f, 0x6d1f, 0x6d1f, 0x6d1f, 0x6d1f, 0x6d1f, 0x0000, 
	0x0000, 0x0000, 0x0000, 0x0000, 0x0000, 0x0000, 0x0000, 0x0000, 0x0000, 0x0000, 0x0000, 0x6d1f, 0x6d1f, 0x6d1f, 0x6d1f, 0x6d1f, 
	0x6d1f, 0x6d1f, 0x6d1f, 0x6d1f, 0x6d1f, 0x6d1f, 0x6d1f, 0x6d1f, 0x6d1f, 0x6d1f, 0x6d1f, 0x6d1f, 0x6d1f, 0x6d1f, 0x6d1f, 0x6d1f, 
	0x6d1f, 0x0000, 0x0000, 0x0000, 0x0000, 0x0000, 0x0000, 0xffff, 0xffff, 0x0000, 0x0000, 0x0000, 0x0000, 0x6d1f, 0x6d1f, 0x6d1f, 
	0x6d1f, 0x6d1f, 0x6d1f, 0x6d1f, 0x6d1f, 0x0000, 0x0000, 0x0000, 0x0000, 0x0000, 0x0000, 0x0000, 0x0000, 0x0000, 0x0000, 0x0000, 
	0x0000, 0x6d1f, 0x6d1f, 0x6d1f, 0x6d1f, 0x6d1f, 0x6d1f, 0x6d1f, 0x6d1f, 0x6d1f, 0x6d1f, 0x6d1f, 0x6d1f, 0x6d1f, 0x6d1f, 0x6d1f, 
	0x6d1f, 0x6d1f, 0x6d1f, 0x6d1f, 0x6d1f, 0x6d1f, 0x6d1f, 0x0000, 0x0000, 0x0000, 0x0000, 0x0000, 0x0000, 0xffff, 0xffff, 0x0000, 
	0x0000, 0x0000, 0x0000, 0x6d1f, 0x6d1f, 0x6d1f, 0x6d1f, 0x6d1f, 0x6d1f, 0x6d1f, 0x6d1f, 0x0000, 0x0000, 0x0000, 0x0000, 0x0000, 
	0x0000, 0x0000, 0x0000, 0x0000, 0x0000, 0x0000, 0x0000, 0x6d1f, 0x6d1f, 0x6d1f, 0x6d1f, 0x6d1f, 0x6d1f, 0x6d1f, 0x6d1f, 0x6d1f, 
	0x6d1f, 0x6d1f, 0x6d1f, 0x6d1f, 0x6d1f, 0x6d1f, 0x6d1f, 0x6d1f, 0x6d1f, 0x6d1f, 0x6d1f, 0x6d1f, 0x6d1f, 0x0000, 0x0000, 0x0000, 
	0x0000, 0x0000, 0x0000, 0xffff, 0xffff, 0x0000, 0x0000, 0x0000, 0x0000, 0x6d1f, 0x6d1f, 0x6d1f, 0x6d1f, 0x6d1f, 0x6d1f, 0x6d1f, 
	0x6d1f, 0x0000, 0x0000, 0x0000, 0x0000, 0x0000, 0x0000, 0x0000, 0x0000, 0x0000, 0x0000, 0x0000, 0x0000, 0x6d1f, 0x6d1f, 0x6d1f, 
	0x6d1f, 0x6d1f, 0x6d1f, 0x6d1f, 0x6d1f, 0x6d1f, 0x6d1f, 0x6d1f, 0x6d1f, 0x6d1f, 0x6d1f, 0x6d1f, 0x6d1f, 0x6d1f, 0x6d1f, 0x6d1f, 
	0x6d1f, 0x6d1f, 0x6d1f, 0x0000, 0x0000, 0x0000, 0x0000, 0x0000, 0x0000, 0xffff, 0xffff, 0x0000, 0x0000, 0x0000, 0x0000, 0x0000, 
	0x0000, 0x0000, 0x0000, 0x0000, 0x0000, 0x0000, 0x0000, 0x0000, 0x0000, 0x0000, 0x0000, 0x0000, 0x0000, 0x0000, 0x0000, 0x0000, 
	0x0000, 0x0000, 0x0000, 0x6d1f, 0x6d1f, 0x6d1f, 0x6d1f, 0x6d1f, 0x6d1f, 0x6d1f, 0x6d1f, 0x6d1f, 0x6d1f, 0x6d1f, 0x6d1f, 0x6d1f, 
	0x6d1f, 0x6d1f, 0x6d1f, 0x6d1f, 0x6d1f, 0x6d1f, 0x6d1f, 0x6d1f, 0x6d1f, 0x6d1f, 0x0000, 0x0000, 0x0000, 0x0000, 0x0000, 0xffff, 
	0xffff, 0x0000, 0x0000, 0x0000, 0x0000, 0x0000, 0x0000, 0x0000, 0x0000, 0x0000, 0x0000, 0x0000, 0x0000, 0x0000, 0x0000, 0x0000, 
	0x0000, 0x0000, 0x0000, 0x0000, 0x0000, 0x0000, 0x0000, 0x0000, 0x0000, 0x6d1f, 0x6d1f, 0x6d1f, 0x6d1f, 0x6d1f, 0x6d1f, 0x6d1f, 
	0x6d1f, 0x6d1f, 0x6d1f, 0x6d1f, 0x6d1f, 0x6d1f, 0x6d1f, 0x6d1f, 0x6d1f, 0x6d1f, 0x6d1f, 0x6d1f, 0x6d1f, 0x6d1f, 0x6d1f, 0x6d1f, 
	0x0000, 0x0000, 0x0000, 0x0000, 0x0000, 0xffff, 0xffff, 0x0000, 0x0000, 0x0000, 0x0000, 0x9e1f, 0x9e1f, 0x9e1f, 0x9e1f, 0x9e1f, 
	0x9e1f, 0x9e1f, 0x9e1f, 0x0000, 0x0000, 0x0000, 0x0000, 0x0000, 0x0000, 0x0000, 0x0000, 0x0000, 0x0000, 0x0000, 0x0000, 0x6d1f, 
	0x6d1f, 0x6d1f, 0x6d1f, 0x6d1f, 0x6d1f, 0x6d1f, 0x6d1f, 0x6d1f, 0x6d1f, 0x6d1f, 0x6d1f, 0x6d1f, 0x6d1f, 0x6d1f, 0x6d1f, 0x6d1f, 
	0x6d1f, 0x6d1f, 0x6d1f, 0x6d1f, 0x6d1f, 0x6d1f, 0x0000, 0x0000, 0x0000, 0x0000, 0x0000, 0xffff, 0xffff, 0x0000, 0x0000, 0x0000, 
	0x0000, 0x9e1f, 0x9e1f, 0x9e1f, 0x9e1f, 0x9e1f, 0x9e1f, 0x9e1f, 0x9e1f, 0x0000, 0x0000, 0x0000, 0x0000, 0x0000, 0x0000, 0x0000, 
	0x0000, 0x0000, 0x0000, 0x0000, 0x0000, 0x6d1f, 0x6d1f, 0x6d1f, 0x6d1f, 0x6d1f, 0x6d1f, 0x6d1f, 0x6d1f, 0x6d1f, 0x6d1f, 0x6d1f, 
	0x6d1f, 0x6d1f, 0x6d1f, 0x6d1f, 0x6d1f, 0x6d1f, 0x6d1f, 0x6d1f, 0x6d1f, 0x6d1f, 0x6d1f, 0x6d1f, 0x0000, 0x0000, 0x0000, 0x0000, 
	0x0000, 0xffff, 0xffff, 0x0000, 0x0000, 0x0000, 0x0000, 0x9e1f, 0x9e1f, 0x9e1f, 0x9e1f, 0x9e1f, 0x9e1f, 0x9e1f, 0x9e1f, 0x0000, 
	0x0000, 0x0000, 0x0000, 0x0000, 0x0000, 0x0000, 0x0000, 0x0000, 0x0000, 0x0000, 0x0000, 0x6d1f, 0x6d1f, 0x6d1f, 0x6d1f, 0x6d1f, 
	0x6d1f, 0x6d1f, 0x6d1f, 0x6d1f, 0x6d1f, 0x6d1f, 0x6d1f, 0x6d1f, 0x6d1f, 0x6d1f, 0x6d1f, 0x6d1f, 0x6d1f, 0x6d1f, 0x6d1f, 0x6d1f, 
	0x6d1f, 0x6d1f, 0x0000, 0x0000, 0x0000, 0x0000, 0x0000, 0xffff, 0xffff, 0x0000, 0x0000, 0x0000, 0x0000, 0x9e1f, 0x9e1f, 0x9e1f, 
	0x9e1f, 0x9e1f, 0x9e1f, 0x9e1f, 0x9e1f, 0x0000, 0x0000, 0x0000, 0x0000, 0x0000, 0x0000, 0x0000, 0x0000, 0x0000, 0x0000, 0x0000, 
	0x0000, 0x6d1f, 0x6d1f, 0x6d1f, 0x6d1f, 0x6d1f, 0x6d1f, 0x6d1f, 0x6d1f, 0x6d1f, 0x6d1f, 0x6d1f, 0x6d1f, 0x6d1f, 0x6d1f, 0x6d1f, 
	0x6d1f, 0x6d1f, 0x6d1f, 0x6d1f, 0x6d1f, 0x6d1f, 0x6d1f, 0x6d1f, 0x0000, 0x0000, 0x0000, 0x0000, 0x0000, 0xffff, 0xffff, 0x0000, 
	0x0000, 0x0000, 0x0000, 0x9e1f, 0x9e1f, 0x9e1f, 0x9e1f, 0x9e1f, 0x9e1f, 0x9e1f, 0x9e1f, 0x0000, 0x0000, 0x0000, 0x0000, 0x0000, 
	0x0000, 0x0000, 0x0000, 0x0000, 0x0000, 0x0000, 0x0000, 0x6d1f, 0x6d1f, 0x6d1f, 0x6d1f, 0x6d1f, 0x6d1f, 0x6d1f, 0x6d1f, 0x6d1f, 
	0x6d1f, 0x6d1f, 0x6d1f, 0x6d1f, 0x6d1f, 0x6d1f, 0x6d1f, 0x6d1f, 0x6d1f, 0x6d1f, 0x6d1f, 0x6d1f, 0x6d1f, 0x6d1f, 0x6d1f, 0x0000, 
	0x0000, 0x0000, 0x0000, 0xffff, 0xffff, 0x0000, 0x0000, 0x0000, 0x0000, 0x9e1f, 0x9e1f, 0x9e1f, 0x9e1f, 0x9e1f, 0x9e1f, 0x9e1f, 
	0x9e1f, 0x0000, 0x0000, 0x0000, 0x0000, 0x0000, 0x0000, 0x0000, 0x0000, 0x0000, 0x0000, 0x0000, 0x0000, 0x6d1f, 0x6d1f, 0x6d1f, 
	0x6d1f, 0x6d1f, 0x6d1f, 0x6d1f, 0x6d1f, 0x6d1f, 0x6d1f, 0x6d1f, 0x6d1f, 0x6d1f, 0x6d1f, 0x6d1f, 0x6d1f, 0x6d1f, 0x6d1f, 0x6d1f, 
	0x6d1f, 0x6d1f, 0x6d1f, 0x6d1f, 0x6d1f, 0x0000, 0x0000, 0x0000, 0x0000, 0xffff, 0xffff, 0x0000, 0x0000, 0x0000, 0x0000, 0x9e1f, 
	0x9e1f, 0x9e1f, 0x9e1f, 0x9e1f, 0x9e1f, 0x9e1f, 0x9e1f, 0x0000, 0x0000, 0x0000, 0x0000, 0x0000, 0x0000, 0x0000, 0x0000, 0x0000, 
	0x0000, 0x0000, 0x0000, 0x0000, 0x6d1f, 0x6d1f, 0x6d1f, 0x6d1f, 0x6d1f, 0x6d1f, 0x6d1f, 0x6d1f, 0x6d1f, 0x6d1f, 0x6d1f, 0x6d1f, 
	0x6d1f, 0x6d1f, 0x6d1f, 0x6d1f, 0x6d1f, 0x6d1f, 0x6d1f, 0x6d1f, 0x6d1f, 0x6d1f, 0x6d1f, 0x0000, 0x0000, 0x0000, 0x0000, 0xffff, 
	0xffff, 0x0000, 0x0000, 0x0000, 0x0000, 0x9e1f, 0x9e1f, 0x9e1f, 0x9e1f, 0x9e1f, 0x9e1f, 0x9e1f, 0x9e1f, 0x0000, 0x0000, 0x0000, 
	0x0000, 0x0000, 0x0000, 0x0000, 0x0000, 0x0000, 0x0000, 0x0000, 0x0000, 0x0000, 0x6d1f, 0x6d1f, 0x6d1f, 0x6d1f, 0x6d1f, 0x6d1f, 
	0x6d1f, 0x6d1f, 0x6d1f, 0x6d1f, 0x6d1f, 0x6d1f, 0x6d1f, 0x6d1f, 0x6d1f, 0x6d1f, 0x6d1f, 0x6d1f, 0x6d1f, 0x6d1f, 0x6d1f, 0x6d1f, 
	0x6d1f, 0x0000, 0x0000, 0x0000, 0x0000, 0xffff, 0xffff, 0x0000, 0x0000, 0x0000, 0x0000, 0x0000, 0x0000, 0x0000, 0x0000, 0x0000, 
	0x0000, 0x0000, 0x0000, 0x0000, 0x0000, 0x0000, 0x0000, 0x0000, 0x0000, 0x0000, 0x0000, 0x0000, 0x0000, 0x0000, 0x0000, 0x0000, 
	0x6d1f, 0x6d1f, 0x6d1f, 0x6d1f, 0x6d1f, 0x6d1f, 0x6d1f, 0x6d1f, 0x6d1f, 0x6d1f, 0x6d1f, 0x6d1f, 0x6d1f, 0x6d1f, 0x6d1f, 0x6d1f, 
	0x6d1f, 0x6d1f, 0x6d1f, 0x6d1f, 0x6d1f, 0x6d1f, 0x6d1f, 0x0000, 0x0000, 0x0000, 0x0000, 0xffff, 0xffff, 0x0000, 0x0000, 0x0000, 
	0x0000, 0x0000, 0x0000, 0x0000, 0x0000, 0x0000, 0x0000, 0x0000, 0x0000, 0x0000, 0x0000, 0x0000, 0x0000, 0x0000, 0x0000, 0x0000, 
	0x0000, 0x0000, 0x0000, 0x0000, 0x0000, 0x0000, 0x0000, 0x0000, 0x6d1f, 0x6d1f, 0x6d1f, 0x6d1f, 0x6d1f, 0x6d1f, 0x6d1f, 0x6d1f, 
	0x6d1f, 0x6d1f, 0x6d1f, 0x6d1f, 0x6d1f, 0x6d1f, 0x6d1f, 0x6d1f, 0x6d1f, 0x6d1f, 0x6d1f, 0x6d1f, 0x6d1f, 0x0000, 0x0000, 0x0000, 
	0x0000, 0xffff, 0xffff, 0x0000, 0x0000, 0x0000, 0x0000, 0x6d1f, 0x6d1f, 0x6d1f, 0x6d1f, 0x6d1f, 0x6d1f, 0x6d1f, 0x6d1f, 0x0000, 
	0x0000, 0x0000, 0x0000, 0x0000, 0x0000, 0x0000, 0x0000, 0x0000, 0x0000, 0x0000, 0x0000, 0x0000, 0x0000, 0x0000, 0x6d1f, 0x6d1f, 
	0x6d1f, 0x6d1f, 0x6d1f, 0x6d1f, 0x6d1f, 0x6d1f, 0x6d1f, 0x6d1f, 0x6d1f, 0x6d1f, 0x6d1f, 0x6d1f, 0x6d1f, 0x6d1f, 0x6d1f, 0x6d1f, 
	0x6d1f, 0x6d1f, 0x6d1f, 0x0000, 0x0000, 0x0000, 0x0000, 0xffff, 0xffff, 0x0000, 0x0000, 0x0000, 0x0000, 0x6d1f, 0x6d1f, 0x6d1f, 
	0x6d1f, 0x6d1f, 0x6d1f, 0x6d1f, 0x6d1f, 0x0000, 0x0000, 0x0000, 0x0000, 0x0000, 0x0000, 0x0000, 0x0000, 0x0000, 0x0000, 0x0000, 
	0x0000, 0x0000, 0x0000, 0x0000, 0x6d1f, 0x6d1f, 0x6d1f, 0x6d1f, 0x6d1f, 0x6d1f, 0x6d1f, 0x6d1f, 0x6d1f, 0x6d1f, 0x6d1f, 0x6d1f, 
	0x6d1f, 0x6d1f, 0x6d1f, 0x6d1f, 0x6d1f, 0x6d1f, 0x6d1f, 0x6d1f, 0x6d1f, 0x0000, 0x0000, 0x0000, 0x0000, 0xffff, 0xffff, 0x0000, 
	0x0000, 0x0000, 0x0000, 0x6d1f, 0x6d1f, 0x6d1f, 0x6d1f, 0x6d1f, 0x6d1f, 0x6d1f, 0x6d1f, 0x0000, 0x0000, 0x0000, 0x0000, 0x0000, 
	0x0000, 0x0000, 0x0000, 0x0000, 0x0000, 0x0000, 0x0000, 0x0000, 0x0000, 0x0000, 0x0000, 0x6d1f, 0x6d1f, 0x6d1f, 0x6d1f, 0x6d1f, 
	0x6d1f, 0x6d1f, 0x6d1f, 0x6d1f, 0x6d1f, 0x6d1f, 0x6d1f, 0x6d1f, 0x6d1f, 0x6d1f, 0x6d1f, 0x6d1f, 0x6d1f, 0x6d1f, 0x6d1f, 0x0000, 
	0x0000, 0x0000, 0x0000, 0xffff, 0xffff, 0x0000, 0x0000, 0x0000, 0x0000, 0x6d1f, 0x6d1f, 0x6d1f, 0x6d1f, 0x6d1f, 0x6d1f, 0x6d1f, 
	0x6d1f, 0x0000, 0x0000, 0x0000, 0x0000, 0x0000, 0x0000, 0x0000, 0x0000, 0x0000, 0x0000, 0x0000, 0x0000, 0x0000, 0x0000, 0x0000, 
	0x0000, 0x0000, 0x6d1f, 0x6d1f, 0x6d1f, 0x6d1f, 0x6d1f, 0x6d1f, 0x6d1f, 0x6d1f, 0x6d1f, 0x6d1f, 0x6d1f, 0x6d1f, 0x6d1f, 0x6d1f, 
	0x6d1f, 0x6d1f, 0x6d1f, 0x6d1f, 0x0000, 0x0000, 0x0000, 0x0000, 0x0000, 0xffff, 0xffff, 0x0000, 0x0000, 0x0000, 0x0000, 0x6d1f, 
	0x6d1f, 0x6d1f, 0x6d1f, 0x6d1f, 0x6d1f, 0x6d1f, 0x6d1f, 0x0000, 0x0000, 0x0000, 0x0000, 0x0000, 0x0000, 0x0000, 0x0000, 0x0000, 
	0x0000, 0x0000, 0x0000, 0x0000, 0x0000, 0x0000, 0x0000, 0x0000, 0x0000, 0x6d1f, 0x6d1f, 0x6d1f, 0x6d1f, 0x6d1f, 0x6d1f, 0x6d1f, 
	0x6d1f, 0x6d1f, 0x6d1f, 0x6d1f, 0x6d1f, 0x6d1f, 0x6d1f, 0x6d1f, 0x6d1f, 0x0000, 0x0000, 0x0000, 0x0000, 0x0000, 0x0000, 0xffff, 
	0xffff, 0x0000, 0x0000, 0x0000, 0x0000, 0x6d1f, 0x6d1f, 0x6d1f, 0x6d1f, 0x6d1f, 0x6d1f, 0x6d1f, 0x6d1f, 0x0000, 0x0000, 0x0000, 
	0x0000, 0x0000, 0x0000, 0x0000, 0x0000, 0x0000, 0x0000, 0x0000, 0x0000, 0x0000, 0x0000, 0x0000, 0x0000, 0x0000, 0x0000, 0x0000, 
	0x6d1f, 0x6d1f, 0x6d1f, 0x6d1f, 0x6d1f, 0x6d1f, 0x6d1f, 0x6d1f, 0x6d1f, 0x6d1f, 0x6d1f, 0x6d1f, 0x6d1f, 0x6d1f, 0x0000, 0x0000, 
	0x0000, 0x0000, 0x0000, 0x0000, 0x0000, 0xffff, 0xffff, 0x0000, 0x0000, 0x0000, 0x0000, 0x6d1f, 0x6d1f, 0x6d1f, 0x6d1f, 0x6d1f, 
	0x6d1f, 0x6d1f, 0x6d1f, 0x0000, 0x0000, 0x0000, 0x0000, 0x0000, 0x0000, 0x0000, 0x0000, 0x0000, 0x0000, 0x0000, 0x0000, 0x0000, 
	0x0000, 0x0000, 0x0000, 0x0000, 0x0000, 0x0000, 0x0000, 0x0000, 0x0000, 0x0000, 0x0000, 0x6d1f, 0x6d1f, 0x6d1f, 0x6d1f, 0x0000, 
	0x0000, 0x0000, 0x0000, 0x0000, 0x0000, 0x0000, 0x0000, 0x0000, 0x0000, 0x0000, 0x0000, 0xffff, 0xffff, 0x0000, 0x0000, 0x0000, 
	0x0000, 0x6d1f, 0x6d1f, 0x6d1f, 0x6d1f, 0x6d1f, 0x6d1f, 0x6d1f, 0x6d1f, 0x0000, 0x0000, 0x0000, 0x0000, 0x0000, 0x0000, 0x0000, 
	0x0000, 0x0000, 0x0000, 0x0000, 0x0000, 0x0000, 0x0000, 0x0000, 0x0000, 0x0000, 0x0000, 0x0000, 0x0000, 0x0000, 0x0000, 0x0000, 
	0x0000, 0x0000, 0x0000, 0x0000, 0x0000, 0x0000, 0x0000, 0x0000, 0x0000, 0x0000, 0x0000, 0x0000, 0x0000, 0x0000, 0x0000, 0x0000, 
	0x0000, 0xffff, 0xffff, 0x0000, 0x0000, 0x0000, 0x0000, 0x0000, 0x0000, 0x0000, 0x0000, 0x0000, 0x0000, 0x0000, 0x0000, 0x0000, 
	0x0000, 0x0000, 0x0000, 0x0000, 0x0000, 0x0000, 0x0000, 0x0000, 0x0000, 0x0000, 0x0000, 0x0000, 0x0000, 0x0000, 0x0000, 0x0000, 
	0x0000, 0x0000, 0x0000, 0x0000, 0x0000, 0x0000, 0x0000, 0x0000, 0x0000, 0x0000, 0x0000, 0x0000, 0x0000, 0x0000, 0x0000, 0x0000, 
	0x0000, 0x0000, 0x0000, 0x0000, 0x0000, 0x0000, 0x0000, 0xffff, 0xffff, 0x0000, 0x0000, 0x0000, 0x0000, 0x0000, 0x0000, 0x0000, 
	0x0000, 0x0000, 0x0000, 0x0000, 0x0000, 0x0000, 0x0000, 0x0000, 0x0000, 0x0000, 0x0000, 0x0000, 0x0000, 0x0000, 0x0000, 0x0000, 
	0x0000, 0x0000, 0x0000, 0x0000, 0x0000, 0x0000, 0x0000, 0x0000, 0x0000, 0x0000, 0x0000, 0x0000, 0x0000, 0x0000, 0x0000, 0x0000, 
	0x0000, 0x0000, 0x0000, 0x0000, 0x0000, 0x0000, 0x0000, 0x0000, 0x0000, 0x0000, 0x0000, 0x0000, 0x0000, 0xffff, 0xffff, 0xffff, 
	0xffff, 0xffff, 0xffff, 0xffff, 0xffff, 0xffff, 0xffff, 0xffff, 0xffff, 0xffff, 0xffff, 0xffff, 0xffff, 0xffff, 0xffff, 0xffff, 
	0xffff, 0xffff, 0xffff, 0xffff, 0xffff, 0xffff, 0xffff, 0xffff, 0xffff, 0xffff, 0xffff, 0xffff, 0xffff, 0xffff, 0xffff, 0xffff, 
	0xffff, 0xffff, 0xffff, 0xffff, 0xffff, 0xffff, 0xffff, 0xffff, 0xffff, 0xffff, 0xffff, 0xffff, 0xffff, 0xffff, 0xffff, 0xffff, 
	0xffff, 0xffff, 0xffff, 0xffff
};

const uint16_t ftobuttonD[] PROGMEM = {
	0xffff, 0xffff, 0xffff, 0xffff, 0xffff, 0xffff, 0xffff, 0xffff, 0xffff, 0xffff, 0xffff, 0xffff, 0xffff, 0xffff, 0xffff, 0xffff, 
	0xffff, 0xffff, 0xffff, 0xffff, 0xffff, 0xffff, 0xffff, 0xffff, 0xffff, 0xffff, 0xffff, 0xffff, 0xffff, 0xffff, 0xffff, 0xffff, 
	0xffff, 0xffff, 0xffff, 0xffff, 0xffff, 0xffff, 0xffff, 0xffff, 0xffff, 0xffff, 0xffff, 0xffff, 0xffff, 0xffff, 0xffff, 0xffff, 
	0xffff, 0xffff, 0xffff, 0xffff, 0xffff, 0xffff, 0xffff, 0x0000, 0x0000, 0x0000, 0x0000, 0x0000, 0x0000, 0x0000, 0x0000, 0x0000, 
	0x0000, 0x0000, 0x0000, 0x0000, 0x0000, 0x0000, 0x0000, 0x0000, 0x0000, 0x0000, 0x0000, 0x0000, 0x0000, 0x0000, 0x0000, 0x0000, 
	0x0000, 0x0000, 0x0000, 0x0000, 0x0000, 0x0000, 0x0000, 0x0000, 0x0000, 0x0000, 0x0000, 0x0000, 0x0000, 0x0000, 0x0000, 0x0000, 
	0x0000, 0x0000, 0x0000, 0x0000, 0x0000, 0x0000, 0x0000, 0x0000, 0x0000, 0x0000, 0x0000, 0xffff, 0xffff, 0x0000, 0x0000, 0x0000, 
	0x0000, 0x0000, 0x0000, 0x0000, 0x0000, 0x0000, 0x0000, 0x0000, 0x0000, 0x0000, 0x0000, 0x0000, 0x0000, 0x0000, 0x0000, 0x0000, 
	0x0000, 0x0000, 0x0000, 0x0000, 0x0000, 0x0000, 0x0000, 0x0000, 0x0000, 0x0000, 0x0000, 0x0000, 0x0000, 0x0000, 0x0000, 0x0000, 
	0x0000, 0x0000, 0x0000, 0x0000, 0x0000, 0x0000, 0x0000, 0x0000, 0x0000, 0x0000, 0x0000, 0x0000, 0x0000, 0x0000, 0x0000, 0x0000, 
	0x0000, 0xffff, 0xffff, 0x0000, 0x0000, 0x0000, 0x0000, 0x0000, 0x0000, 0x0000, 0x0000, 0x0000, 0x0000, 0x0000, 0x0000, 0x0000, 
	0x0000, 0x0000, 0x0000, 0x0000, 0x0000, 0x0000, 0x0000, 0x0000, 0x0000, 0x0000, 0x0000, 0x0000, 0x0000, 0x0000, 0x0000, 0x0000, 
	0x0000, 0x0000, 0x0000, 0x0000, 0x0000, 0x0000, 0x0000, 0x0000, 0x0000, 0x0000, 0x0000, 0x0000, 0x0000, 0x0000, 0x0000, 0x0000, 
	0x0000, 0x0000, 0x0000, 0x0000, 0x0000, 0x0000, 0x0000, 0xffff, 0xffff, 0x0000, 0x0000, 0x0000, 0x0000, 0x0000, 0x0000, 0x0000, 
	0x0000, 0x0000, 0x0000, 0x0000, 0x0000, 0x0000, 0x0000, 0x0000, 0x0000, 0x0000, 0x0000, 0x0000, 0x0000, 0x0000, 0x0000, 0x0000, 
	0x0000, 0x0000, 0x0000, 0x0000, 0x0000, 0x0000, 0x0000, 0x0000, 0x0000, 0x0000, 0x0000, 0x0000, 0x0000, 0x0000, 0x0000, 0x0000, 
	0x0000, 0x0000, 0x0000, 0x0000, 0x0000, 0x0000, 0x0000, 0x0000, 0x0000, 0x0000, 0x0000, 0x0000, 0x0000, 0xffff, 0xffff, 0x0000, 
	0x0000, 0x0000, 0x0000, 0x0000, 0x0000, 0x0000, 0x0000, 0x0000, 0x0000, 0x0000, 0x0000, 0x0000, 0x0000, 0x0000, 0x0000, 0x0000, 
	0x0000, 0x0000, 0x0000, 0x0000, 0x0000, 0x0000, 0x0000, 0x0000, 0x0000, 0x0000, 0x0000, 0x0000, 0x0000, 0x0000, 0x0000, 0x0000, 
	0x0000, 0x0000, 0x0000, 0x0000, 0x0000, 0x0000, 0x0000, 0x0000, 0x0000, 0x0000, 0x0000, 0x0000, 0x0000, 0x0000, 0x0000, 0x0000, 
	0x0000, 0x0000, 0x0000, 0xffff, 0xffff, 0x0000, 0x0000, 0x0000, 0x0000, 0x0000, 0x0000, 0x0000, 0x6d1f, 0x6d1f, 0x6d1f, 0x6d1f, 
	0x6d1f, 0x6d1f, 0x6d1f, 0x6d1f, 0x6d1f, 0x6d1f, 0x0000, 0x0000, 0x0000, 0x0000, 0x6d1f, 0x6d1f, 0x6d1f, 0x6d1f, 0x6d1f, 0x6d1f, 
	0x6d1f, 0x6d1f, 0x6d1f, 0x6d1f, 0x0000, 0x0000, 0x0000, 0x0000, 0x6d1f, 0x6d1f, 0x6d1f, 0x6d1f, 0x6d1f, 0x6d1f, 0x6d1f, 0x6d1f, 
	0x6d1f, 0x6d1f, 0x0000, 0x0000, 0x0000, 0x0000, 0x0000, 0x0000, 0x0000, 0xffff, 0xffff, 0x0000, 0x0000, 0x0000, 0x0000, 0x0000, 
	0x0000, 0x0000, 0x0000, 0x6d1f, 0x6d1f, 0x6d1f, 0x6d1f, 0x6d1f, 0x6d1f, 0x6d1f, 0x6d1f, 0x0000, 0x0000, 0x9e1f, 0x9e1f, 0x0000, 
	0x0000, 0x6d1f, 0x6d1f, 0x6d1f, 0x6d1f, 0x6d1f, 0x6d1f, 0x6d1f, 0x6d1f, 0x0000, 0x0000, 0x9e1f, 0x9e1f, 0x0000, 0x0000, 0x6d1f, 
	0x6d1f, 0x6d1f, 0x6d1f, 0x6d1f, 0x6d1f, 0x6d1f, 0x6d1f, 0x0000, 0x0000, 0x0000, 0x0000, 0x0000, 0x0000, 0x0000, 0x0000, 0xffff, 
	0xffff, 0x0000, 0x0000, 0x0000, 0x0000, 0x6d1f, 0x0000, 0x0000, 0x0000, 0x0000, 0x6d1f, 0x6d1f, 0x6d1f, 0x6d1f, 0x6d1f, 0x6d1f, 
	0x0000, 0x0000, 0x9e1f, 0x9e1f, 0x9e1f, 0x9e1f, 0x0000, 0x0000, 0x6d1f, 0x6d1f, 0x6d1f, 0x6d1f, 0x6d1f, 0x6d1f, 0x0000, 0x0000, 
	0x9e1f, 0x9e1f, 0x9e1f, 0x9e1f, 0x0000, 0x0000, 0x6d1f, 0x6d1f, 0x6d1f, 0x6d1f, 0x6d1f, 0x6d1f, 0x0000, 0x0000, 0x0000, 0x0000, 
	0x6d1f, 0x0000, 0x0000, 0x0000, 0x0000, 0xffff, 0xffff, 0x0000, 0x0000, 0x0000, 0x0000, 0x6d1f, 0x6d1f, 0x0000, 0x0000, 0x0000, 
	0x0000, 0x6d1f, 0x6d1f, 0x6d1f, 0x6d1f, 0x0000, 0x0000, 0x9e1f, 0x9e1f, 0x9e1f, 0x9e1f, 0x9e1f, 0x9e1f, 0x0000, 0x0000, 0x6d1f, 
	0x6d1f, 0x6d1f, 0x6d1f, 0x0000, 0x0000, 0x9e1f, 0x9e1f, 0x9e1f, 0x9e1f, 0x9e1f, 0x9e1f, 0x0000, 0x0000, 0x6d1f, 0x6d1f, 0x6d1f, 
	0x6d1f, 0x0000, 0x0000, 0x0000, 0x0000, 0x6d1f, 0x6d1f, 0x0000, 0x0000, 0x0000, 0x0000, 0xffff, 0xffff, 0x0000, 0x0000, 0x0000, 
	0x0000, 0x6d1f, 0x6d1f, 0x6d1f, 0x0000, 0x0000, 0x0000, 0x0000, 0x6d1f, 0x6d1f, 0x0000, 0x0000, 0x9e1f, 0x9e1f, 0x9e1f, 0x9e1f, 
	0x9e1f, 0x9e1f, 0x9e1f, 0x9e1f, 0x0000, 0x0000, 0x6d1f, 0x6d1f, 0x0000, 0x0000, 0x9e1f, 0x9e1f, 0x9e1f, 0x9e1f, 0x9e1f, 0x9e1f, 
	0x9e1f, 0x9e1f, 0x0000, 0x0000, 0x6d1f, 0x6d1f, 0x0000, 0x0000, 0x0000, 0x0000, 0x6d1f, 0x6d1f, 0x6d1f, 0x0000, 0x0000, 0x0000, 
	0x0000, 0xffff, 0xffff, 0x0000, 0x0000, 0x0000, 0x0000, 0x6d1f, 0x6d1f, 0x6d1f, 0x6d1f, 0x0000, 0x0000, 0x0000, 0x0000, 0x0000, 
	0x0000, 0x9e1f, 0x9e1f, 0x9e1f, 0x9e1f, 0x9e1f, 0x9e1f, 0x9e1f, 0x9e1f, 0x9e1f, 0x9e1f, 0x0000, 0x0000, 0x0000, 0x0000, 0x9e1f, 
	0x9e1f, 0x9e1f, 0x9e1f, 0x9e1f, 0x9e1f, 0x9e1f, 0x9e1f, 0x9e1f, 0x9e1f, 0x0000, 0x0000, 0x0000, 0x0000, 0x0000, 0x0000, 0x6d1f, 
	0x6d1f, 0x6d1f, 0x6d1f, 0x0000, 0x0000, 0x0000, 0x0000, 0xffff, 0xffff, 0x0000, 0x0000, 0x0000, 0x0000, 0x6d1f, 0x6d1f, 0x6d1f, 
	0x6d1f, 0x6d1f, 0x0000, 0x0000, 0x0000, 0x0000, 0x0000, 0x0000, 0x0000, 0x0000, 0x0000, 0x0000, 0x0000, 0x0000, 0x0000, 0x0000, 
	0x0000, 0x0000, 0x0000, 0x0000, 0x0000, 0x0000, 0x0000, 0x0000, 0x0000, 0x0000, 0x0000, 0x0000, 0x0000, 0x0000, 0x0000, 0x0000, 
	0x0000, 0x0000, 0x0000, 0x0000, 0x6d1f, 0x6d1f, 0x6d1f, 0x6d1f, 0x6d1f, 0x0000, 0x0000, 0x0000, 0x0000, 0xffff, 0xffff, 0x0000, 
	0x0000, 0x0000, 0x0000, 0x6d1f, 0x6d1f, 0x6d1f, 0x6d1f, 0x6d1f, 0x0000, 0x0000, 0x0000, 0x0000, 0x0000, 0x6d1f, 0x6d1f, 0x6d1f, 
	0x6d1f, 0x6d1f, 0x6d1f, 0x6d1f, 0x6d1f, 0x6d1f, 0x6d1f, 0x0000, 0x0000, 0x0000, 0x0000, 0x6d1f, 0x6d1f, 0x6d1f, 0x6d1f, 0x6d1f, 
	0x6d1f, 0x6d1f, 0x6d1f, 0x6d1f, 0x6d1f, 0x0000, 0x0000, 0x0000, 0x0000, 0x0000, 0x6d1f, 0x6d1f, 0x6d1f, 0x6d1f, 0x6d1f, 0x0000, 
	0x0000, 0x0000, 0x0000, 0xffff, 0xffff, 0x0000, 0x0000, 0x0000, 0x0000, 0x6d1f, 0x6d1f, 0x6d1f, 0x6d1f, 0x0000, 0x0000, 0x0000, 
	0x0000, 0x0000, 0x0000, 0x0000, 0x6d1f, 0x6d1f, 0x6d1f, 0x6d1f, 0x6d1f, 0x6d1f, 0x6d1f, 0x6d1f, 0x0000, 0x0000, 0x9e1f, 0x9e1f, 
	0x0000, 0x0000, 0x6d1f, 0x6d1f, 0x6d1f, 0x6d1f, 0x6d1f, 0x6d1f, 0x6d1f, 0x6d1f, 0x0000, 0x0000, 0x0000, 0x0000, 0x0000, 0x0000, 
	0x0000, 0x6d1f, 0x6d1f, 0x6d1f, 0x6d1f, 0x0000, 0x0000, 0x0000, 0x0000, 0xffff, 0xffff, 0x0000, 0x0000, 0x0000, 0x0000, 0x6d1f, 
	0x6d1f, 0x6d1f, 0x0000, 0x0000, 0x9e1f, 0x0000, 0x6d1f, 0x0000, 0x0000, 0x0000, 0x0000, 0x6d1f, 0x6d1f, 0x6d1f, 0x6d1f, 0x6d1f, 
	0x6d1f, 0x0000, 0x0000, 0x9e1f, 0x9e1f, 0x9e1f, 0x9e1f, 0x0000, 0x0000, 0x6d1f, 0x6d1f, 0x6d1f, 0x6d1f, 0x6d1f, 0x6d1f, 0x0000, 
	0x0000, 0x0000, 0x0000, 0x6d1f, 0x0000, 0x9e1f, 0x0000, 0x0000, 0x6d1f, 0x6d1f, 0x6d1f, 0x0000, 0x0000, 0x0000, 0x0000, 0xffff, 
	0xffff, 0x0000, 0x0000, 0x0000, 0x0000, 0x6d1f, 0x6d1f, 0x0000, 0x0000, 0x9e1f, 0x9e1f, 0x0000, 0x6d1f, 0x6d1f, 0x0000, 0x0000, 
	0x0000, 0x0000, 0x6d1f, 0x6d1f, 0x6d1f, 0x6d1f, 0x0000, 0x0000, 0x9e1f, 0x9e1f, 0x9e1f, 0x9e1f, 0x9e1f, 0x9e1f, 0x0000, 0x0000, 
	0x6d1f, 0x6d1f, 0x6d1f, 0x6d1f, 0x0000, 0x0000, 0x0000, 0x0000, 0x6d1f, 0x6d1f, 0x0000, 0x9e1f, 0x9e1f, 0x0000, 0x0000, 0x6d1f, 
	0x6d1f, 0x0000, 0x0000, 0x0000, 0x0000, 0xffff, 0xffff, 0x0000, 0x0000, 0x0000, 0x0000, 0x6d1f, 0x0000, 0x0000, 0x9e1f, 0x9e1f, 
	0x9e1f, 0x0000, 0x6d1f, 0x6d1f, 0x6d1f, 0x0000, 0x0000, 0x0000, 0x0000, 0x6d1f, 0x6d1f, 0x0000, 0x0000, 0x9e1f, 0x9e1f, 0x9e1f, 
	0x9e1f, 0x9e1f, 0x9e1f, 0x9e1f, 0x9e1f, 0x0000, 0x0000, 0x6d1f, 0x6d1f, 0x0000, 0x0000, 0x0000, 0x0000, 0x6d1f, 0x6d1f, 0x6d1f, 
	0x0000, 0x9e1f, 0x9e1f, 0x9e1f, 0x0000, 0x0000, 0x6d1f, 0x0000, 0x0000, 0x0000, 0x0000, 0xffff, 0xffff, 0x0000, 0x0000, 0x0000, 
	0x0000, 0x0000, 0x0000, 0x9e1f, 0x9e1f, 0x9e1f, 0x9e1f, 0x0000, 0x6d1f, 0x6d1f, 0x6d1f, 0x6d1f, 0x0000, 0x0000, 0x0000, 0x0000, 
	0x0000, 0x0000, 0x9e1f, 0x9e1f, 0x9e1f, 0x9e1f, 0x9e1f, 0x9e1f, 0x9e1f, 0x9e1f, 0x9e1f, 0x9e1f, 0x0000, 0x0000, 0x0000, 0x0000, 
	0x0000, 0x0000, 0x6d1f, 0x6d1f, 0x6d1f, 0x6d1f, 0x0000, 0x9e1f, 0x9e1f, 0x9e1f, 0x9e1f, 0x0000, 0x0000, 0x0000, 0x0000, 0x0000, 
	0x0000, 0xffff, 0xffff, 0x0000, 0x0000, 0x0000, 0x0000, 0x0000, 0x9e1f, 0x9e1f, 0x9e1f, 0x9e1f, 0x9e1f, 0x0000, 0x6d1f, 0x6d1f, 
	0x6d1f, 0x6d1f, 0x6d1f, 0x0000, 0x0000, 0x0000, 0x0000, 0x0000, 0x0000, 0x0000, 0x0000, 0x0000, 0x0000, 0x0000, 0x0000, 0x0000, 
	0x0000, 0x0000, 0x0000, 0x0000, 0x0000, 0x0000, 0x0000, 0x6d1f, 0x6d1f, 0x6d1f, 0x6d1f, 0x6d1f, 0x0000, 0x9e1f, 0x9e1f, 0x9e1f, 
	0x9e1f, 0x9e1f, 0x0000, 0x0000, 0x0000, 0x0000, 0x0000, 0xffff, 0xffff, 0x0000, 0x0000, 0x0000, 0x0000, 0x0000, 0x9e1f, 0x9e1f, 
	0x9e1f, 0x9e1f, 0x9e1f, 0x0000, 0x6d1f, 0x6d1f, 0x6d1f, 0x6d1f, 0x6d1f, 0x0000, 0x0000, 0x0000, 0x0000, 0x0000, 0x6d1f, 0x6d1f, 
	0x6d1f, 0x6d1f, 0x6d1f, 0x6d1f, 0x6d1f, 0x6d1f, 0x6d1f, 0x6d1f, 0x0000, 0x0000, 0x0000, 0x0000, 0x0000, 0x6d1f, 0x6d1f, 0x6d1f, 
	0x6d1f, 0x6d1f, 0x0000, 0x9e1f, 0x9e1f, 0x9e1f, 0x9e1f, 0x9e1f, 0x0000, 0x0000, 0x0000, 0x0000, 0x0000, 0xffff, 0xffff, 0x0000, 
	0x0000, 0x0000, 0x0000, 0x0000, 0x0000, 0x9e1f, 0x9e1f, 0x9e1f, 0x9e1f, 0x0000, 0x6d1f, 0x6d1f, 0x6d1f, 0x6d1f, 0x0000, 0x0000, 
	0x0000, 0x0000, 0x0000, 0x0000, 0x0000, 0x6d1f, 0x6d1f, 0x6d1f, 0x6d1f, 0x6d1f, 0x6d1f, 0x6d1f, 0x6d1f, 0x0000, 0x0000, 0x0000, 
	0x0000, 0x0000, 0x0000, 0x0000, 0x6d1f, 0x6d1f, 0x6d1f, 0x6d1f, 0x0000, 0x9e1f, 0x9e1f, 0x9e1f, 0x9e1f, 0x0000, 0x0000, 0x0000, 
	0x0000, 0x0000, 0x0000, 0xffff, 0xffff, 0x0000, 0x0000, 0x0000, 0x0000, 0x6d1f, 0x0000, 0x0000, 0x9e1f, 0x9e1f, 0x9e1f, 0x0000, 
	0x6d1f, 0x6d1f, 0x6d1f, 0x0000, 0x0000, 0x9e1f, 0x0000, 0x6d1f, 0x0000, 0x0000, 0x0000, 0x0000, 0x6d1f, 0x6d1f, 0x6d1f, 0x6d1f, 
	0x6d1f, 0x6d1f, 0x0000, 0x0000, 0x0000, 0x0000, 0x6d1f, 0x0000, 0x9e1f, 0x0000, 0x0000, 0x6d1f, 0x6d1f, 0x6d1f, 0x0000, 0x9e1f, 
	0x9e1f, 0x9e1f, 0x0000, 0x0000, 0x6d1f, 0x0000, 0x0000, 0x0000, 0x0000, 0xffff, 0xffff, 0x0000, 0x0000, 0x0000, 0x0000, 0x6d1f, 
	0x6d1f, 0x0000, 0x0000, 0x9e1f, 0x9e1f, 0x0000, 0x6d1f, 0x6d1f, 0x0000, 0x0000, 0x9e1f, 0x9e1f, 0x0000, 0x6d1f, 0x6d1f, 0x0000, 
	0x0000, 0x0000, 0x0000, 0x6d1f, 0x6d1f, 0x6d1f, 0x6d1f, 0x0000, 0x0000, 0x0000, 0x0000, 0x6d1f, 0x6d1f, 0x0000, 0x9e1f, 0x9e1f, 
	0x0000, 0x0000, 0x6d1f, 0x6d1f, 0x0000, 0x9e1f, 0x9e1f, 0x0000, 0x0000, 0x6d1f, 0x6d1f, 0x0000, 0x0000, 0x0000, 0x0000, 0xffff, 
	0xffff, 0x0000, 0x0000, 0x0000, 0x0000, 0x6d1f, 0x6d1f, 0x6d1f, 0x0000, 0x0000, 0x9e1f, 0x0000, 0x6d1f, 0x0000, 0x0000, 0x9e1f, 
	0x9e1f, 0x9e1f, 0x0000, 0x6d1f, 0x6d1f, 0x6d1f, 0x0000, 0x0000, 0x0000, 0x0000, 0x6d1f, 0x6d1f, 0x0000, 0x0000, 0x0000, 0x0000, 
	0x6d1f, 0x6d1f, 0x6d1f, 0x0000, 0x9e1f, 0x9e1f, 0x9e1f, 0x0000, 0x0000, 0x6d1f, 0x0000, 0x9e1f, 0x0000, 0x0000, 0x6d1f, 0x6d1f, 
	0x6d1f, 0x0000, 0x0000, 0x0000, 0x0000, 0xffff, 0xffff, 0x0000, 0x0000, 0x0000, 0x0000, 0x6d1f, 0x6d1f, 0x6d1f, 0x6d1f, 0x0000, 
	0x0000, 0x0000, 0x0000, 0x0000, 0x9e1f, 0x9e1f, 0x9e1f, 0x9e1f, 0x0000, 0x6d1f, 0x6d1f, 0x6d1f, 0x6d1f, 0x0000, 0x0000, 0x0000, 
	0x0000, 0x0000, 0x0000, 0x0000, 0x0000, 0x6d1f, 0x6d1f, 0x6d1f, 0x6d1f, 0x0000, 0x9e1f, 0x9e1f, 0x9e1f, 0x9e1f, 0x0000, 0x0000, 
	0x0000, 0x0000, 0x0000, 0x6d1f, 0x6d1f, 0x6d1f, 0x6d1f, 0x0000, 0x0000, 0x0000, 0x0000, 0xffff, 0xffff, 0x0000, 0x0000, 0x0000, 
	0x0000, 0x6d1f, 0x6d1f, 0x6d1f, 0x6d1f, 0x6d1f, 0x0000, 0x0000, 0x0000, 0x9e1f, 0x9e1f, 0x9e1f, 0x9e1f, 0x9e1f, 0x0000, 0x6d1f, 
	0x6d1f, 0x6d1f, 0x6d1f, 0x6d1f, 0x0000, 0x0000, 0x0000, 0x0000, 0x0000, 0x0000, 0x6d1f, 0x6d1f, 0x6d1f, 0x6d1f, 0x6d1f, 0x0000, 
	0x9e1f, 0x9e1f, 0x9e1f, 0x9e1f, 0x9e1f, 0x0000, 0x0000, 0x0000, 0x6d1f, 0x6d1f, 0x6d1f, 0x6d1f, 0x6d1f, 0x0000, 0x0000, 0x0000, 
	0x0000, 0xffff, 0xffff, 0x0000, 0x0000, 0x0000, 0x0000, 0x6d1f, 0x6d1f, 0x6d1f, 0x6d1f, 0x6d1f, 0x0000, 0x0000, 0x0000, 0x9e1f, 
	0x9e1f, 0x9e1f, 0x9e1f, 0x9e1f, 0x0000, 0x6d1f, 0x6d1f, 0x6d1f, 0x6d1f, 0x6d1f, 0x0000, 0x0000, 0x0000, 0x0000, 0x0000, 0x0000, 
	0x6d1f, 0x6d1f, 0x6d1f, 0x6d1f, 0x6d1f, 0x0000, 0x9e1f, 0x9e1f, 0x9e1f, 0x9e1f, 0x9e1f, 0x0000, 0x0000, 0x0000, 0x6d1f, 0x6d1f, 
	0x6d1f, 0x6d1f, 0x6d1f, 0x0000, 0x0000, 0x0000, 0x0000, 0xffff, 0xffff, 0x0000, 0x0000, 0x0000, 0x0000, 0x6d1f, 0x6d1f, 0x6d1f, 
	0x6d1f, 0x0000, 0x0000, 0x0000, 0x0000, 0x0000, 0x9e1f, 0x9e1f, 0x9e1f, 0x9e1f, 0x0000, 0x6d1f, 0x6d1f, 0x6d1f, 0x6d1f, 0x0000, 
	0x0000, 0x0000, 0x0000, 0x0000, 0x0000, 0x0000, 0x0000, 0x6d1f, 0x6d1f, 0x6d1f, 0x6d1f, 0x0000, 0x9e1f, 0x9e1f, 0x9e1f, 0x9e1f, 
	0x0000, 0x0000, 0x0000, 0x0000, 0x0000, 0x6d1f, 0x6d1f, 0x6d1f, 0x6d1f, 0x0000, 0x0000, 0x0000, 0x0000, 0xffff, 0xffff, 0x0000, 
	0x0000, 0x0000, 0x0000, 0x6d1f, 0x6d1f, 0x6d1f, 0x0000, 0x0000, 0x9e1f, 0x0000, 0x6d1f, 0x0000, 0x0000, 0x9e1f, 0x9e1f, 0x9e1f, 
	0x0000, 0x6d1f, 0x6d1f, 0x6d1f, 0x0000, 0x0000, 0x0000, 0x0000, 0x6d1f, 0x6d1f, 0x0000, 0x0000, 0x0000, 0x0000, 0x6d1f, 0x6d1f, 
	0x6d1f, 0x0000, 0x9e1f, 0x9e1f, 0x9e1f, 0x0000, 0x0000, 0x6d1f, 0x0000, 0x9e1f, 0x0000, 0x0000, 0x6d1f, 0x6d1f, 0x6d1f, 0x0000, 
	0x0000, 0x0000, 0x0000, 0xffff, 0xffff, 0x0000, 0x0000, 0x0000, 0x0000, 0x6d1f, 0x6d1f, 0x0000, 0x0000, 0x9e1f, 0x9e1f, 0x0000, 
	0x6d1f, 0x6d1f, 0x0000, 0x0000, 0x9e1f, 0x9e1f, 0x0000, 0x6d1f, 0x6d1f, 0x0000, 0x0000, 0x0000, 0x0000, 0x6d1f, 0x6d1f, 0x6d1f, 
	0x6d1f, 0x0000, 0x0000, 0x0000, 0x0000, 0x6d1f, 0x6d1f, 0x0000, 0x9e1f, 0x9e1f, 0x0000, 0x0000, 0x6d1f, 0x6d1f, 0x0000, 0x9e1f, 
	0x9e1f, 0x0000, 0x0000, 0x6d1f, 0x6d1f, 0x0000, 0x0000, 0x0000, 0x0000, 0xffff, 0xffff, 0x0000, 0x0000, 0x0000, 0x0000, 0x6d1f, 
	0x0000, 0x0000, 0x9e1f, 0x9e1f, 0x9e1f, 0x0000, 0x6d1f, 0x6d1f, 0x6d1f, 0x0000, 0x0000, 0x9e1f, 0x0000, 0x6d1f, 0x0000, 0x0000, 
	0x0000, 0x0000, 0x6d1f, 0x6d1f, 0x6d1f, 0x6d1f, 0x6d1f, 0x6d1f, 0x0000, 0x0000, 0x0000, 0x0000, 0x6d1f, 0x0000, 0x9e1f, 0x0000, 
	0x0000, 0x6d1f, 0x6d1f, 0x6d1f, 0x0000, 0x9e1f, 0x9e1f, 0x9e1f, 0x0000, 0x0000, 0x6d1f, 0x0000, 0x0000, 0x0000, 0x0000, 0xffff, 
	0xffff, 0x0000, 0x0000, 0x0000, 0x0000, 0x0000, 0x0000, 0x9e1f, 0x9e1f, 0x9e1f, 0x9e1f, 0x0000, 0x6d1f, 0x6d1f, 0x6d1f, 0x6d1f, 
	0x0000, 0x0000, 0x0000, 0x0000, 0x0000, 0x0000, 0x0000, 0x6d1f, 0x6d1f, 0x6d1f, 0x6d1f, 0x6d1f, 0x6d1f, 0x6d1f, 0x6d1f, 0x0000, 
	0x0000, 0x0000, 0x0000, 0x0000, 0x0000, 0x0000, 0x6d1f, 0x6d1f, 0x6d1f, 0x6d1f, 0x0000, 0x9e1f, 0x9e1f, 0x9e1f, 0x9e1f, 0x0000, 
	0x0000, 0x0000, 0x0000, 0x0000, 0x0000, 0xffff, 0xffff, 0x0000, 0x0000, 0x0000, 0x0000, 0x0000, 0x9e1f, 0x9e1f, 0x9e1f, 0x9e1f, 
	0x9e1f, 0x0000, 0x6d1f, 0x6d1f, 0x6d1f, 0x6d1f, 0x6d1f, 0x0000, 0x0000, 0x0000, 0x0000, 0x0000, 0x6d1f, 0x6d1f, 0x6d1f, 0x6d1f, 
	0x6d1f, 0x6d1f, 0x6d1f, 0x6d1f, 0x6d1f, 0x6d1f, 0x0000, 0x0000, 0x0000, 0x0000, 0x0000, 0x6d1f, 0x6d1f, 0x6d1f, 0x6d1f, 0x6d1f, 
	0x0000, 0x9e1f, 0x9e1f, 0x9e1f, 0x9e1f, 0x9e1f, 0x0000, 0x0000, 0x0000, 0x0000, 0x0000, 0xffff, 0xffff, 0x0000, 0x0000, 0x0000, 
	0x0000, 0x0000, 0x9e1f, 0x9e1f, 0x9e1f, 0x9e1f, 0x9e1f, 0x0000, 0x6d1f, 0x6d1f, 0x6d1f, 0x6d1f, 0x6d1f, 0x0000, 0x0000, 0x0000, 
	0x0000, 0x0000, 0x0000, 0x0000, 0x0000, 0x0000, 0x0000, 0x0000, 0x0000, 0x0000, 0x0000, 0x0000, 0x0000, 0x0000, 0x0000, 0x0000, 
	0x0000, 0x6d1f, 0x6d1f, 0x6d1f, 0x6d1f, 0x6d1f, 0x0000, 0x9e1f, 0x9e1f, 0x9e1f, 0x9e1f, 0x9e1f, 0x0000, 0x0000, 0x0000, 0x0000, 
	0x0000, 0xffff, 0xffff, 0x0000, 0x0000, 0x0000, 0x0000, 0x0000, 0x0000, 0x9e1f, 0x9e1f, 0x9e1f, 0x9e1f, 0x0000, 0x6d1f, 0x6d1f, 
	0x6d1f, 0x6d1f, 0x0000, 0x0000, 0x0000, 0x0000, 0x0000, 0x0000, 0x9e1f, 0x9e1f, 0x9e1f, 0x9e1f, 0x9e1f, 0x9e1f, 0x9e1f, 0x9e1f, 
	0x9e1f, 0x9e1f, 0x0000, 0x0000, 0x0000, 0x0000, 0x0000, 0x0000, 0x6d1f, 0x6d1f, 0x6d1f, 0x6d1f, 0x0000, 0x9e1f, 0x9e1f, 0x9e1f, 
	0x9e1f, 0x0000, 0x0000, 0x0000, 0x0000, 0x0000, 0x0000, 0xffff, 0xffff, 0x0000, 0x0000, 0x0000, 0x0000, 0x6d1f, 0x0000, 0x0000, 
	0x9e1f, 0x9e1f, 0x9e1f, 0x0000, 0x6d1f, 0x6d1f, 0x6d1f, 0x0000, 0x0000, 0x0000, 0x0000, 0x6d1f, 0x6d1f, 0x0000, 0x0000, 0x9e1f, 
	0x9e1f, 0x9e1f, 0x9e1f, 0x9e1f, 0x9e1f, 0x9e1f, 0x9e1f, 0x0000, 0x0000, 0x6d1f, 0x6d1f, 0x0000, 0x0000, 0x0000, 0x0000, 0x6d1f, 
	0x6d1f, 0x6d1f, 0x0000, 0x9e1f, 0x9e1f, 0x9e1f, 0x0000, 0x0000, 0x6d1f, 0x0000, 0x0000, 0x0000, 0x0000, 0xffff, 0xffff, 0x0000, 
	0x0000, 0x0000, 0x0000, 0x6d1f, 0x6d1f, 0x0000, 0x0000, 0x9e1f, 0x9e1f, 0x0000, 0x6d1f, 0x6d1f, 0x0000, 0x0000, 0x0000, 0x0000, 
	0x6d1f, 0x6d1f, 0x6d1f, 0x6d1f, 0x0000, 0x0000, 0x9e1f, 0x9e1f, 0x9e1f, 0x9e1f, 0x9e1f, 0x9e1f, 0x0000, 0x0000, 0x6d1f, 0x6d1f, 
	0x6d1f, 0x6d1f, 0x0000, 0x0000, 0x0000, 0x0000, 0x6d1f, 0x6d1f, 0x0000, 0x9e1f, 0x9e1f, 0x0000, 0x0000, 0x6d1f, 0x6d1f, 0x0000, 
	0x0000, 0x0000, 0x0000, 0xffff, 0xffff, 0x0000, 0x0000, 0x0000, 0x0000, 0x6d1f, 0x6d1f, 0x6d1f, 0x0000, 0x0000, 0x9e1f, 0x0000, 
	0x6d1f, 0x0000, 0x0000, 0x0000, 0x0000, 0x6d1f, 0x6d1f, 0x6d1f, 0x6d1f, 0x6d1f, 0x6d1f, 0x0000, 0x0000, 0x9e1f, 0x9e1f, 0x9e1f, 
	0x9e1f, 0x0000, 0x0000, 0x6d1f, 0x6d1f, 0x6d1f, 0x6d1f, 0x6d1f, 0x6d1f, 0x0000, 0x0000, 0x0000, 0x0000, 0x6d1f, 0x0000, 0x9e1f, 
	0x0000, 0x0000, 0x6d1f, 0x6d1f, 0x6d1f, 0x0000, 0x0000, 0x0000, 0x0000, 0xffff, 0xffff, 0x0000, 0x0000, 0x0000, 0x0000, 0x6d1f, 
	0x6d1f, 0x6d1f, 0x6d1f, 0x0000, 0x0000, 0x0000, 0x0000, 0x0000, 0x0000, 0x0000, 0x6d1f, 0x6d1f, 0x6d1f, 0x6d1f, 0x6d1f, 0x6d1f, 
	0x6d1f, 0x6d1f, 0x0000, 0x0000, 0x9e1f, 0x9e1f, 0x0000, 0x0000, 0x6d1f, 0x6d1f, 0x6d1f, 0x6d1f, 0x6d1f, 0x6d1f, 0x6d1f, 0x6d1f, 
	0x0000, 0x0000, 0x0000, 0x0000, 0x0000, 0x0000, 0x0000, 0x6d1f, 0x6d1f, 0x6d1f, 0x6d1f, 0x0000, 0x0000, 0x0000, 0x0000, 0xffff, 
	0xffff, 0x0000, 0x0000, 0x0000, 0x0000, 0x6d1f, 0x6d1f, 0x6d1f, 0x6d1f, 0x6d1f, 0x0000, 0x0000, 0x0000, 0x0000, 0x0000, 0x6d1f, 
	0x6d1f, 0x6d1f, 0x6d1f, 0x6d1f, 0x6d1f, 0x6d1f, 0x6d1f, 0x6d1f, 0x6d1f, 0x0000, 0x0000, 0x0000, 0x0000, 0x6d1f, 0x6d1f, 0x6d1f, 
	0x6d1f, 0x6d1f, 0x6d1f, 0x6d1f, 0x6d1f, 0x6d1f, 0x6d1f, 0x0000, 0x0000, 0x0000, 0x0000, 0x0000, 0x6d1f, 0x6d1f, 0x6d1f, 0x6d1f, 
	0x6d1f, 0x0000, 0x0000, 0x0000, 0x0000, 0xffff, 0xffff, 0x0000, 0x0000, 0x0000, 0x0000, 0x6d1f, 0x6d1f, 0x6d1f, 0x6d1f, 0x6d1f, 
	0x0000, 0x0000, 0x0000, 0x0000, 0x0000, 0x0000, 0x0000, 0x0000, 0x0000, 0x0000, 0x0000, 0x0000, 0x0000, 0x0000, 0x0000, 0x0000, 
	0x0000, 0x0000, 0x0000, 0x0000, 0x0000, 0x0000, 0x0000, 0x0000, 0x0000, 0x0000, 0x0000, 0x0000, 0x0000, 0x0000, 0x0000, 0x0000, 
	0x0000, 0x0000, 0x6d1f, 0x6d1f, 0x6d1f, 0x6d1f, 0x6d1f, 0x0000, 0x0000, 0x0000, 0x0000, 0xffff, 0xffff, 0x0000, 0x0000, 0x0000, 
	0x0000, 0x6d1f, 0x6d1f, 0x6d1f, 0x6d1f, 0x0000, 0x0000, 0x0000, 0x0000, 0x0000, 0x0000, 0x9e1f, 0x9e1f, 0x9e1f, 0x9e1f, 0x9e1f, 
	0x9e1f, 0x9e1f, 0x9e1f, 0x9e1f, 0x9e1f, 0x0000, 0x0000, 0x0000, 0x0000, 0x9e1f, 0x9e1f, 0x9e1f, 0x9e1f, 0x9e1f, 0x9e1f, 0x9e1f, 
	0x9e1f, 0x9e1f, 0x9e1f, 0x0000, 0x0000, 0x0000, 0x0000, 0x0000, 0x0000, 0x6d1f, 0x6d1f, 0x6d1f, 0x6d1f, 0x0000, 0x0000, 0x0000, 
	0x0000, 0xffff, 0xffff, 0x0000, 0x0000, 0x0000, 0x0000, 0x6d1f, 0x6d1f, 0x6d1f, 0x0000, 0x0000, 0x0000, 0x0000, 0x6d1f, 0x6d1f, 
	0x0000, 0x0000, 0x9e1f, 0x9e1f, 0x9e1f, 0x9e1f, 0x9e1f, 0x9e1f, 0x9e1f, 0x9e1f, 0x0000, 0x0000, 0x6d1f, 0x6d1f, 0x0000, 0x0000, 
	0x9e1f, 0x9e1f, 0x9e1f, 0x9e1f, 0x9e1f, 0x9e1f, 0x9e1f, 0x9e1f, 0x0000, 0x0000, 0x6d1f, 0x6d1f, 0x0000, 0x0000, 0x0000, 0x0000, 
	0x6d1f, 0x6d1f, 0x6d1f, 0x0000, 0x0000, 0x0000, 0x0000, 0xffff, 0xffff, 0x0000, 0x0000, 0x0000, 0x0000, 0x6d1f, 0x6d1f, 0x0000, 
	0x0000, 0x0000, 0x0000, 0x6d1f, 0x6d1f, 0x6d1f, 0x6d1f, 0x0000, 0x0000, 0x9e1f, 0x9e1f, 0x9e1f, 0x9e1f, 0x9e1f, 0x9e1f, 0x0000, 
	0x0000, 0x6d1f, 0x6d1f, 0x6d1f, 0x6d1f, 0x0000, 0x0000, 0x9e1f, 0x9e1f, 0x9e1f, 0x9e1f, 0x9e1f, 0x9e1f, 0x0000, 0x0000, 0x6d1f, 
	0x6d1f, 0x6d1f, 0x6d1f, 0x0000, 0x0000, 0x0000, 0x0000, 0x6d1f, 0x6d1f, 0x0000, 0x0000, 0x0000, 0x0000, 0xffff, 0xffff, 0x0000, 
	0x0000, 0x0000, 0x0000, 0x6d1f, 0x0000, 0x0000, 0x0000, 0x0000, 0x6d1f, 0x6d1f, 0x6d1f, 0x6d1f, 0x6d1f, 0x6d1f, 0x0000, 0x0000, 
	0x9e1f, 0x9e1f, 0x9e1f, 0x9e1f, 0x0000, 0x0000, 0x6d1f, 0x6d1f, 0x6d1f, 0x6d1f, 0x6d1f, 0x6d1f, 0x0000, 0x0000, 0x9e1f, 0x9e1f, 
	0x9e1f, 0x9e1f, 0x0000, 0x0000, 0x6d1f, 0x6d1f, 0x6d1f, 0x6d1f, 0x6d1f, 0x6d1f, 0x0000, 0x0000, 0x0000, 0x0000, 0x6d1f, 0x0000, 
	0x0000, 0x0000, 0x0000, 0xffff, 0xffff, 0x0000, 0x0000, 0x0000, 0x0000, 0x0000, 0x0000, 0x0000, 0x0000, 0x6d1f, 0x6d1f, 0x6d1f, 
	0x6d1f, 0x6d1f, 0x6d1f, 0x6d1f, 0x6d1f, 0x0000, 0x0000, 0x9e1f, 0x9e1f, 0x0000, 0x0000, 0x6d1f, 0x6d1f, 0x6d1f, 0x6d1f, 0x6d1f, 
	0x6d1f, 0x6d1f, 0x6d1f, 0x0000, 0x0000, 0x9e1f, 0x9e1f, 0x0000, 0x0000, 0x6d1f, 0x6d1f, 0x6d1f, 0x6d1f, 0x6d1f, 0x6d1f, 0x6d1f, 
	0x6d1f, 0x0000, 0x0000, 0x0000, 0x0000, 0x0000, 0x0000, 0x0000, 0x0000, 0xffff, 0xffff, 0x0000, 0x0000, 0x0000, 0x0000, 0x0000, 
	0x0000, 0x0000, 0x6d1f, 0x6d1f, 0x6d1f, 0x6d1f, 0x6d1f, 0x6d1f, 0x6d1f, 0x6d1f, 0x6d1f, 0x6d1f, 0x0000, 0x0000, 0x0000, 0x0000, 
	0x6d1f, 0x6d1f, 0x6d1f, 0x6d1f, 0x6d1f, 0x6d1f, 0x6d1f, 0x6d1f, 0x6d1f, 0x6d1f, 0x0000, 0x0000, 0x0000, 0x0000, 0x6d1f, 0x6d1f, 
	0x6d1f, 0x6d1f, 0x6d1f, 0x6d1f, 0x6d1f, 0x6d1f, 0x6d1f, 0x6d1f, 0x0000, 0x0000, 0x0000, 0x0000, 0x0000, 0x0000, 0x0000, 0xffff, 
	0xffff, 0x0000, 0x0000, 0x0000, 0x0000, 0x0000, 0x0000, 0x0000, 0x0000, 0x0000, 0x0000, 0x0000, 0x0000, 0x0000, 0x0000, 0x0000, 
	0x0000, 0x0000, 0x0000, 0x0000, 0x0000, 0x0000, 0x0000, 0x0000, 0x0000, 0x0000, 0x0000, 0x0000, 0x0000, 0x0000, 0x0000, 0x0000, 
	0x0000, 0x0000, 0x0000, 0x0000, 0x0000, 0x0000, 0x0000, 0x0000, 0x0000, 0x0000, 0x0000, 0x0000, 0x0000, 0x0000, 0x0000, 0x0000, 
	0x0000, 0x0000, 0x0000, 0x0000, 0x0000, 0xffff, 0xffff, 0x0000, 0x0000, 0x0000, 0x0000, 0x0000, 0x0000, 0x0000, 0x0000, 0x0000, 
	0x0000, 0x0000, 0x0000, 0x0000, 0x0000, 0x0000, 0x0000, 0x0000, 0x0000, 0x0000, 0x0000, 0x0000, 0x0000, 0x0000, 0x0000, 0x0000, 
	0x0000, 0x0000, 0x0000, 0x0000, 0x0000, 0x0000, 0x0000, 0x0000, 0x0000, 0x0000, 0x0000, 0x0000, 0x0000, 0x0000, 0x0000, 0x0000, 
	0x0000, 0x0000, 0x0000, 0x0000, 0x0000, 0x0000, 0x0000, 0x0000, 0x0000, 0x0000, 0x0000, 0xffff, 0xffff, 0x0000, 0x0000, 0x0000, 
	0x0000, 0x0000, 0x0000, 0x0000, 0x0000, 0x0000, 0x0000, 0x0000, 0x0000, 0x0000, 0x0000, 0x0000, 0x0000, 0x0000, 0x0000, 0x0000, 
	0x0000, 0x0000, 0x0000, 0x0000, 0x0000, 0x0000, 0x0000, 0x0000, 0x0000, 0x0000, 0x0000, 0x0000, 0x0000, 0x0000, 0x0000, 0x0000, 
	0x0000, 0x0000, 0x0000, 0x0000, 0x0000, 0x0000, 0x0000, 0x0000, 0x0000, 0x0000, 0x0000, 0x0000, 0x0000, 0x0000, 0x0000, 0x0000, 
	0x0000, 0xffff, 0xffff, 0x0000, 0x0000, 0x0000, 0x0000, 0x0000, 0x0000, 0x0000, 0x0000, 0x0000, 0x0000, 0x0000, 0x0000, 0x0000, 
	0x0000, 0x0000, 0x0000, 0x0000, 0x0000, 0x0000, 0x0000, 0x0000, 0x0000, 0x0000, 0x0000, 0x0000, 0x0000, 0x0000, 0x0000, 0x0000, 
	0x0000, 0x0000, 0x0000, 0x0000, 0x0000, 0x0000, 0x0000, 0x0000, 0x0000, 0x0000, 0x0000, 0x0000, 0x0000, 0x0000, 0x0000, 0x0000, 
	0x0000, 0x0000, 0x0000, 0x0000, 0x0000, 0x0000, 0x0000, 0xffff, 0xffff, 0x0000, 0x0000, 0x0000, 0x0000, 0x0000, 0x0000, 0x0000, 
	0x0000, 0x0000, 0x0000, 0x0000, 0x0000, 0x0000, 0x0000, 0x0000, 0x0000, 0x0000, 0x0000, 0x0000, 0x0000, 0x0000, 0x0000, 0x0000, 
	0x0000, 0x0000, 0x0000, 0x0000, 0x0000, 0x0000, 0x0000, 0x0000, 0x0000, 0x0000, 0x0000, 0x0000, 0x0000, 0x0000, 0x0000, 0x0000, 
	0x0000, 0x0000, 0x0000, 0x0000, 0x0000, 0x0000, 0x0000, 0x0000, 0x0000, 0x0000, 0x0000, 0x0000, 0x0000, 0xffff, 0xffff, 0xffff, 
	0xffff, 0xffff, 0xffff, 0xffff, 0xffff, 0xffff, 0xffff, 0xffff, 0xffff, 0xffff, 0xffff, 0xffff, 0xffff, 0xffff, 0xffff, 0xffff, 
	0xffff, 0xffff, 0xffff, 0xffff, 0xffff, 0xffff, 0xffff, 0xffff, 0xffff, 0xffff, 0xffff, 0xffff, 0xffff, 0xffff, 0xffff, 0xffff, 
	0xffff, 0xffff, 0xffff, 0xffff, 0xffff, 0xffff, 0xffff, 0xffff, 0xffff, 0xffff, 0xffff, 0xffff, 0xffff, 0xffff, 0xffff, 0xffff, 
	0xffff, 0xffff, 0xffff, 0xffff
};